protocol,ra_mode,window_setting,covariance_estimator,bank_seed,aggregation,subject,session_train,session_test,method,accuracy,balanced_accuracy,classifier_or_pooled_measure_fitting_time_seconds,inference_time_seconds,amortized_inference_seconds_per_trial,fold_id,n_train_trials,n_test_trials,transductive_calibration
loso,no_ra,W1,oas_trace_eps1e-6,,trial_tangent,1,all,all,B1,0.4583333333333333,0.4583333333333333,3.76115618692711,0.051046451088041,8.862231091673796e-05,0,4608,576,False
loso,no_ra,W1,oas_trace_eps1e-6,,airm_nearest_class_mean,1,all,all,B2,0.5746527777777778,0.5746527777777778,2.8265998989809304,0.1790579978842288,0.0003108645796601,0,4608,576,False
loso,no_ra,W1,oas_trace_eps1e-6,,mean_decision_score,1,all,all,B3,0.4618055555555556,0.4618055555555555,22.339806941105053,0.3573715789243579,0.0006204367689658,0,4608,576,False
loso,no_ra,W1,oas_trace_eps1e-6,,majority_vote_secondary,1,all,all,B3_majority,0.4635416666666667,0.4635416666666666,0.0,0.0,0.0,0,4608,576,False
loso,no_ra,W1,oas_trace_eps1e-6,,mean_window_log_svec,1,all,all,B4,0.5086805555555556,0.5086805555555555,0.0849483690690249,0.0012293660547584,2.1343160672889403e-06,0,4608,576,False
loso,no_ra,W1,oas_trace_eps1e-6,0.0,mean_std_projection_moments,1,all,all,B5,0.5260416666666666,0.5260416666666666,0.1253974169958382,0.0018054840620607,3.134520941077628e-06,0,4608,576,False
loso,no_ra,W1,oas_trace_eps1e-6,1.0,mean_std_projection_moments,1,all,all,B5,0.546875,0.546875,0.1612327939365059,0.0023978610988706,4.162953296650408e-06,0,4608,576,False
loso,no_ra,W1,oas_trace_eps1e-6,2.0,mean_std_projection_moments,1,all,all,B5,0.5052083333333334,0.5052083333333334,0.1658307989127934,0.0028105929959565,4.879501729091216e-06,0,4608,576,False
loso,no_ra,W1,oas_trace_eps1e-6,3.0,mean_std_projection_moments,1,all,all,B5,0.5173611111111112,0.5173611111111112,0.1928923979867249,0.0031593840103596,5.485041684652161e-06,0,4608,576,False
loso,no_ra,W1,oas_trace_eps1e-6,4.0,mean_std_projection_moments,1,all,all,B5,0.4965277777777778,0.4965277777777778,0.1565759798977524,0.0024265239480882,4.212715187653278e-06,0,4608,576,False
loso,no_ra,W1,oas_trace_eps1e-6,0.0,pooled_class_measure,1,all,all,P1,0.5243055555555556,0.5243055555555556,0.0725031159818172,10.804049730068073,0.0187570307813681,0,4608,576,False
loso,no_ra,W1,oas_trace_eps1e-6,1.0,pooled_class_measure,1,all,all,P1,0.5625,0.5625,0.0665022290777415,13.219927373807876,0.0229512628017497,0,4608,576,False
loso,no_ra,W1,oas_trace_eps1e-6,2.0,pooled_class_measure,1,all,all,P1,0.5520833333333334,0.5520833333333334,0.0811703170184046,13.658173084957523,0.0237121060502734,0,4608,576,False
loso,no_ra,W1,oas_trace_eps1e-6,3.0,pooled_class_measure,1,all,all,P1,0.5642361111111112,0.5642361111111112,0.067161425948143,10.936716079013422,0.0189873543038427,0,4608,576,False
loso,no_ra,W1,oas_trace_eps1e-6,4.0,pooled_class_measure,1,all,all,P1,0.5503472222222222,0.5503472222222222,0.0720863381866365,10.219541309867054,0.0177422592185191,0,4608,576,False
loso,no_ra,W1,oas_trace_eps1e-6,0.0,exact_sorted_order_statistics,1,all,all,P2,0.4878472222222222,0.4878472222222222,1.6223514128942045,0.0062285009771585,1.0813369752011366e-05,0,4608,576,False
loso,no_ra,W1,oas_trace_eps1e-6,1.0,exact_sorted_order_statistics,1,all,all,P2,0.4982638888888889,0.4982638888888888,1.9193132449872792,0.0072342660278081,1.255948963161144e-05,0,4608,576,False
loso,no_ra,W1,oas_trace_eps1e-6,2.0,exact_sorted_order_statistics,1,all,all,P2,0.4583333333333333,0.4583333333333333,1.9458567660767585,0.008076183963567,1.4021152714526072e-05,0,4608,576,False
loso,no_ra,W1,oas_trace_eps1e-6,3.0,exact_sorted_order_statistics,1,all,all,P2,0.4496527777777778,0.4496527777777777,1.982327793026343,0.0068046760279685,1.181367365966758e-05,0,4608,576,False
loso,no_ra,W1,oas_trace_eps1e-6,4.0,exact_sorted_order_statistics,1,all,all,P2,0.4600694444444444,0.4600694444444444,1.7912993428763002,0.0064557651057839,1.1207925530874894e-05,0,4608,576,False
loso,no_ra,W2,oas_trace_eps1e-6,,trial_tangent,1,all,all,B1,0.4583333333333333,0.4583333333333333,3.500345197040588,0.0482467978727072,8.376180186233897e-05,0,4608,576,False
loso,no_ra,W2,oas_trace_eps1e-6,,airm_nearest_class_mean,1,all,all,B2,0.5746527777777778,0.5746527777777778,2.748900830978528,0.1862260098569095,0.0003233090448904,0,4608,576,False
loso,no_ra,W2,oas_trace_eps1e-6,,mean_decision_score,1,all,all,B3,0.4461805555555556,0.4461805555555555,12.91001427685842,0.1945587338414043,0.0003377755795857,0,4608,576,False
loso,no_ra,W2,oas_trace_eps1e-6,,majority_vote_secondary,1,all,all,B3_majority,0.4270833333333333,0.4270833333333333,0.0,0.0,0.0,0,4608,576,False
loso,no_ra,W2,oas_trace_eps1e-6,,mean_window_log_svec,1,all,all,B4,0.4739583333333333,0.4739583333333333,0.0863905951846391,0.0012287800200283,2.1332986458825567e-06,0,4608,576,False
loso,no_ra,W2,oas_trace_eps1e-6,0.0,mean_std_projection_moments,1,all,all,B5,0.4930555555555556,0.4930555555555556,0.1528028701432049,0.0021766950376331,3.778984440335383e-06,0,4608,576,False
loso,no_ra,W2,oas_trace_eps1e-6,1.0,mean_std_projection_moments,1,all,all,B5,0.5295138888888888,0.5295138888888888,0.1630248711444437,0.0025840550661087,4.486206711994277e-06,0,4608,576,False
loso,no_ra,W2,oas_trace_eps1e-6,2.0,mean_std_projection_moments,1,all,all,B5,0.4947916666666667,0.4947916666666666,0.1861545590218156,0.0028760330751538,4.993112977697618e-06,0,4608,576,False
loso,no_ra,W2,oas_trace_eps1e-6,3.0,mean_std_projection_moments,1,all,all,B5,0.4965277777777778,0.4965277777777777,0.1886406510602682,0.0030187310185283,5.240852462722816e-06,0,4608,576,False
loso,no_ra,W2,oas_trace_eps1e-6,4.0,mean_std_projection_moments,1,all,all,B5,0.4722222222222222,0.4722222222222222,0.1711118440143764,0.0026347669772803,4.574248224445101e-06,0,4608,576,False
loso,no_ra,W2,oas_trace_eps1e-6,0.0,pooled_class_measure,1,all,all,P1,0.5173611111111112,0.517361111111111,0.037252529989928,6.575183792971075,0.0114152496405747,0,4608,576,False
loso,no_ra,W2,oas_trace_eps1e-6,1.0,pooled_class_measure,1,all,all,P1,0.5572916666666666,0.5572916666666666,0.0398940548766404,7.194582771975547,0.0124905950902353,0,4608,576,False
loso,no_ra,W2,oas_trace_eps1e-6,2.0,pooled_class_measure,1,all,all,P1,0.5607638888888888,0.560763888888889,0.03911121818237,7.377995712915435,0.0128090203349226,0,4608,576,False
loso,no_ra,W2,oas_trace_eps1e-6,3.0,pooled_class_measure,1,all,all,P1,0.5694444444444444,0.5694444444444445,0.0391051778569817,7.372656037099659,0.0127997500644091,0,4608,576,False
loso,no_ra,W2,oas_trace_eps1e-6,4.0,pooled_class_measure,1,all,all,P1,0.5520833333333334,0.5520833333333334,0.0409017992205917,7.443103027064353,0.0129220538664311,0,4608,576,False
loso,no_ra,W2,oas_trace_eps1e-6,0.0,exact_sorted_order_statistics,1,all,all,P2,0.4774305555555556,0.4774305555555556,0.4993437370285392,0.0037903650663793,6.580494906908522e-06,0,4608,576,False
loso,no_ra,W2,oas_trace_eps1e-6,1.0,exact_sorted_order_statistics,1,all,all,P2,0.4982638888888889,0.4982638888888889,0.5088953168597072,0.0046060138847678,7.996551883277587e-06,0,4608,576,False
loso,no_ra,W2,oas_trace_eps1e-6,2.0,exact_sorted_order_statistics,1,all,all,P2,0.4722222222222222,0.4722222222222222,0.5473828259855509,0.0042038150131702,7.29828995342056e-06,0,4608,576,False
loso,no_ra,W2,oas_trace_eps1e-6,3.0,exact_sorted_order_statistics,1,all,all,P2,0.4739583333333333,0.4739583333333333,0.5196318030357361,0.0039027989841997,6.775692680902365e-06,0,4608,576,False
loso,no_ra,W2,oas_trace_eps1e-6,4.0,exact_sorted_order_statistics,1,all,all,P2,0.4236111111111111,0.4236111111111111,0.5282674061600119,0.004577221116051,7.946564437588677e-06,0,4608,576,False
loso,no_ra,W2,oas_trace_eps1e-6,,ordered_nonoverlap,1,all,all,ordered_control,0.4652777777777778,0.4652777777777777,14.195250659016892,0.2076924629509449,0.0003605771926231,0,4608,576,False
loso,no_ra,W1,oas_trace_eps1e-6,,trial_tangent,2,all,all,B1,0.2916666666666667,0.2916666666666666,3.3385548510123044,0.0475197490304708,8.249956428901189e-05,0,4608,576,False
loso,no_ra,W1,oas_trace_eps1e-6,,airm_nearest_class_mean,2,all,all,B2,0.2517361111111111,0.2517361111111111,2.57277551619336,0.1712572278920561,0.0002973215762014,0,4608,576,False
loso,no_ra,W1,oas_trace_eps1e-6,,mean_decision_score,2,all,all,B3,0.2517361111111111,0.2517361111111111,22.785585029050708,0.3490271340124309,0.0006059498854382,0,4608,576,False
loso,no_ra,W1,oas_trace_eps1e-6,,majority_vote_secondary,2,all,all,B3_majority,0.2690972222222222,0.2690972222222222,0.0,0.0,0.0,0,4608,576,False
loso,no_ra,W1,oas_trace_eps1e-6,,mean_window_log_svec,2,all,all,B4,0.2777777777777778,0.2777777777777777,0.0900545390322804,0.0011548700276762,2.0049826869378903e-06,0,4608,576,False
loso,no_ra,W1,oas_trace_eps1e-6,0.0,mean_std_projection_moments,2,all,all,B5,0.3125,0.3125,0.1427049019839614,0.0020572228822857,3.5715675039682537e-06,0,4608,576,False
loso,no_ra,W1,oas_trace_eps1e-6,1.0,mean_std_projection_moments,2,all,all,B5,0.2638888888888889,0.2638888888888889,0.1655087659601122,0.0026220309082418,4.552136993475466e-06,0,4608,576,False
loso,no_ra,W1,oas_trace_eps1e-6,2.0,mean_std_projection_moments,2,all,all,B5,0.2638888888888889,0.2638888888888889,0.178121946984902,0.0027660159394145,4.8021110059279535e-06,0,4608,576,False
loso,no_ra,W1,oas_trace_eps1e-6,3.0,mean_std_projection_moments,2,all,all,B5,0.2725694444444444,0.2725694444444445,0.1615947370883077,0.0024817958474159,4.308673346208201e-06,0,4608,576,False
loso,no_ra,W1,oas_trace_eps1e-6,4.0,mean_std_projection_moments,2,all,all,B5,0.3038194444444444,0.3038194444444445,0.1473616829607635,0.002362587954849,4.101715199390634e-06,0,4608,576,False
loso,no_ra,W1,oas_trace_eps1e-6,0.0,pooled_class_measure,2,all,all,P1,0.265625,0.265625,0.0749953391496092,12.14737851708196,0.0210891988143784,0,4608,576,False
loso,no_ra,W1,oas_trace_eps1e-6,1.0,pooled_class_measure,2,all,all,P1,0.2638888888888889,0.2638888888888889,0.0779018588364124,13.0623970720917,0.0226777726946036,0,4608,576,False
loso,no_ra,W1,oas_trace_eps1e-6,2.0,pooled_class_measure,2,all,all,P1,0.2795138888888889,0.2795138888888889,0.0954040319193154,13.22676262119785,0.0229631295506907,0,4608,576,False
loso,no_ra,W1,oas_trace_eps1e-6,3.0,pooled_class_measure,2,all,all,P1,0.2708333333333333,0.2708333333333333,0.0661613349802792,10.36326718213968,0.0179917833023258,0,4608,576,False
loso,no_ra,W1,oas_trace_eps1e-6,4.0,pooled_class_measure,2,all,all,P1,0.2604166666666667,0.2604166666666666,0.0665570250712335,10.049833873985335,0.0174476282534467,0,4608,576,False
loso,no_ra,W1,oas_trace_eps1e-6,0.0,exact_sorted_order_statistics,2,all,all,P2,0.3003472222222222,0.3003472222222222,1.7135393519420177,0.0072230789810419,1.254006767541998e-05,0,4608,576,False
loso,no_ra,W1,oas_trace_eps1e-6,1.0,exact_sorted_order_statistics,2,all,all,P2,0.2881944444444444,0.2881944444444444,1.9073892349842936,0.0092094021383672,1.5988545379109888e-05,0,4608,576,False
loso,no_ra,W1,oas_trace_eps1e-6,2.0,exact_sorted_order_statistics,2,all,all,P2,0.2725694444444444,0.2725694444444444,1.991582300979644,0.0100626640487462,1.7469902862406645e-05,0,4608,576,False
loso,no_ra,W1,oas_trace_eps1e-6,3.0,exact_sorted_order_statistics,2,all,all,P2,0.2517361111111111,0.2517361111111111,1.768890944076702,0.0066408710554242,1.1529290026778148e-05,0,4608,576,False
loso,no_ra,W1,oas_trace_eps1e-6,4.0,exact_sorted_order_statistics,2,all,all,P2,0.3055555555555556,0.3055555555555556,1.7427921830676496,0.0065147520508617,1.1310333421634925e-05,0,4608,576,False
loso,no_ra,W2,oas_trace_eps1e-6,,trial_tangent,2,all,all,B1,0.2916666666666667,0.2916666666666666,3.410062967799604,0.0457103119697421,7.935818050302462e-05,0,4608,576,False
loso,no_ra,W2,oas_trace_eps1e-6,,airm_nearest_class_mean,2,all,all,B2,0.2517361111111111,0.2517361111111111,2.711276717018336,0.1819537291303277,0.0003158918908512,0,4608,576,False
loso,no_ra,W2,oas_trace_eps1e-6,,mean_decision_score,2,all,all,B3,0.2673611111111111,0.2673611111111111,13.242547597037628,0.2005548388697207,0.0003481854841488,0,4608,576,False
loso,no_ra,W2,oas_trace_eps1e-6,,majority_vote_secondary,2,all,all,B3_majority,0.2725694444444444,0.2725694444444444,0.0,0.0,0.0,0,4608,576,False
loso,no_ra,W2,oas_trace_eps1e-6,,mean_window_log_svec,2,all,all,B4,0.2934027777777778,0.2934027777777777,0.0842556220013648,0.0011472071055322,1.991679002660223e-06,0,4608,576,False
loso,no_ra,W2,oas_trace_eps1e-6,0.0,mean_std_projection_moments,2,all,all,B5,0.2795138888888889,0.2795138888888889,0.1606859159655869,0.0024186358787119,4.199020622763783e-06,0,4608,576,False
loso,no_ra,W2,oas_trace_eps1e-6,1.0,mean_std_projection_moments,2,all,all,B5,0.28125,0.28125,0.1777669379953295,0.0025748219341039,4.4701769689304965e-06,0,4608,576,False
loso,no_ra,W2,oas_trace_eps1e-6,2.0,mean_std_projection_moments,2,all,all,B5,0.2690972222222222,0.2690972222222222,0.1758002750575542,0.0029518620576709,5.1247605167898455e-06,0,4608,576,False
loso,no_ra,W2,oas_trace_eps1e-6,3.0,mean_std_projection_moments,2,all,all,B5,0.2916666666666667,0.2916666666666667,0.1856304320972412,0.00271065114066,4.705991563645916e-06,0,4608,576,False
loso,no_ra,W2,oas_trace_eps1e-6,4.0,mean_std_projection_moments,2,all,all,B5,0.2986111111111111,0.2986111111111111,0.175334386061877,0.0027122939936816,4.708843739030675e-06,0,4608,576,False
loso,no_ra,W2,oas_trace_eps1e-6,0.0,pooled_class_measure,2,all,all,P1,0.2586805555555556,0.2586805555555556,0.0430493899621069,7.103559084003791,0.0123325678541732,0,4608,576,False
loso,no_ra,W2,oas_trace_eps1e-6,1.0,pooled_class_measure,2,all,all,P1,0.2621527777777778,0.2621527777777778,0.0409770391415804,7.253019477939233,0.0125920477047556,0,4608,576,False
loso,no_ra,W2,oas_trace_eps1e-6,2.0,pooled_class_measure,2,all,all,P1,0.2760416666666667,0.2760416666666666,0.0469203579705208,7.26984612387605,0.0126212606317292,0,4608,576,False
loso,no_ra,W2,oas_trace_eps1e-6,3.0,pooled_class_measure,2,all,all,P1,0.2638888888888889,0.2638888888888889,0.0393070480786263,7.534004482906312,0.0130798688939345,0,4608,576,False
loso,no_ra,W2,oas_trace_eps1e-6,4.0,pooled_class_measure,2,all,all,P1,0.2621527777777778,0.2621527777777778,0.0487055859994143,6.900347627000883,0.0119797701857654,0,4608,576,False
loso,no_ra,W2,oas_trace_eps1e-6,0.0,exact_sorted_order_statistics,2,all,all,P2,0.2847222222222222,0.2847222222222222,0.5202557239681482,0.0052409479394555,9.098867950443591e-06,0,4608,576,False
loso,no_ra,W2,oas_trace_eps1e-6,1.0,exact_sorted_order_statistics,2,all,all,P2,0.2760416666666667,0.2760416666666666,0.5247407988645136,0.0052520940080285,9.11821876393838e-06,0,4608,576,False
loso,no_ra,W2,oas_trace_eps1e-6,2.0,exact_sorted_order_statistics,2,all,all,P2,0.2725694444444444,0.2725694444444445,0.5483186529017985,0.0042960550636053,7.458428929870327e-06,0,4608,576,False
loso,no_ra,W2,oas_trace_eps1e-6,3.0,exact_sorted_order_statistics,2,all,all,P2,0.2847222222222222,0.2847222222222222,0.5056981749366969,0.0041253839153796,7.162124853089659e-06,0,4608,576,False
loso,no_ra,W2,oas_trace_eps1e-6,4.0,exact_sorted_order_statistics,2,all,all,P2,0.28125,0.28125,0.5266994850244373,0.0049815420061349,8.648510427317686e-06,0,4608,576,False
loso,no_ra,W2,oas_trace_eps1e-6,,ordered_nonoverlap,2,all,all,ordered_control,0.3177083333333333,0.3177083333333333,14.168775236001238,0.2170963380485773,0.0003769033646676,0,4608,576,False
loso,no_ra,W1,oas_trace_eps1e-6,,trial_tangent,3,all,all,B1,0.3958333333333333,0.3958333333333333,3.742400183109567,0.0487694561015814,8.466919462080114e-05,0,4608,576,False
loso,no_ra,W1,oas_trace_eps1e-6,,airm_nearest_class_mean,3,all,all,B2,0.4895833333333333,0.4895833333333333,3.013564592925832,0.1982583750505,0.000344198567796,0,4608,576,False
loso,no_ra,W1,oas_trace_eps1e-6,,mean_decision_score,3,all,all,B3,0.4809027777777778,0.4809027777777778,25.18611822091043,0.4072334060911089,0.0007070024411303,0,4608,576,False
loso,no_ra,W1,oas_trace_eps1e-6,,majority_vote_secondary,3,all,all,B3_majority,0.4930555555555556,0.4930555555555555,0.0,0.0,0.0,0,4608,576,False
loso,no_ra,W1,oas_trace_eps1e-6,,mean_window_log_svec,3,all,all,B4,0.3246527777777778,0.3246527777777778,0.0808031600899994,0.0011227130889892,1.949154668384128e-06,0,4608,576,False
loso,no_ra,W1,oas_trace_eps1e-6,0.0,mean_std_projection_moments,3,all,all,B5,0.3559027777777778,0.3559027777777778,0.1438630779739469,0.0019149729050695,3.3246057379680374e-06,0,4608,576,False
loso,no_ra,W1,oas_trace_eps1e-6,1.0,mean_std_projection_moments,3,all,all,B5,0.4913194444444444,0.4913194444444445,0.1373879390303045,0.0021634281147271,3.7559515880679514e-06,0,4608,576,False
loso,no_ra,W1,oas_trace_eps1e-6,2.0,mean_std_projection_moments,3,all,all,B5,0.3975694444444444,0.3975694444444444,0.1552341619972139,0.0023544498253613,4.087586502363492e-06,0,4608,576,False
loso,no_ra,W1,oas_trace_eps1e-6,3.0,mean_std_projection_moments,3,all,all,B5,0.4131944444444444,0.4131944444444444,0.1668473961763084,0.0023574489168822,4.092793258476175e-06,0,4608,576,False
loso,no_ra,W1,oas_trace_eps1e-6,4.0,mean_std_projection_moments,3,all,all,B5,0.4479166666666667,0.4479166666666667,0.153059362899512,0.0024384569842368,4.233432264300063e-06,0,4608,576,False
loso,no_ra,W1,oas_trace_eps1e-6,0.0,pooled_class_measure,3,all,all,P1,0.4131944444444444,0.4131944444444444,0.0635829519014805,9.08540358999744,0.0157732701215233,0,4608,576,False
loso,no_ra,W1,oas_trace_eps1e-6,1.0,pooled_class_measure,3,all,all,P1,0.3975694444444444,0.3975694444444445,0.0657959869131445,10.497811366105452,0.0182253669550441,0,4608,576,False
loso,no_ra,W1,oas_trace_eps1e-6,2.0,pooled_class_measure,3,all,all,P1,0.4184027777777778,0.4184027777777778,0.0698117609135806,12.641581624979151,0.0219471903211443,0,4608,576,False
loso,no_ra,W1,oas_trace_eps1e-6,3.0,pooled_class_measure,3,all,all,P1,0.4375,0.4375,0.0839947750791907,12.25681744609028,0.0212791969550178,0,4608,576,False
loso,no_ra,W1,oas_trace_eps1e-6,4.0,pooled_class_measure,3,all,all,P1,0.4201388888888889,0.4201388888888889,0.0808793609030544,11.76819606195204,0.0204308959408889,0,4608,576,False
loso,no_ra,W1,oas_trace_eps1e-6,0.0,exact_sorted_order_statistics,3,all,all,P2,0.3559027777777778,0.3559027777777778,1.6750118690542877,0.0059195898938924,1.0277065788007652e-05,0,4608,576,False
loso,no_ra,W1,oas_trace_eps1e-6,1.0,exact_sorted_order_statistics,3,all,all,P2,0.4670138888888889,0.4670138888888888,1.7533591201063246,0.0060036377981305,1.0422982288421028e-05,0,4608,576,False
loso,no_ra,W1,oas_trace_eps1e-6,2.0,exact_sorted_order_statistics,3,all,all,P2,0.4114583333333333,0.4114583333333333,1.8957508499734104,0.006972495932132,1.2105027659951398e-05,0,4608,576,False
loso,no_ra,W1,oas_trace_eps1e-6,3.0,exact_sorted_order_statistics,3,all,all,P2,0.3923611111111111,0.3923611111111111,2.0233323860447854,0.0100607380736619,1.746655915566306e-05,0,4608,576,False
loso,no_ra,W1,oas_trace_eps1e-6,4.0,exact_sorted_order_statistics,3,all,all,P2,0.3940972222222222,0.3940972222222222,1.7885215159039944,0.007968588033691,1.3834354225158073e-05,0,4608,576,False
loso,no_ra,W2,oas_trace_eps1e-6,,trial_tangent,3,all,all,B1,0.3958333333333333,0.3958333333333333,3.735460418043658,0.0543225239962339,9.430993749346172e-05,0,4608,576,False
loso,no_ra,W2,oas_trace_eps1e-6,,airm_nearest_class_mean,3,all,all,B2,0.4895833333333333,0.4895833333333333,2.983814125182107,0.1968488320708274,0.0003417514445674,0,4608,576,False
loso,no_ra,W2,oas_trace_eps1e-6,,mean_decision_score,3,all,all,B3,0.5034722222222222,0.5034722222222222,14.624391274992377,0.236129469005391,0.000409946994801,0,4608,576,False
loso,no_ra,W2,oas_trace_eps1e-6,,majority_vote_secondary,3,all,all,B3_majority,0.5260416666666666,0.5260416666666667,0.0,0.0,0.0,0,4608,576,False
loso,no_ra,W2,oas_trace_eps1e-6,,mean_window_log_svec,3,all,all,B4,0.3368055555555556,0.3368055555555556,0.0945983708370477,0.0014141818974167,2.455176905237345e-06,0,4608,576,False
loso,no_ra,W2,oas_trace_eps1e-6,0.0,mean_std_projection_moments,3,all,all,B5,0.3559027777777778,0.3559027777777778,0.1501141090411692,0.0023092799820005,4.00916663541769e-06,0,4608,576,False
loso,no_ra,W2,oas_trace_eps1e-6,1.0,mean_std_projection_moments,3,all,all,B5,0.4670138888888889,0.4670138888888889,0.1554033381398767,0.0023848770651966,4.140411571521933e-06,0,4608,576,False
loso,no_ra,W2,oas_trace_eps1e-6,2.0,mean_std_projection_moments,3,all,all,B5,0.3732638888888889,0.3732638888888889,0.1470535569824278,0.0021494650281965,3.731710118396829e-06,0,4608,576,False
loso,no_ra,W2,oas_trace_eps1e-6,3.0,mean_std_projection_moments,3,all,all,B5,0.4166666666666667,0.4166666666666667,0.1577373510226607,0.0026286779902875,4.563677066471428e-06,0,4608,576,False
loso,no_ra,W2,oas_trace_eps1e-6,4.0,mean_std_projection_moments,3,all,all,B5,0.4583333333333333,0.4583333333333333,0.1766471599694341,0.0027436348609626,4.763254966949009e-06,0,4608,576,False
loso,no_ra,W2,oas_trace_eps1e-6,0.0,pooled_class_measure,3,all,all,P1,0.3975694444444444,0.3975694444444444,0.0410524229519069,5.329959705006331,0.0092534022656359,0,4608,576,False
loso,no_ra,W2,oas_trace_eps1e-6,1.0,pooled_class_measure,3,all,all,P1,0.390625,0.390625,0.0440809158608317,5.5913155388552696,0.0097071450327348,0,4608,576,False
loso,no_ra,W2,oas_trace_eps1e-6,2.0,pooled_class_measure,3,all,all,P1,0.4079861111111111,0.4079861111111111,0.0375659149140119,5.679917192086577,0.0098609673473725,0,4608,576,False
loso,no_ra,W2,oas_trace_eps1e-6,3.0,pooled_class_measure,3,all,all,P1,0.4270833333333333,0.4270833333333333,0.0388154289685189,6.5182250298094,0.0113163628989746,0,4608,576,False
loso,no_ra,W2,oas_trace_eps1e-6,4.0,pooled_class_measure,3,all,all,P1,0.4184027777777778,0.4184027777777778,0.0448380929883569,7.247383036883548,0.0125822622168117,0,4608,576,False
loso,no_ra,W2,oas_trace_eps1e-6,0.0,exact_sorted_order_statistics,3,all,all,P2,0.3402777777777778,0.3402777777777778,0.5019353290554136,0.0045991269871592,7.984595463818146e-06,0,4608,576,False
loso,no_ra,W2,oas_trace_eps1e-6,1.0,exact_sorted_order_statistics,3,all,all,P2,0.4322916666666667,0.4322916666666666,0.4779067661147564,0.0039250929839909,6.814397541650881e-06,0,4608,576,False
loso,no_ra,W2,oas_trace_eps1e-6,2.0,exact_sorted_order_statistics,3,all,all,P2,0.3802083333333333,0.3802083333333333,0.4650467771571129,0.0037523850332945,6.51455734946972e-06,0,4608,576,False
loso,no_ra,W2,oas_trace_eps1e-6,3.0,exact_sorted_order_statistics,3,all,all,P2,0.3663194444444444,0.3663194444444444,0.5029995390214026,0.0043749778997153,7.595447742561292e-06,0,4608,576,False
loso,no_ra,W2,oas_trace_eps1e-6,4.0,exact_sorted_order_statistics,3,all,all,P2,0.4461805555555556,0.4461805555555556,0.5340127919334918,0.0053168609738349,9.230661412907972e-06,0,4608,576,False
loso,no_ra,W2,oas_trace_eps1e-6,,ordered_nonoverlap,3,all,all,ordered_control,0.4236111111111111,0.423611111111111,15.264407626120374,0.2296966430731117,0.0003987788942241,0,4608,576,False
loso,no_ra,W1,oas_trace_eps1e-6,,trial_tangent,4,all,all,B1,0.3420138888888889,0.3420138888888889,3.658011459978298,0.0464006850961595,8.055674495861038e-05,0,4608,576,False
loso,no_ra,W1,oas_trace_eps1e-6,,airm_nearest_class_mean,4,all,all,B2,0.3472222222222222,0.3472222222222222,2.839286037022248,0.2204367809463292,0.0003827027446984,0,4608,576,False
loso,no_ra,W1,oas_trace_eps1e-6,,mean_decision_score,4,all,all,B3,0.3645833333333333,0.3645833333333333,23.977008039830253,0.3917854488827288,0.0006801830709769,0,4608,576,False
loso,no_ra,W1,oas_trace_eps1e-6,,majority_vote_secondary,4,all,all,B3_majority,0.3732638888888889,0.3732638888888889,0.0,0.0,0.0,0,4608,576,False
loso,no_ra,W1,oas_trace_eps1e-6,,mean_window_log_svec,4,all,all,B4,0.3524305555555556,0.3524305555555555,0.0935106759425252,0.0015050750225782,2.612977469753888e-06,0,4608,576,False
loso,no_ra,W1,oas_trace_eps1e-6,0.0,mean_std_projection_moments,4,all,all,B5,0.3697916666666667,0.3697916666666667,0.1483183610253036,0.0024087619967758,4.181878466624767e-06,0,4608,576,False
loso,no_ra,W1,oas_trace_eps1e-6,1.0,mean_std_projection_moments,4,all,all,B5,0.3871527777777778,0.3871527777777777,0.1792374120559543,0.0028026630170643,4.865734404625578e-06,0,4608,576,False
loso,no_ra,W1,oas_trace_eps1e-6,2.0,mean_std_projection_moments,4,all,all,B5,0.3472222222222222,0.3472222222222222,0.1649532460141927,0.002698034979403,4.684088505908019e-06,0,4608,576,False
loso,no_ra,W1,oas_trace_eps1e-6,3.0,mean_std_projection_moments,4,all,all,B5,0.375,0.375,0.1602150651160627,0.0024795150384306,4.304713608386616e-06,0,4608,576,False
loso,no_ra,W1,oas_trace_eps1e-6,4.0,mean_std_projection_moments,4,all,all,B5,0.3715277777777778,0.3715277777777777,0.1467531330417841,0.0021718209609389,3.770522501630088e-06,0,4608,576,False
loso,no_ra,W1,oas_trace_eps1e-6,0.0,pooled_class_measure,4,all,all,P1,0.3194444444444444,0.3194444444444444,0.0777560158167034,12.62195341102779,0.0219131135608121,0,4608,576,False
loso,no_ra,W1,oas_trace_eps1e-6,1.0,pooled_class_measure,4,all,all,P1,0.3315972222222222,0.3315972222222222,0.069746766006574,12.242840996943414,0.02125493228636,0,4608,576,False
loso,no_ra,W1,oas_trace_eps1e-6,2.0,pooled_class_measure,4,all,all,P1,0.375,0.375,0.0696329169441014,11.681567715015262,0.0202804995052348,0,4608,576,False
loso,no_ra,W1,oas_trace_eps1e-6,3.0,pooled_class_measure,4,all,all,P1,0.3177083333333333,0.3177083333333333,0.0683336320798844,9.218577056890354,0.0160044740571013,0,4608,576,False
loso,no_ra,W1,oas_trace_eps1e-6,4.0,pooled_class_measure,4,all,all,P1,0.2760416666666667,0.2760416666666667,0.0629053111188113,9.800869656028226,0.0170153987083823,0,4608,576,False
loso,no_ra,W1,oas_trace_eps1e-6,0.0,exact_sorted_order_statistics,4,all,all,P2,0.3576388888888889,0.3576388888888889,1.7401931339409202,0.0070708850398659,1.2275842083100644e-05,0,4608,576,False
loso,no_ra,W1,oas_trace_eps1e-6,1.0,exact_sorted_order_statistics,4,all,all,P2,0.3541666666666667,0.3541666666666667,1.9393015829846263,0.0083759368862956,1.4541557094263328e-05,0,4608,576,False
loso,no_ra,W1,oas_trace_eps1e-6,2.0,exact_sorted_order_statistics,4,all,all,P2,0.3802083333333333,0.3802083333333333,1.764906032010913,0.0067371549084782,1.1696449493885868e-05,0,4608,576,False
loso,no_ra,W1,oas_trace_eps1e-6,3.0,exact_sorted_order_statistics,4,all,all,P2,0.3680555555555556,0.3680555555555556,1.8287874949164689,0.0060768648982048,1.055011267049445e-05,0,4608,576,False
loso,no_ra,W1,oas_trace_eps1e-6,4.0,exact_sorted_order_statistics,4,all,all,P2,0.3802083333333333,0.3802083333333333,1.6993912081234157,0.006516451947391,1.131328463088721e-05,0,4608,576,False
loso,no_ra,W2,oas_trace_eps1e-6,,trial_tangent,4,all,all,B1,0.3420138888888889,0.3420138888888889,3.613130969926715,0.0639123490545898,0.0001109589393308,0,4608,576,False
loso,no_ra,W2,oas_trace_eps1e-6,,airm_nearest_class_mean,4,all,all,B2,0.3472222222222222,0.3472222222222222,2.788960447069257,0.1973645829129964,0.000342646845335,0,4608,576,False
loso,no_ra,W2,oas_trace_eps1e-6,,mean_decision_score,4,all,all,B3,0.3541666666666667,0.3541666666666666,13.469489136943594,0.2187935949768871,0.0003798499912793,0,4608,576,False
loso,no_ra,W2,oas_trace_eps1e-6,,majority_vote_secondary,4,all,all,B3_majority,0.3645833333333333,0.3645833333333333,0.0,0.0,0.0,0,4608,576,False
loso,no_ra,W2,oas_trace_eps1e-6,,mean_window_log_svec,4,all,all,B4,0.3611111111111111,0.3611111111111111,0.1065075998194515,0.001457568956539,2.5305016606580466e-06,0,4608,576,False
loso,no_ra,W2,oas_trace_eps1e-6,0.0,mean_std_projection_moments,4,all,all,B5,0.359375,0.359375,0.1717932990286499,0.0024550959933549,4.2623194329078415e-06,0,4608,576,False
loso,no_ra,W2,oas_trace_eps1e-6,1.0,mean_std_projection_moments,4,all,all,B5,0.3420138888888889,0.3420138888888889,0.164350866805762,0.0025076300371438,4.353524370041366e-06,0,4608,576,False
loso,no_ra,W2,oas_trace_eps1e-6,2.0,mean_std_projection_moments,4,all,all,B5,0.3559027777777778,0.3559027777777777,0.1702804020605981,0.0027133028488606,4.7105952237163565e-06,0,4608,576,False
loso,no_ra,W2,oas_trace_eps1e-6,3.0,mean_std_projection_moments,4,all,all,B5,0.3680555555555556,0.3680555555555555,0.1467469627968967,0.0023696180433034,4.113920214068558e-06,0,4608,576,False
loso,no_ra,W2,oas_trace_eps1e-6,4.0,mean_std_projection_moments,4,all,all,B5,0.3715277777777778,0.3715277777777778,0.1635492020286619,0.0028112498112022,4.880642033337305e-06,0,4608,576,False
loso,no_ra,W2,oas_trace_eps1e-6,0.0,pooled_class_measure,4,all,all,P1,0.3142361111111111,0.3142361111111111,0.0434314541053026,7.239072100026533,0.0125678335069905,0,4608,576,False
loso,no_ra,W2,oas_trace_eps1e-6,1.0,pooled_class_measure,4,all,all,P1,0.3315972222222222,0.3315972222222222,0.0412260959856212,6.907626155065373,0.0119924065192107,0,4608,576,False
loso,no_ra,W2,oas_trace_eps1e-6,2.0,pooled_class_measure,4,all,all,P1,0.3680555555555556,0.3680555555555555,0.0445319809950888,6.481032618088648,0.0112517927397372,0,4608,576,False
loso,no_ra,W2,oas_trace_eps1e-6,3.0,pooled_class_measure,4,all,all,P1,0.3107638888888889,0.3107638888888888,0.0444250588770955,6.24893685686402,0.0108488487098333,0,4608,576,False
loso,no_ra,W2,oas_trace_eps1e-6,4.0,pooled_class_measure,4,all,all,P1,0.2708333333333333,0.2708333333333333,0.0416911710053682,6.534100039862096,0.0113439236803161,0,4608,576,False
loso,no_ra,W2,oas_trace_eps1e-6,0.0,exact_sorted_order_statistics,4,all,all,P2,0.359375,0.359375,0.5178623269312084,0.0046858740970492,8.135198085154923e-06,0,4608,576,False
loso,no_ra,W2,oas_trace_eps1e-6,1.0,exact_sorted_order_statistics,4,all,all,P2,0.3836805555555556,0.3836805555555555,0.5155834881588817,0.0048139540012925,8.357559030021852e-06,0,4608,576,False
loso,no_ra,W2,oas_trace_eps1e-6,2.0,exact_sorted_order_statistics,4,all,all,P2,0.3836805555555556,0.3836805555555556,0.5046761529520154,0.0043322329875081,7.5212378255350305e-06,0,4608,576,False
loso,no_ra,W2,oas_trace_eps1e-6,3.0,exact_sorted_order_statistics,4,all,all,P2,0.3472222222222222,0.3472222222222222,0.4805749231018126,0.0040475518908351,7.026999810477719e-06,0,4608,576,False
loso,no_ra,W2,oas_trace_eps1e-6,4.0,exact_sorted_order_statistics,4,all,all,P2,0.3576388888888889,0.3576388888888889,0.5089687809813768,0.0045935560483485,7.97492369504956e-06,0,4608,576,False
loso,no_ra,W2,oas_trace_eps1e-6,,ordered_nonoverlap,4,all,all,ordered_control,0.3732638888888889,0.3732638888888888,15.581789223011585,0.2454678809735924,0.0004261595155791,0,4608,576,False
loso,no_ra,W1,oas_trace_eps1e-6,,trial_tangent,5,all,all,B1,0.2569444444444444,0.2569444444444445,3.685588730033487,0.0518256309442222,8.9975053722608e-05,0,4608,576,False
loso,no_ra,W1,oas_trace_eps1e-6,,airm_nearest_class_mean,5,all,all,B2,0.25,0.25,2.997249161126092,0.1997173139825463,0.0003467314478863,0,4608,576,False
loso,no_ra,W1,oas_trace_eps1e-6,,mean_decision_score,5,all,all,B3,0.2569444444444444,0.2569444444444445,25.17563109495677,0.3847488861065358,0.0006679668161571,0,4608,576,False
loso,no_ra,W1,oas_trace_eps1e-6,,majority_vote_secondary,5,all,all,B3_majority,0.2673611111111111,0.2673611111111111,0.0,0.0,0.0,0,4608,576,False
loso,no_ra,W1,oas_trace_eps1e-6,,mean_window_log_svec,5,all,all,B4,0.2569444444444444,0.2569444444444445,0.0902910639997571,0.0011849980801343,2.0572883335666525e-06,0,4608,576,False
loso,no_ra,W1,oas_trace_eps1e-6,0.0,mean_std_projection_moments,5,all,all,B5,0.2586805555555556,0.2586805555555556,0.1340056059416383,0.0021840559784322,3.791763851444961e-06,0,4608,576,False
loso,no_ra,W1,oas_trace_eps1e-6,1.0,mean_std_projection_moments,5,all,all,B5,0.25,0.25,0.1396996460389346,0.0024273451417684,4.214140871125791e-06,0,4608,576,False
loso,no_ra,W1,oas_trace_eps1e-6,2.0,mean_std_projection_moments,5,all,all,B5,0.2552083333333333,0.2552083333333333,0.1353645049966871,0.0020216170232743,3.5097517765178863e-06,0,4608,576,False
loso,no_ra,W1,oas_trace_eps1e-6,3.0,mean_std_projection_moments,5,all,all,B5,0.2569444444444444,0.2569444444444444,0.1685672542080283,0.0026942759286612,4.677562376147964e-06,0,4608,576,False
loso,no_ra,W1,oas_trace_eps1e-6,4.0,mean_std_projection_moments,5,all,all,B5,0.2534722222222222,0.2534722222222222,0.1604643939062953,0.0024420218542218,4.239621274690661e-06,0,4608,576,False
loso,no_ra,W1,oas_trace_eps1e-6,0.0,pooled_class_measure,5,all,all,P1,0.25,0.25,0.0652683430816978,9.429251310881227,0.0163702279702799,0,4608,576,False
loso,no_ra,W1,oas_trace_eps1e-6,1.0,pooled_class_measure,5,all,all,P1,0.25,0.25,0.0717723320703953,9.440606861142442,0.0163899424672611,0,4608,576,False
loso,no_ra,W1,oas_trace_eps1e-6,2.0,pooled_class_measure,5,all,all,P1,0.25,0.25,0.0627030958421528,10.501404237002134,0.0182316045781287,0,4608,576,False
loso,no_ra,W1,oas_trace_eps1e-6,3.0,pooled_class_measure,5,all,all,P1,0.2517361111111111,0.2517361111111111,0.0821414820384234,11.224640582920983,0.0194872232342378,0,4608,576,False
loso,no_ra,W1,oas_trace_eps1e-6,4.0,pooled_class_measure,5,all,all,P1,0.2517361111111111,0.2517361111111111,0.0734401091467589,12.134935850976037,0.0210675969635,0,4608,576,False
loso,no_ra,W1,oas_trace_eps1e-6,0.0,exact_sorted_order_statistics,5,all,all,P2,0.2743055555555556,0.2743055555555556,1.7255764880683273,0.0060448651202023,1.049455750035122e-05,0,4608,576,False
loso,no_ra,W1,oas_trace_eps1e-6,1.0,exact_sorted_order_statistics,5,all,all,P2,0.2534722222222222,0.2534722222222222,1.6769943439867347,0.0065594669431447,1.138796344295972e-05,0,4608,576,False
loso,no_ra,W1,oas_trace_eps1e-6,2.0,exact_sorted_order_statistics,5,all,all,P2,0.2586805555555556,0.2586805555555556,1.6708970319014045,0.0059165980201214,1.027187156271086e-05,0,4608,576,False
loso,no_ra,W1,oas_trace_eps1e-6,3.0,exact_sorted_order_statistics,5,all,all,P2,0.2673611111111111,0.2673611111111111,1.8793907219078392,0.0089012549724429,1.545356766049129e-05,0,4608,576,False
loso,no_ra,W1,oas_trace_eps1e-6,4.0,exact_sorted_order_statistics,5,all,all,P2,0.2482638888888889,0.2482638888888889,1.823259366909042,0.0078447370324283,1.3619335125743722e-05,0,4608,576,False
loso,no_ra,W2,oas_trace_eps1e-6,,trial_tangent,5,all,all,B1,0.2569444444444444,0.2569444444444445,3.900027772877365,0.0512803529854863,8.902839059980276e-05,0,4608,576,False
loso,no_ra,W2,oas_trace_eps1e-6,,airm_nearest_class_mean,5,all,all,B2,0.25,0.25,3.0788914719596505,0.2190060159191489,0.0003802187776374,0,4608,576,False
loso,no_ra,W2,oas_trace_eps1e-6,,mean_decision_score,5,all,all,B3,0.2604166666666667,0.2604166666666667,14.85304355318658,0.2249997390899807,0.0003906245470312,0,4608,576,False
loso,no_ra,W2,oas_trace_eps1e-6,,majority_vote_secondary,5,all,all,B3_majority,0.2552083333333333,0.2552083333333333,0.0,0.0,0.0,0,4608,576,False
loso,no_ra,W2,oas_trace_eps1e-6,,mean_window_log_svec,5,all,all,B4,0.2569444444444444,0.2569444444444444,0.1011591311544179,0.0014826841652393,2.574104453540511e-06,0,4608,576,False
loso,no_ra,W2,oas_trace_eps1e-6,0.0,mean_std_projection_moments,5,all,all,B5,0.2534722222222222,0.2534722222222222,0.1457839240320027,0.0022336859256029,3.877926954171724e-06,0,4608,576,False
loso,no_ra,W2,oas_trace_eps1e-6,1.0,mean_std_projection_moments,5,all,all,B5,0.2482638888888889,0.2482638888888888,0.1349343550391495,0.0020168200135231,3.5014236345887184e-06,0,4608,576,False
loso,no_ra,W2,oas_trace_eps1e-6,2.0,mean_std_projection_moments,5,all,all,B5,0.2534722222222222,0.2534722222222222,0.1308475290425121,0.0019997979979962,3.471871524298977e-06,0,4608,576,False
loso,no_ra,W2,oas_trace_eps1e-6,3.0,mean_std_projection_moments,5,all,all,B5,0.2552083333333333,0.2552083333333333,0.1345447169151157,0.0023858570493757,4.142112932944049e-06,0,4608,576,False
loso,no_ra,W2,oas_trace_eps1e-6,4.0,mean_std_projection_moments,5,all,all,B5,0.2621527777777778,0.2621527777777778,0.1672539738938212,0.0023648040369153,4.105562564089067e-06,0,4608,576,False
loso,no_ra,W2,oas_trace_eps1e-6,0.0,pooled_class_measure,5,all,all,P1,0.25,0.25,0.0370606898795813,5.519830286968499,0.0095830386926536,0,4608,576,False
loso,no_ra,W2,oas_trace_eps1e-6,1.0,pooled_class_measure,5,all,all,P1,0.25,0.25,0.0367998960427939,5.017863828921691,0.0087115691474334,0,4608,576,False
loso,no_ra,W2,oas_trace_eps1e-6,2.0,pooled_class_measure,5,all,all,P1,0.25,0.25,0.0350093978922814,4.9069353439845145,0.0085189849721953,0,4608,576,False
loso,no_ra,W2,oas_trace_eps1e-6,3.0,pooled_class_measure,5,all,all,P1,0.2534722222222222,0.2534722222222222,0.0377476480789482,6.018197952071205,0.0104482603334569,0,4608,576,False
loso,no_ra,W2,oas_trace_eps1e-6,4.0,pooled_class_measure,5,all,all,P1,0.2517361111111111,0.2517361111111111,0.0373162091709673,6.098616725066677,0.0105878762587963,0,4608,576,False
loso,no_ra,W2,oas_trace_eps1e-6,0.0,exact_sorted_order_statistics,5,all,all,P2,0.2604166666666667,0.2604166666666667,0.4760203899350017,0.0038096960633993,6.6140556656238105e-06,0,4608,576,False
loso,no_ra,W2,oas_trace_eps1e-6,1.0,exact_sorted_order_statistics,5,all,all,P2,0.2534722222222222,0.2534722222222222,0.4472713549621403,0.0036833838094025,6.394763557990599e-06,0,4608,576,False
loso,no_ra,W2,oas_trace_eps1e-6,2.0,exact_sorted_order_statistics,5,all,all,P2,0.2690972222222222,0.2690972222222222,0.433282382087782,0.0033410808537155,5.800487593256144e-06,0,4608,576,False
loso,no_ra,W2,oas_trace_eps1e-6,3.0,exact_sorted_order_statistics,5,all,all,P2,0.2569444444444444,0.2569444444444444,0.4565596771426499,0.0043205011170357,7.500869994853727e-06,0,4608,576,False
loso,no_ra,W2,oas_trace_eps1e-6,4.0,exact_sorted_order_statistics,5,all,all,P2,0.2586805555555556,0.2586805555555556,0.4865600678604096,0.0038791140541434,6.734573010665675e-06,0,4608,576,False
loso,no_ra,W2,oas_trace_eps1e-6,,ordered_nonoverlap,5,all,all,ordered_control,0.2621527777777778,0.2621527777777778,15.25666666496545,0.2018381010275334,0.0003504133698394,0,4608,576,False
loso,no_ra,W1,oas_trace_eps1e-6,,trial_tangent,6,all,all,B1,0.2708333333333333,0.2708333333333333,3.58313707401976,0.0481127928942441,8.352915433028506e-05,0,4608,576,False
loso,no_ra,W1,oas_trace_eps1e-6,,airm_nearest_class_mean,6,all,all,B2,0.2274305555555555,0.2274305555555555,2.9446851059328765,0.1962099180091172,0.0003406422187658,0,4608,576,False
loso,no_ra,W1,oas_trace_eps1e-6,,mean_decision_score,6,all,all,B3,0.3055555555555556,0.3055555555555556,25.145111243939027,0.4022238298784941,0.0006983052602057,0,4608,576,False
loso,no_ra,W1,oas_trace_eps1e-6,,majority_vote_secondary,6,all,all,B3_majority,0.3125,0.3125,0.0,0.0,0.0,0,4608,576,False
loso,no_ra,W1,oas_trace_eps1e-6,,mean_window_log_svec,6,all,all,B4,0.2951388888888889,0.2951388888888889,0.1083116079680621,0.0017656909767538,3.0654357235309563e-06,0,4608,576,False
loso,no_ra,W1,oas_trace_eps1e-6,0.0,mean_std_projection_moments,6,all,all,B5,0.28125,0.28125,0.1805301520507782,0.0024881619028747,4.319725525824146e-06,0,4608,576,False
loso,no_ra,W1,oas_trace_eps1e-6,1.0,mean_std_projection_moments,6,all,all,B5,0.2881944444444444,0.2881944444444444,0.1531058179680258,0.0020565169397741,3.5703419093301317e-06,0,4608,576,False
loso,no_ra,W1,oas_trace_eps1e-6,2.0,mean_std_projection_moments,6,all,all,B5,0.2777777777777778,0.2777777777777778,0.1552273370325565,0.002370944013819,4.116222246213712e-06,0,4608,576,False
loso,no_ra,W1,oas_trace_eps1e-6,3.0,mean_std_projection_moments,6,all,all,B5,0.2934027777777778,0.2934027777777778,0.1483082501217723,0.0020720420870929,3.5972952900920063e-06,0,4608,576,False
loso,no_ra,W1,oas_trace_eps1e-6,4.0,mean_std_projection_moments,6,all,all,B5,0.2829861111111111,0.2829861111111111,0.1541546981316059,0.0025605789851397,4.445449626978694e-06,0,4608,576,False
loso,no_ra,W1,oas_trace_eps1e-6,0.0,pooled_class_measure,6,all,all,P1,0.2326388888888889,0.2326388888888889,0.0762616000138223,11.62600310286507,0.0201840331646963,0,4608,576,False
loso,no_ra,W1,oas_trace_eps1e-6,1.0,pooled_class_measure,6,all,all,P1,0.2239583333333333,0.2239583333333333,0.0652802709955722,11.38982044486329,0.0197739938278876,0,4608,576,False
loso,no_ra,W1,oas_trace_eps1e-6,2.0,pooled_class_measure,6,all,all,P1,0.2430555555555555,0.2430555555555555,0.0948736099526286,11.639989239862189,0.0202083146525385,0,4608,576,False
loso,no_ra,W1,oas_trace_eps1e-6,3.0,pooled_class_measure,6,all,all,P1,0.21875,0.21875,0.0799916700925678,10.85053314291872,0.0188377311509005,0,4608,576,False
loso,no_ra,W1,oas_trace_eps1e-6,4.0,pooled_class_measure,6,all,all,P1,0.2361111111111111,0.2361111111111111,0.0720570490229874,10.37874890700914,0.0180186612968908,0,4608,576,False
loso,no_ra,W1,oas_trace_eps1e-6,0.0,exact_sorted_order_statistics,6,all,all,P2,0.2621527777777778,0.2621527777777778,1.816015836084261,0.0078004959505051,1.3542527691849196e-05,0,4608,576,False
loso,no_ra,W1,oas_trace_eps1e-6,1.0,exact_sorted_order_statistics,6,all,all,P2,0.265625,0.265625,1.824938885867596,0.0062555680051445,1.0860361120042702e-05,0,4608,576,False
loso,no_ra,W1,oas_trace_eps1e-6,2.0,exact_sorted_order_statistics,6,all,all,P2,0.3020833333333333,0.3020833333333333,1.8220681550446896,0.0090238200500607,1.566635425357769e-05,0,4608,576,False
loso,no_ra,W1,oas_trace_eps1e-6,3.0,exact_sorted_order_statistics,6,all,all,P2,0.2881944444444444,0.2881944444444444,1.7639879810158163,0.0071552130393683,1.2422244860014567e-05,0,4608,576,False
loso,no_ra,W1,oas_trace_eps1e-6,4.0,exact_sorted_order_statistics,6,all,all,P2,0.2986111111111111,0.2986111111111111,1.804428985808045,0.0072512929327785,1.2589050230518398e-05,0,4608,576,False
loso,no_ra,W2,oas_trace_eps1e-6,,trial_tangent,6,all,all,B1,0.2708333333333333,0.2708333333333333,3.4503892881330103,0.0474800798110663,8.243069411643471e-05,0,4608,576,False
loso,no_ra,W2,oas_trace_eps1e-6,,airm_nearest_class_mean,6,all,all,B2,0.2274305555555555,0.2274305555555555,2.895788338035345,0.1895113319624215,0.0003290127291014,0,4608,576,False
loso,no_ra,W2,oas_trace_eps1e-6,,mean_decision_score,6,all,all,B3,0.2864583333333333,0.2864583333333333,13.414200612809507,0.2337834849022328,0.000405874105733,0,4608,576,False
loso,no_ra,W2,oas_trace_eps1e-6,,majority_vote_secondary,6,all,all,B3_majority,0.3125,0.3125,0.0,0.0,0.0,0,4608,576,False
loso,no_ra,W2,oas_trace_eps1e-6,,mean_window_log_svec,6,all,all,B4,0.28125,0.28125,0.1023043789900839,0.0013786240015178,2.3934444470796734e-06,0,4608,576,False
loso,no_ra,W2,oas_trace_eps1e-6,0.0,mean_std_projection_moments,6,all,all,B5,0.2743055555555556,0.2743055555555556,0.1510313688777387,0.0024075168184936,4.179716698773619e-06,0,4608,576,False
loso,no_ra,W2,oas_trace_eps1e-6,1.0,mean_std_projection_moments,6,all,all,B5,0.2760416666666667,0.2760416666666666,0.1600872359704226,0.0024430940393358,4.24148270718029e-06,0,4608,576,False
loso,no_ra,W2,oas_trace_eps1e-6,2.0,mean_std_projection_moments,6,all,all,B5,0.2881944444444444,0.2881944444444444,0.1598298249300569,0.0023733570706099,4.120411580920012e-06,0,4608,576,False
loso,no_ra,W2,oas_trace_eps1e-6,3.0,mean_std_projection_moments,6,all,all,B5,0.2951388888888889,0.2951388888888889,0.1735573541373014,0.0024558978620916,4.263711566131355e-06,0,4608,576,False
loso,no_ra,W2,oas_trace_eps1e-6,4.0,mean_std_projection_moments,6,all,all,B5,0.2777777777777778,0.2777777777777778,0.1607556929811835,0.0026441500522196,4.590538285103523e-06,0,4608,576,False
loso,no_ra,W2,oas_trace_eps1e-6,0.0,pooled_class_measure,6,all,all,P1,0.234375,0.234375,0.0402901151683181,6.260392664000392,0.0108687372638895,0,4608,576,False
loso,no_ra,W2,oas_trace_eps1e-6,1.0,pooled_class_measure,6,all,all,P1,0.2291666666666666,0.2291666666666666,0.0464497869834303,5.94685493898578,0.0103244009357392,0,4608,576,False
loso,no_ra,W2,oas_trace_eps1e-6,2.0,pooled_class_measure,6,all,all,P1,0.2447916666666666,0.2447916666666666,0.0390408900566399,6.16073442902416,0.0106957194948336,0,4608,576,False
loso,no_ra,W2,oas_trace_eps1e-6,3.0,pooled_class_measure,6,all,all,P1,0.2239583333333333,0.2239583333333333,0.0420029610395431,6.746685015968978,0.0117129948193905,0,4608,576,False
loso,no_ra,W2,oas_trace_eps1e-6,4.0,pooled_class_measure,6,all,all,P1,0.2309027777777778,0.2309027777777778,0.0476201081182807,6.241045336006209,0.0108351481527885,0,4608,576,False
loso,no_ra,W2,oas_trace_eps1e-6,0.0,exact_sorted_order_statistics,6,all,all,P2,0.25,0.25,0.4852666140068322,0.0047639519907534,8.270749983946896e-06,0,4608,576,False
loso,no_ra,W2,oas_trace_eps1e-6,1.0,exact_sorted_order_statistics,6,all,all,P2,0.2829861111111111,0.2829861111111111,0.5094128169585019,0.0038053139578551,6.606447843498447e-06,0,4608,576,False
loso,no_ra,W2,oas_trace_eps1e-6,2.0,exact_sorted_order_statistics,6,all,all,P2,0.2795138888888889,0.2795138888888889,0.4803129809442907,0.0041245711036026,7.160713721532375e-06,0,4608,576,False
loso,no_ra,W2,oas_trace_eps1e-6,3.0,exact_sorted_order_statistics,6,all,all,P2,0.2760416666666667,0.2760416666666666,0.5021466170437634,0.004342830972746,7.539637105461831e-06,0,4608,576,False
loso,no_ra,W2,oas_trace_eps1e-6,4.0,exact_sorted_order_statistics,6,all,all,P2,0.2725694444444444,0.2725694444444444,0.5213399480562657,0.0051093990914523,8.870484533771458e-06,0,4608,576,False
loso,no_ra,W2,oas_trace_eps1e-6,,ordered_nonoverlap,6,all,all,ordered_control,0.3072916666666667,0.3072916666666666,14.466554304817691,0.209935279097408,0.0003644709706552,0,4608,576,False
loso,no_ra,W1,oas_trace_eps1e-6,,trial_tangent,7,all,all,B1,0.3454861111111111,0.3454861111111111,3.634946366073564,0.0512667337898165,8.900474616287586e-05,0,4608,576,False
loso,no_ra,W1,oas_trace_eps1e-6,,airm_nearest_class_mean,7,all,all,B2,0.5711805555555556,0.5711805555555556,3.0829867678694427,0.2024248288944363,0.0003514319946083,0,4608,576,False
loso,no_ra,W1,oas_trace_eps1e-6,,mean_decision_score,7,all,all,B3,0.3559027777777778,0.3559027777777778,25.19482363993302,0.3902294230647385,0.0006774816372651,0,4608,576,False
loso,no_ra,W1,oas_trace_eps1e-6,,majority_vote_secondary,7,all,all,B3_majority,0.3472222222222222,0.3472222222222222,0.0,0.0,0.0,0,4608,576,False
loso,no_ra,W1,oas_trace_eps1e-6,,mean_window_log_svec,7,all,all,B4,0.3038194444444444,0.3038194444444444,0.0992780940141528,0.0014466869179159,2.511609232492952e-06,0,4608,576,False
loso,no_ra,W1,oas_trace_eps1e-6,0.0,mean_std_projection_moments,7,all,all,B5,0.3263888888888889,0.3263888888888888,0.1470399019308388,0.0024407550226897,4.237421914391841e-06,0,4608,576,False
loso,no_ra,W1,oas_trace_eps1e-6,1.0,mean_std_projection_moments,7,all,all,B5,0.3090277777777778,0.3090277777777778,0.1462046368978917,0.0020034790504723,3.4782622404034355e-06,0,4608,576,False
loso,no_ra,W1,oas_trace_eps1e-6,2.0,mean_std_projection_moments,7,all,all,B5,0.3194444444444444,0.3194444444444444,0.1458777231164276,0.0020655859261751,3.5860866773873568e-06,0,4608,576,False
loso,no_ra,W1,oas_trace_eps1e-6,3.0,mean_std_projection_moments,7,all,all,B5,0.2847222222222222,0.2847222222222222,0.1322398441843688,0.0019058980979025,3.3088508644141257e-06,0,4608,576,False
loso,no_ra,W1,oas_trace_eps1e-6,4.0,mean_std_projection_moments,7,all,all,B5,0.2829861111111111,0.2829861111111111,0.1479511428624391,0.0019885620567947,3.452364681935352e-06,0,4608,576,False
loso,no_ra,W1,oas_trace_eps1e-6,0.0,pooled_class_measure,7,all,all,P1,0.4357638888888889,0.4357638888888889,0.0664278550539165,10.926921932026744,0.0189703505764353,0,4608,576,False
loso,no_ra,W1,oas_trace_eps1e-6,1.0,pooled_class_measure,7,all,all,P1,0.4774305555555556,0.4774305555555556,0.0635029538534581,9.63131574401632,0.0167210342778061,0,4608,576,False
loso,no_ra,W1,oas_trace_eps1e-6,2.0,pooled_class_measure,7,all,all,P1,0.4375,0.4375,0.066594623029232,10.816251907963306,0.0187782151179918,0,4608,576,False
loso,no_ra,W1,oas_trace_eps1e-6,3.0,pooled_class_measure,7,all,all,P1,0.5486111111111112,0.5486111111111112,0.0698993511032313,10.427035137079656,0.0181024915574299,0,4608,576,False
loso,no_ra,W1,oas_trace_eps1e-6,4.0,pooled_class_measure,7,all,all,P1,0.4409722222222222,0.4409722222222222,0.0733512989245355,12.059191070962695,0.0209360956093102,0,4608,576,False
loso,no_ra,W1,oas_trace_eps1e-6,0.0,exact_sorted_order_statistics,7,all,all,P2,0.3072916666666667,0.3072916666666667,1.772655053064227,0.0064255089964717,1.1155397563319031e-05,0,4608,576,False
loso,no_ra,W1,oas_trace_eps1e-6,1.0,exact_sorted_order_statistics,7,all,all,P2,0.2864583333333333,0.2864583333333333,1.764445424079895,0.0063856141641736,1.1086135701690284e-05,0,4608,576,False
loso,no_ra,W1,oas_trace_eps1e-6,2.0,exact_sorted_order_statistics,7,all,all,P2,0.3350694444444444,0.3350694444444444,1.6887401000130922,0.0061034609097987,1.0596286301733926e-05,0,4608,576,False
loso,no_ra,W1,oas_trace_eps1e-6,3.0,exact_sorted_order_statistics,7,all,all,P2,0.2881944444444444,0.2881944444444444,1.7330807449761778,0.0062644339632242,1.0875753408375507e-05,0,4608,576,False
loso,no_ra,W1,oas_trace_eps1e-6,4.0,exact_sorted_order_statistics,7,all,all,P2,0.2986111111111111,0.2986111111111111,1.7713188249617815,0.0077309871558099,1.3421852701059026e-05,0,4608,576,False
loso,no_ra,W2,oas_trace_eps1e-6,,trial_tangent,7,all,all,B1,0.3454861111111111,0.3454861111111111,3.566154818981886,0.0503189370501786,8.735926571211571e-05,0,4608,576,False
loso,no_ra,W2,oas_trace_eps1e-6,,airm_nearest_class_mean,7,all,all,B2,0.5711805555555556,0.5711805555555556,2.847532746847719,0.1806518698576837,0.0003136317185029,0,4608,576,False
loso,no_ra,W2,oas_trace_eps1e-6,,mean_decision_score,7,all,all,B3,0.3541666666666667,0.3541666666666666,13.780428087804466,0.2345778450835496,0.00040725320327,0,4608,576,False
loso,no_ra,W2,oas_trace_eps1e-6,,majority_vote_secondary,7,all,all,B3_majority,0.34375,0.3437499999999999,0.0,0.0,0.0,0,4608,576,False
loso,no_ra,W2,oas_trace_eps1e-6,,mean_window_log_svec,7,all,all,B4,0.3194444444444444,0.3194444444444444,0.096373442094773,0.0014865729026496,2.580855733766738e-06,0,4608,576,False
loso,no_ra,W2,oas_trace_eps1e-6,0.0,mean_std_projection_moments,7,all,all,B5,0.3229166666666667,0.3229166666666666,0.135095037985593,0.0023975297808647,4.16237809177902e-06,0,4608,576,False
loso,no_ra,W2,oas_trace_eps1e-6,1.0,mean_std_projection_moments,7,all,all,B5,0.3072916666666667,0.3072916666666667,0.143420296953991,0.0022924698423594,3.979982365207333e-06,0,4608,576,False
loso,no_ra,W2,oas_trace_eps1e-6,2.0,mean_std_projection_moments,7,all,all,B5,0.3211805555555556,0.3211805555555555,0.1312162950634956,0.002363545121625,4.10337694726574e-06,0,4608,576,False
loso,no_ra,W2,oas_trace_eps1e-6,3.0,mean_std_projection_moments,7,all,all,B5,0.2951388888888889,0.2951388888888889,0.1480999360792338,0.0026325599756091,4.570416624321499e-06,0,4608,576,False
loso,no_ra,W2,oas_trace_eps1e-6,4.0,mean_std_projection_moments,7,all,all,B5,0.2829861111111111,0.2829861111111111,0.1455477520357817,0.002256924053654,3.918270926482768e-06,0,4608,576,False
loso,no_ra,W2,oas_trace_eps1e-6,0.0,pooled_class_measure,7,all,all,P1,0.4236111111111111,0.4236111111111111,0.0362872949335724,5.491926706163213,0.0095345949759777,0,4608,576,False
loso,no_ra,W2,oas_trace_eps1e-6,1.0,pooled_class_measure,7,all,all,P1,0.4600694444444444,0.4600694444444445,0.0436248730402439,5.871565529843792,0.0101936901559788,0,4608,576,False
loso,no_ra,W2,oas_trace_eps1e-6,2.0,pooled_class_measure,7,all,all,P1,0.4201388888888889,0.4201388888888889,0.0372760607860982,5.520842263940722,0.0095847955971193,0,4608,576,False
loso,no_ra,W2,oas_trace_eps1e-6,3.0,pooled_class_measure,7,all,all,P1,0.5190972222222222,0.5190972222222222,0.0371558659244328,5.65854897396639,0.0098238697464694,0,4608,576,False
loso,no_ra,W2,oas_trace_eps1e-6,4.0,pooled_class_measure,7,all,all,P1,0.4392361111111111,0.4392361111111111,0.0362120741046965,6.658317548921332,0.0115595790779884,0,4608,576,False
loso,no_ra,W2,oas_trace_eps1e-6,0.0,exact_sorted_order_statistics,7,all,all,P2,0.3541666666666667,0.3541666666666666,0.4571504020132124,0.0034032759722322,5.908465229569831e-06,0,4608,576,False
loso,no_ra,W2,oas_trace_eps1e-6,1.0,exact_sorted_order_statistics,7,all,all,P2,0.2881944444444444,0.2881944444444444,0.4818038700614124,0.0041384808719158,7.184862624853849e-06,0,4608,576,False
loso,no_ra,W2,oas_trace_eps1e-6,2.0,exact_sorted_order_statistics,7,all,all,P2,0.2986111111111111,0.298611111111111,0.476372682955116,0.0037406058982014,6.4941074621553225e-06,0,4608,576,False
loso,no_ra,W2,oas_trace_eps1e-6,3.0,exact_sorted_order_statistics,7,all,all,P2,0.2760416666666667,0.2760416666666667,0.4735861220397055,0.0035258901771157,6.12133711304826e-06,0,4608,576,False
loso,no_ra,W2,oas_trace_eps1e-6,4.0,exact_sorted_order_statistics,7,all,all,P2,0.3003472222222222,0.3003472222222222,0.4553796618711203,0.0035064457915723,6.087579499257521e-06,0,4608,576,False
loso,no_ra,W2,oas_trace_eps1e-6,,ordered_nonoverlap,7,all,all,ordered_control,0.3489583333333333,0.3489583333333333,14.946675252867864,0.1955995031166821,0.0003395824706886,0,4608,576,False
loso,no_ra,W1,oas_trace_eps1e-6,,trial_tangent,8,all,all,B1,0.4461805555555556,0.4461805555555555,3.5367204870563,0.0512574680615216,8.898865982903064e-05,0,4608,576,False
loso,no_ra,W1,oas_trace_eps1e-6,,airm_nearest_class_mean,8,all,all,B2,0.4461805555555556,0.4461805555555556,2.747546839993447,0.1813874871004372,0.0003149088317715,0,4608,576,False
loso,no_ra,W1,oas_trace_eps1e-6,,mean_decision_score,8,all,all,B3,0.5451388888888888,0.5451388888888888,24.88532309886068,0.4143923290539533,0.0007194311268297,0,4608,576,False
loso,no_ra,W1,oas_trace_eps1e-6,,majority_vote_secondary,8,all,all,B3_majority,0.5590277777777778,0.5590277777777778,0.0,0.0,0.0,0,4608,576,False
loso,no_ra,W1,oas_trace_eps1e-6,,mean_window_log_svec,8,all,all,B4,0.5520833333333334,0.5520833333333334,0.0971895309630781,0.0014915459323674,2.5894894659157016e-06,0,4608,576,False
loso,no_ra,W1,oas_trace_eps1e-6,0.0,mean_std_projection_moments,8,all,all,B5,0.5850694444444444,0.5850694444444444,0.170149466022849,0.0025686009321361,4.459376618291975e-06,0,4608,576,False
loso,no_ra,W1,oas_trace_eps1e-6,1.0,mean_std_projection_moments,8,all,all,B5,0.5954861111111112,0.595486111111111,0.1584403729066252,0.0027576179709285,4.787531199528732e-06,0,4608,576,False
loso,no_ra,W1,oas_trace_eps1e-6,2.0,mean_std_projection_moments,8,all,all,B5,0.6440972222222222,0.6440972222222222,0.1579224579036235,0.0027692799922078,4.8077777642498e-06,0,4608,576,False
loso,no_ra,W1,oas_trace_eps1e-6,3.0,mean_std_projection_moments,8,all,all,B5,0.5902777777777778,0.5902777777777778,0.1609991730656474,0.0028029060922563,4.866156410167201e-06,0,4608,576,False
loso,no_ra,W1,oas_trace_eps1e-6,4.0,mean_std_projection_moments,8,all,all,B5,0.6128472222222222,0.6128472222222222,0.1553563771303743,0.002453930908814,4.2602967166910985e-06,0,4608,576,False
loso,no_ra,W1,oas_trace_eps1e-6,0.0,pooled_class_measure,8,all,all,P1,0.5954861111111112,0.5954861111111112,0.0657466021366417,11.969090555096043,0.0207796711025973,0,4608,576,False
loso,no_ra,W1,oas_trace_eps1e-6,1.0,pooled_class_measure,8,all,all,P1,0.6059027777777778,0.6059027777777778,0.061297460924834,10.188799346098676,0.0176888877536435,0,4608,576,False
loso,no_ra,W1,oas_trace_eps1e-6,2.0,pooled_class_measure,8,all,all,P1,0.4652777777777778,0.4652777777777778,0.0634637591429054,11.038095240015537,0.0191633597916936,0,4608,576,False
loso,no_ra,W1,oas_trace_eps1e-6,3.0,pooled_class_measure,8,all,all,P1,0.5416666666666666,0.5416666666666667,0.0756950320210307,10.406265468103811,0.0180664331043468,0,4608,576,False
loso,no_ra,W1,oas_trace_eps1e-6,4.0,pooled_class_measure,8,all,all,P1,0.5121527777777778,0.5121527777777778,0.0790678879711777,11.09687678795308,0.0192654110901963,0,4608,576,False
loso,no_ra,W1,oas_trace_eps1e-6,0.0,exact_sorted_order_statistics,8,all,all,P2,0.5173611111111112,0.5173611111111112,1.8226857148110869,0.0061829220503568,1.0734239670758448e-05,0,4608,576,False
loso,no_ra,W1,oas_trace_eps1e-6,1.0,exact_sorted_order_statistics,8,all,all,P2,0.515625,0.515625,1.8866285688709468,0.0059420340694487,1.0316031370570676e-05,0,4608,576,False
loso,no_ra,W1,oas_trace_eps1e-6,2.0,exact_sorted_order_statistics,8,all,all,P2,0.5902777777777778,0.5902777777777778,1.7910829570610076,0.0062867798842489,1.0914548410154464e-05,0,4608,576,False
loso,no_ra,W1,oas_trace_eps1e-6,3.0,exact_sorted_order_statistics,8,all,all,P2,0.546875,0.546875,1.6926342090591788,0.0057662890758365,1.0010918534438437e-05,0,4608,576,False
loso,no_ra,W1,oas_trace_eps1e-6,4.0,exact_sorted_order_statistics,8,all,all,P2,0.5572916666666666,0.5572916666666666,1.8255792090203613,0.0066817060578614,1.160018412823168e-05,0,4608,576,False
loso,no_ra,W2,oas_trace_eps1e-6,,trial_tangent,8,all,all,B1,0.4461805555555556,0.4461805555555555,3.362271931953728,0.0479502400849014,8.32469445918428e-05,0,4608,576,False
loso,no_ra,W2,oas_trace_eps1e-6,,airm_nearest_class_mean,8,all,all,B2,0.4461805555555556,0.4461805555555556,2.7079541720449924,0.1812640409916639,0.0003146945156105,0,4608,576,False
loso,no_ra,W2,oas_trace_eps1e-6,,mean_decision_score,8,all,all,B3,0.5434027777777778,0.5434027777777778,14.149022073019296,0.2478573680855333,0.000430307930704,0,4608,576,False
loso,no_ra,W2,oas_trace_eps1e-6,,majority_vote_secondary,8,all,all,B3_majority,0.5503472222222222,0.5503472222222222,0.0,0.0,0.0,0,4608,576,False
loso,no_ra,W2,oas_trace_eps1e-6,,mean_window_log_svec,8,all,all,B4,0.5451388888888888,0.5451388888888888,0.1002830839715898,0.0014009641017764,2.4322293433619457e-06,0,4608,576,False
loso,no_ra,W2,oas_trace_eps1e-6,0.0,mean_std_projection_moments,8,all,all,B5,0.5625,0.5625,0.1689666910097003,0.0023930380120873,4.154579882096085e-06,0,4608,576,False
loso,no_ra,W2,oas_trace_eps1e-6,1.0,mean_std_projection_moments,8,all,all,B5,0.5763888888888888,0.5763888888888888,0.1676222230307757,0.0030143540352582,5.233253533434537e-06,0,4608,576,False
loso,no_ra,W2,oas_trace_eps1e-6,2.0,mean_std_projection_moments,8,all,all,B5,0.6041666666666666,0.6041666666666667,0.1451451280154287,0.0024547239299863,4.261673489559649e-06,0,4608,576,False
loso,no_ra,W2,oas_trace_eps1e-6,3.0,mean_std_projection_moments,8,all,all,B5,0.5833333333333334,0.5833333333333333,0.1560833889525383,0.0022987930569797,3.990960168367666e-06,0,4608,576,False
loso,no_ra,W2,oas_trace_eps1e-6,4.0,mean_std_projection_moments,8,all,all,B5,0.5694444444444444,0.5694444444444445,0.1584154141601175,0.0019670519977808,3.4150208294805552e-06,0,4608,576,False
loso,no_ra,W2,oas_trace_eps1e-6,0.0,pooled_class_measure,8,all,all,P1,0.5590277777777778,0.5590277777777778,0.0504114599898457,6.579947848804295,0.0114235205708407,0,4608,576,False
loso,no_ra,W2,oas_trace_eps1e-6,1.0,pooled_class_measure,8,all,all,P1,0.5868055555555556,0.5868055555555556,0.0386907921638339,5.638057389995083,0.0097882940798525,0,4608,576,False
loso,no_ra,W2,oas_trace_eps1e-6,2.0,pooled_class_measure,8,all,all,P1,0.4444444444444444,0.4444444444444444,0.0363015038892626,5.418857363983989,0.0094077384791388,0,4608,576,False
loso,no_ra,W2,oas_trace_eps1e-6,3.0,pooled_class_measure,8,all,all,P1,0.5173611111111112,0.5173611111111112,0.0369159849360585,5.571093382081017,0.0096720371216684,0,4608,576,False
loso,no_ra,W2,oas_trace_eps1e-6,4.0,pooled_class_measure,8,all,all,P1,0.4670138888888889,0.4670138888888889,0.0367731009609997,6.26211144705303,0.0108717212622448,0,4608,576,False
loso,no_ra,W2,oas_trace_eps1e-6,0.0,exact_sorted_order_statistics,8,all,all,P2,0.53125,0.53125,0.5266401309054345,0.0049827909097075,8.650678662686712e-06,0,4608,576,False
loso,no_ra,W2,oas_trace_eps1e-6,1.0,exact_sorted_order_statistics,8,all,all,P2,0.5347222222222222,0.5347222222222222,0.5226763191167265,0.004347403999418,7.547576387878507e-06,0,4608,576,False
loso,no_ra,W2,oas_trace_eps1e-6,2.0,exact_sorted_order_statistics,8,all,all,P2,0.5885416666666666,0.5885416666666666,0.4622744820080697,0.0034888598602265,6.057048368448805e-06,0,4608,576,False
loso,no_ra,W2,oas_trace_eps1e-6,3.0,exact_sorted_order_statistics,8,all,all,P2,0.5520833333333334,0.5520833333333334,0.4957170439884066,0.0038178809918463,6.628265610844311e-06,0,4608,576,False
loso,no_ra,W2,oas_trace_eps1e-6,4.0,exact_sorted_order_statistics,8,all,all,P2,0.5503472222222222,0.5503472222222222,0.455857610097155,0.0037763349246233,6.556137021915573e-06,0,4608,576,False
loso,no_ra,W2,oas_trace_eps1e-6,,ordered_nonoverlap,8,all,all,ordered_control,0.5746527777777778,0.5746527777777777,15.27045197505504,0.2399163930676877,0.0004165215157425,0,4608,576,False
loso,no_ra,W1,oas_trace_eps1e-6,,trial_tangent,9,all,all,B1,0.3975694444444444,0.3975694444444445,3.651997216045857,0.0518425200134515,9.000437502335344e-05,0,4608,576,False
loso,no_ra,W1,oas_trace_eps1e-6,,airm_nearest_class_mean,9,all,all,B2,0.2673611111111111,0.2673611111111111,2.83307876996696,0.1824580822139978,0.0003167675038437,0,4608,576,False
loso,no_ra,W1,oas_trace_eps1e-6,,mean_decision_score,9,all,all,B3,0.4305555555555556,0.4305555555555556,24.691371435066685,0.367298104101792,0.0006376703196211,0,4608,576,False
loso,no_ra,W1,oas_trace_eps1e-6,,majority_vote_secondary,9,all,all,B3_majority,0.4513888888888889,0.4513888888888888,0.0,0.0,0.0,0,4608,576,False
loso,no_ra,W1,oas_trace_eps1e-6,,mean_window_log_svec,9,all,all,B4,0.4635416666666667,0.4635416666666667,0.0909861240070313,0.0013226559385657,2.296277671121061e-06,0,4608,576,False
loso,no_ra,W1,oas_trace_eps1e-6,0.0,mean_std_projection_moments,9,all,all,B5,0.5208333333333334,0.5208333333333333,0.136972865788266,0.0020761468913406,3.604421686355232e-06,0,4608,576,False
loso,no_ra,W1,oas_trace_eps1e-6,1.0,mean_std_projection_moments,9,all,all,B5,0.5208333333333334,0.5208333333333334,0.1563633950427174,0.0028074961155653,4.874125200634201e-06,0,4608,576,False
loso,no_ra,W1,oas_trace_eps1e-6,2.0,mean_std_projection_moments,9,all,all,B5,0.5104166666666666,0.5104166666666666,0.1434414579998701,0.0020396490581333,3.541057392592645e-06,0,4608,576,False
loso,no_ra,W1,oas_trace_eps1e-6,3.0,mean_std_projection_moments,9,all,all,B5,0.5017361111111112,0.5017361111111112,0.1418117431458085,0.0022856609430164,3.96816135940349e-06,0,4608,576,False
loso,no_ra,W1,oas_trace_eps1e-6,4.0,mean_std_projection_moments,9,all,all,B5,0.4982638888888889,0.4982638888888889,0.133506640093401,0.0021407820750027,3.716635546879843e-06,0,4608,576,False
loso,no_ra,W1,oas_trace_eps1e-6,0.0,pooled_class_measure,9,all,all,P1,0.2795138888888889,0.2795138888888889,0.0723577849566936,10.666622553952038,0.0185184419339445,0,4608,576,False
loso,no_ra,W1,oas_trace_eps1e-6,1.0,pooled_class_measure,9,all,all,P1,0.2708333333333333,0.2708333333333333,0.0810960039962083,10.914791248040274,0.018949290361181,0,4608,576,False
loso,no_ra,W1,oas_trace_eps1e-6,2.0,pooled_class_measure,9,all,all,P1,0.2986111111111111,0.2986111111111111,0.0616531099658459,9.23844808479771,0.0160389723694404,0,4608,576,False
loso,no_ra,W1,oas_trace_eps1e-6,3.0,pooled_class_measure,9,all,all,P1,0.3211805555555556,0.3211805555555556,0.0713461968116462,9.170742324087769,0.0159214276459857,0,4608,576,False
loso,no_ra,W1,oas_trace_eps1e-6,4.0,pooled_class_measure,9,all,all,P1,0.2847222222222222,0.2847222222222222,0.0682953300420194,8.91238152096048,0.0154728845850008,0,4608,576,False
loso,no_ra,W1,oas_trace_eps1e-6,0.0,exact_sorted_order_statistics,9,all,all,P2,0.4809027777777778,0.4809027777777778,1.7708467519842088,0.007594282971695,1.3184519048081713e-05,0,4608,576,False
loso,no_ra,W1,oas_trace_eps1e-6,1.0,exact_sorted_order_statistics,9,all,all,P2,0.4982638888888889,0.4982638888888889,1.864937827922404,0.0079035030212253,1.3721359411849537e-05,0,4608,576,False
loso,no_ra,W1,oas_trace_eps1e-6,2.0,exact_sorted_order_statistics,9,all,all,P2,0.5034722222222222,0.5034722222222222,1.7587166379671544,0.0058844429440796,1.0216046777916035e-05,0,4608,576,False
loso,no_ra,W1,oas_trace_eps1e-6,3.0,exact_sorted_order_statistics,9,all,all,P2,0.4618055555555556,0.4618055555555556,1.7570508099161088,0.0058340930845588,1.0128633827359105e-05,0,4608,576,False
loso,no_ra,W1,oas_trace_eps1e-6,4.0,exact_sorted_order_statistics,9,all,all,P2,0.5,0.5,1.670533839147538,0.0065517278853803,1.1374527578785395e-05,0,4608,576,False
loso,no_ra,W2,oas_trace_eps1e-6,,trial_tangent,9,all,all,B1,0.3975694444444444,0.3975694444444445,3.513290753122419,0.0537605499848723,9.333428816818114e-05,0,4608,576,False
loso,no_ra,W2,oas_trace_eps1e-6,,airm_nearest_class_mean,9,all,all,B2,0.2673611111111111,0.2673611111111111,2.821963056921959,0.1992327140178531,0.0003458901285032,0,4608,576,False
loso,no_ra,W2,oas_trace_eps1e-6,,mean_decision_score,9,all,all,B3,0.3854166666666667,0.3854166666666666,14.44303717999719,0.2268527378328144,0.0003938415587375,0,4608,576,False
loso,no_ra,W2,oas_trace_eps1e-6,,majority_vote_secondary,9,all,all,B3_majority,0.4236111111111111,0.4236111111111111,0.0,0.0,0.0,0,4608,576,False
loso,no_ra,W2,oas_trace_eps1e-6,,mean_window_log_svec,9,all,all,B4,0.4375,0.4375,0.1135157300159335,0.0018599808681756,3.229133451693795e-06,0,4608,576,False
loso,no_ra,W2,oas_trace_eps1e-6,0.0,mean_std_projection_moments,9,all,all,B5,0.5086805555555556,0.5086805555555556,0.1668210530187934,0.0024721040390431,4.291847290005535e-06,0,4608,576,False
loso,no_ra,W2,oas_trace_eps1e-6,1.0,mean_std_projection_moments,9,all,all,B5,0.46875,0.46875,0.1643353849649429,0.0029047988355159,5.043053533881903e-06,0,4608,576,False
loso,no_ra,W2,oas_trace_eps1e-6,2.0,mean_std_projection_moments,9,all,all,B5,0.4826388888888889,0.4826388888888888,0.136942305136472,0.0021899540442973,3.802003549127322e-06,0,4608,576,False
loso,no_ra,W2,oas_trace_eps1e-6,3.0,mean_std_projection_moments,9,all,all,B5,0.4756944444444444,0.4756944444444444,0.1553619038313627,0.0021290660370141,3.6962952031495256e-06,0,4608,576,False
loso,no_ra,W2,oas_trace_eps1e-6,4.0,mean_std_projection_moments,9,all,all,B5,0.4826388888888889,0.4826388888888889,0.1373583888635039,0.0020186309702694,3.5045676567177807e-06,0,4608,576,False
loso,no_ra,W2,oas_trace_eps1e-6,0.0,pooled_class_measure,9,all,all,P1,0.2725694444444444,0.2725694444444444,0.0393909660633653,6.110618381993845,0.0106087124687393,0,4608,576,False
loso,no_ra,W2,oas_trace_eps1e-6,1.0,pooled_class_measure,9,all,all,P1,0.2586805555555556,0.2586805555555556,0.0372858981136232,5.720037220977247,0.0099306201753077,0,4608,576,False
loso,no_ra,W2,oas_trace_eps1e-6,2.0,pooled_class_measure,9,all,all,P1,0.2864583333333333,0.2864583333333333,0.042576493229717,5.197031157789752,0.0090226235378294,0,4608,576,False
loso,no_ra,W2,oas_trace_eps1e-6,3.0,pooled_class_measure,9,all,all,P1,0.3038194444444444,0.3038194444444444,0.0360356250312179,5.221075820969418,0.0090643677447385,0,4608,576,False
loso,no_ra,W2,oas_trace_eps1e-6,4.0,pooled_class_measure,9,all,all,P1,0.2673611111111111,0.2673611111111111,0.0360368690453469,5.327084466116503,0.0092484105314522,0,4608,576,False
loso,no_ra,W2,oas_trace_eps1e-6,0.0,exact_sorted_order_statistics,9,all,all,P2,0.4652777777777778,0.4652777777777778,0.4867959460243583,0.0043252781033515,7.509163373874293e-06,0,4608,576,False
loso,no_ra,W2,oas_trace_eps1e-6,1.0,exact_sorted_order_statistics,9,all,all,P2,0.4704861111111111,0.470486111111111,0.5091790209989995,0.0038522470276802,6.687928867500483e-06,0,4608,576,False
loso,no_ra,W2,oas_trace_eps1e-6,2.0,exact_sorted_order_statistics,9,all,all,P2,0.4895833333333333,0.4895833333333333,0.4905922538600862,0.0042581181041896,7.392566153107004e-06,0,4608,576,False
loso,no_ra,W2,oas_trace_eps1e-6,3.0,exact_sorted_order_statistics,9,all,all,P2,0.4774305555555556,0.4774305555555556,0.4566719729918986,0.003750367090106,6.511053975878491e-06,0,4608,576,False
loso,no_ra,W2,oas_trace_eps1e-6,4.0,exact_sorted_order_statistics,9,all,all,P2,0.4565972222222222,0.4565972222222222,0.4747420661151409,0.0041740019805729,7.246531216272463e-06,0,4608,576,False
loso,no_ra,W2,oas_trace_eps1e-6,,ordered_nonoverlap,9,all,all,ordered_control,0.4774305555555556,0.4774305555555556,15.249886287841946,0.230562652926892,0.0004002823835536,0,4608,576,False
loso,subject_ra,W1,oas_trace_eps1e-6,,trial_tangent,1,all,all,B1,0.6545138888888888,0.654513888888889,3.62842391198501,0.0473850918933749,8.226578453710924e-05,0,4608,576,True
loso,subject_ra,W1,oas_trace_eps1e-6,,airm_nearest_class_mean,1,all,all,B2,0.6354166666666666,0.6354166666666666,2.488363967044279,0.1764771048910915,0.0003063838626581,0,4608,576,True
loso,subject_ra,W1,oas_trace_eps1e-6,,mean_decision_score,1,all,all,B3,0.6475694444444444,0.6475694444444444,22.78214679984376,0.3809149160515517,0.000661310618145,0,4608,576,True
loso,subject_ra,W1,oas_trace_eps1e-6,,majority_vote_secondary,1,all,all,B3_majority,0.6197916666666666,0.6197916666666667,0.0,0.0,0.0,0,4608,576,True
loso,subject_ra,W1,oas_trace_eps1e-6,,mean_window_log_svec,1,all,all,B4,0.6197916666666666,0.6197916666666666,0.0827356749214232,0.0010719518177211,1.8610274613214035e-06,0,4608,576,True
loso,subject_ra,W1,oas_trace_eps1e-6,0.0,mean_std_projection_moments,1,all,all,B5,0.6163194444444444,0.6163194444444444,0.1380095400381833,0.0023158269468694,4.020532893870647e-06,0,4608,576,True
loso,subject_ra,W1,oas_trace_eps1e-6,1.0,mean_std_projection_moments,1,all,all,B5,0.6666666666666666,0.6666666666666667,0.1566489499527961,0.0023286188952624,4.042741137608472e-06,0,4608,576,True
loso,subject_ra,W1,oas_trace_eps1e-6,2.0,mean_std_projection_moments,1,all,all,B5,0.6510416666666666,0.6510416666666667,0.1710887791123241,0.0027568119112402,4.786131790347605e-06,0,4608,576,True
loso,subject_ra,W1,oas_trace_eps1e-6,3.0,mean_std_projection_moments,1,all,all,B5,0.6302083333333334,0.6302083333333333,0.1708215840626508,0.0027367649599909,4.751328055539892e-06,0,4608,576,True
loso,subject_ra,W1,oas_trace_eps1e-6,4.0,mean_std_projection_moments,1,all,all,B5,0.6614583333333334,0.6614583333333334,0.1570402500219643,0.0022426210343837,3.893439295805163e-06,0,4608,576,True
loso,subject_ra,W1,oas_trace_eps1e-6,0.0,pooled_class_measure,1,all,all,P1,0.6267361111111112,0.6267361111111112,0.0723891798406839,11.839653549017385,0.0205549540781551,0,4608,576,True
loso,subject_ra,W1,oas_trace_eps1e-6,1.0,pooled_class_measure,1,all,all,P1,0.6614583333333334,0.6614583333333333,0.0688911629840731,13.550132920965552,0.0235245363211207,0,4608,576,True
loso,subject_ra,W1,oas_trace_eps1e-6,2.0,pooled_class_measure,1,all,all,P1,0.6145833333333334,0.6145833333333334,0.0716768158599734,13.348342183046045,0.0231742051788993,0,4608,576,True
loso,subject_ra,W1,oas_trace_eps1e-6,3.0,pooled_class_measure,1,all,all,P1,0.6371527777777778,0.6371527777777778,0.0655691251158714,10.435211735079063,0.0181166870400678,0,4608,576,True
loso,subject_ra,W1,oas_trace_eps1e-6,4.0,pooled_class_measure,1,all,all,P1,0.6145833333333334,0.6145833333333334,0.0640823349822312,10.288105325074866,0.0178612939671438,0,4608,576,True
loso,subject_ra,W1,oas_trace_eps1e-6,0.0,exact_sorted_order_statistics,1,all,all,P2,0.5972222222222222,0.5972222222222222,1.707168977940455,0.006078281905502,1.055257275260778e-05,0,4608,576,True
loso,subject_ra,W1,oas_trace_eps1e-6,1.0,exact_sorted_order_statistics,1,all,all,P2,0.5885416666666666,0.5885416666666667,1.949749181047082,0.0087220650166273,1.5142473987200194e-05,0,4608,576,True
loso,subject_ra,W1,oas_trace_eps1e-6,2.0,exact_sorted_order_statistics,1,all,all,P2,0.5902777777777778,0.5902777777777777,1.9455319561529905,0.0075334538705646,1.307891296973038e-05,0,4608,576,True
loso,subject_ra,W1,oas_trace_eps1e-6,3.0,exact_sorted_order_statistics,1,all,all,P2,0.578125,0.578125,1.8743213810957968,0.0068810221273452,1.1946218971085424e-05,0,4608,576,True
loso,subject_ra,W1,oas_trace_eps1e-6,4.0,exact_sorted_order_statistics,1,all,all,P2,0.5763888888888888,0.5763888888888888,1.7336671559605747,0.0059637960512191,1.035381258892206e-05,0,4608,576,True
loso,subject_ra,W2,oas_trace_eps1e-6,,trial_tangent,1,all,all,B1,0.6545138888888888,0.654513888888889,3.571596021996811,0.0469202529639005,8.145877250677181e-05,0,4608,576,True
loso,subject_ra,W2,oas_trace_eps1e-6,,airm_nearest_class_mean,1,all,all,B2,0.6354166666666666,0.6354166666666666,2.5762035108637065,0.1872873881366104,0.0003251517155149,0,4608,576,True
loso,subject_ra,W2,oas_trace_eps1e-6,,mean_decision_score,1,all,all,B3,0.6510416666666666,0.6510416666666666,13.288360324921086,0.2156484141014516,0.000374389607815,0,4608,576,True
loso,subject_ra,W2,oas_trace_eps1e-6,,majority_vote_secondary,1,all,all,B3_majority,0.6041666666666666,0.6041666666666667,0.0,0.0,0.0,0,4608,576,True
loso,subject_ra,W2,oas_trace_eps1e-6,,mean_window_log_svec,1,all,all,B4,0.5972222222222222,0.5972222222222222,0.0845936618279665,0.0011620870791375,2.017512290169381e-06,0,4608,576,True
loso,subject_ra,W2,oas_trace_eps1e-6,0.0,mean_std_projection_moments,1,all,all,B5,0.6180555555555556,0.6180555555555556,0.1544987179804593,0.0025101979263126,4.357982510959522e-06,0,4608,576,True
loso,subject_ra,W2,oas_trace_eps1e-6,1.0,mean_std_projection_moments,1,all,all,B5,0.6614583333333334,0.6614583333333333,0.1637719729915261,0.0026079749222844,4.527734240077229e-06,0,4608,576,True
loso,subject_ra,W2,oas_trace_eps1e-6,2.0,mean_std_projection_moments,1,all,all,B5,0.6215277777777778,0.6215277777777778,0.1787572558969259,0.0027928128838539,4.848633478913042e-06,0,4608,576,True
loso,subject_ra,W2,oas_trace_eps1e-6,3.0,mean_std_projection_moments,1,all,all,B5,0.6232638888888888,0.623263888888889,0.1889503570273518,0.0026775798760354,4.64857617367266e-06,0,4608,576,True
loso,subject_ra,W2,oas_trace_eps1e-6,4.0,mean_std_projection_moments,1,all,all,B5,0.6475694444444444,0.6475694444444444,0.1822415960486978,0.002686777152121,4.6645436668768525e-06,0,4608,576,True
loso,subject_ra,W2,oas_trace_eps1e-6,0.0,pooled_class_measure,1,all,all,P1,0.6128472222222222,0.6128472222222223,0.0390635340008884,6.9472019609529525,0.0120611145155433,0,4608,576,True
loso,subject_ra,W2,oas_trace_eps1e-6,1.0,pooled_class_measure,1,all,all,P1,0.6302083333333334,0.6302083333333333,0.0424345529172569,7.065842832904309,0.0122670882515699,0,4608,576,True
loso,subject_ra,W2,oas_trace_eps1e-6,2.0,pooled_class_measure,1,all,all,P1,0.6024305555555556,0.6024305555555556,0.0427504749968647,7.295312838163227,0.0126654736773667,0,4608,576,True
loso,subject_ra,W2,oas_trace_eps1e-6,3.0,pooled_class_measure,1,all,all,P1,0.6267361111111112,0.6267361111111112,0.0390717501286417,7.135044740978628,0.0123872304530878,0,4608,576,True
loso,subject_ra,W2,oas_trace_eps1e-6,4.0,pooled_class_measure,1,all,all,P1,0.5885416666666666,0.5885416666666666,0.0405877770390361,7.223223665030673,0.0125403188629004,0,4608,576,True
loso,subject_ra,W2,oas_trace_eps1e-6,0.0,exact_sorted_order_statistics,1,all,all,P2,0.5902777777777778,0.5902777777777778,0.5238631758838892,0.0042255660519003,7.336052173438172e-06,0,4608,576,True
loso,subject_ra,W2,oas_trace_eps1e-6,1.0,exact_sorted_order_statistics,1,all,all,P2,0.5989583333333334,0.5989583333333333,0.5159079181030393,0.005112683167681,8.876186055001906e-06,0,4608,576,True
loso,subject_ra,W2,oas_trace_eps1e-6,2.0,exact_sorted_order_statistics,1,all,all,P2,0.5885416666666666,0.5885416666666667,0.5208022841252387,0.0046997189056128,8.159234211133378e-06,0,4608,576,True
loso,subject_ra,W2,oas_trace_eps1e-6,3.0,exact_sorted_order_statistics,1,all,all,P2,0.5954861111111112,0.5954861111111112,0.5328989741392434,0.0045663770288228,7.927737897261977e-06,0,4608,576,True
loso,subject_ra,W2,oas_trace_eps1e-6,4.0,exact_sorted_order_statistics,1,all,all,P2,0.6024305555555556,0.6024305555555556,0.527608023956418,0.0049158548936247,8.534470301431915e-06,0,4608,576,True
loso,subject_ra,W2,oas_trace_eps1e-6,,ordered_nonoverlap,1,all,all,ordered_control,0.6197916666666666,0.6197916666666667,14.11928100208752,0.2214735909365117,0.0003845027620425,0,4608,576,True
loso,subject_ra,W1,oas_trace_eps1e-6,,trial_tangent,2,all,all,B1,0.28125,0.28125,3.336720868013799,0.0464495939668268,8.064165619240764e-05,0,4608,576,True
loso,subject_ra,W1,oas_trace_eps1e-6,,airm_nearest_class_mean,2,all,all,B2,0.2690972222222222,0.2690972222222222,2.562136264052242,0.1825721459463238,0.0003169655311568,0,4608,576,True
loso,subject_ra,W1,oas_trace_eps1e-6,,mean_decision_score,2,all,all,B3,0.3177083333333333,0.3177083333333333,22.82078845007345,0.3930652409326285,0.0006824049321747,0,4608,576,True
loso,subject_ra,W1,oas_trace_eps1e-6,,majority_vote_secondary,2,all,all,B3_majority,0.3333333333333333,0.3333333333333333,0.0,0.0,0.0,0,4608,576,True
loso,subject_ra,W1,oas_trace_eps1e-6,,mean_window_log_svec,2,all,all,B4,0.3072916666666667,0.3072916666666666,0.0934123231563717,0.0014637629501521,2.541255121791942e-06,0,4608,576,True
loso,subject_ra,W1,oas_trace_eps1e-6,0.0,mean_std_projection_moments,2,all,all,B5,0.2951388888888889,0.2951388888888889,0.1633542219642549,0.0028124940581619,4.882802184308983e-06,0,4608,576,True
loso,subject_ra,W1,oas_trace_eps1e-6,1.0,mean_std_projection_moments,2,all,all,B5,0.28125,0.28125,0.1687765419483184,0.0029161679558455,5.062791590009712e-06,0,4608,576,True
loso,subject_ra,W1,oas_trace_eps1e-6,2.0,mean_std_projection_moments,2,all,all,B5,0.3090277777777778,0.3090277777777778,0.1740718400105834,0.0025761590804904,4.472498403629288e-06,0,4608,576,True
loso,subject_ra,W1,oas_trace_eps1e-6,3.0,mean_std_projection_moments,2,all,all,B5,0.2760416666666667,0.2760416666666666,0.169702383922413,0.002385573927313,4.141621401585225e-06,0,4608,576,True
loso,subject_ra,W1,oas_trace_eps1e-6,4.0,mean_std_projection_moments,2,all,all,B5,0.3072916666666667,0.3072916666666667,0.1510047630872577,0.0022693411447107,3.939828376233992e-06,0,4608,576,True
loso,subject_ra,W1,oas_trace_eps1e-6,0.0,pooled_class_measure,2,all,all,P1,0.2795138888888889,0.2795138888888889,0.0785235068760812,12.839000212028624,0.0222899309236608,0,4608,576,True
loso,subject_ra,W1,oas_trace_eps1e-6,1.0,pooled_class_measure,2,all,all,P1,0.2586805555555556,0.2586805555555556,0.0729997339658439,13.43546763714403,0.0233254646478194,0,4608,576,True
loso,subject_ra,W1,oas_trace_eps1e-6,2.0,pooled_class_measure,2,all,all,P1,0.2743055555555556,0.2743055555555556,0.0870644249953329,12.28732524602674,0.021332161885463,0,4608,576,True
loso,subject_ra,W1,oas_trace_eps1e-6,3.0,pooled_class_measure,2,all,all,P1,0.25,0.25,0.076494064182043,10.022581950994208,0.0174003158871427,0,4608,576,True
loso,subject_ra,W1,oas_trace_eps1e-6,4.0,pooled_class_measure,2,all,all,P1,0.2517361111111111,0.2517361111111111,0.0744355090428143,9.541985995834692,0.0165659479094352,0,4608,576,True
loso,subject_ra,W1,oas_trace_eps1e-6,0.0,exact_sorted_order_statistics,2,all,all,P2,0.2986111111111111,0.2986111111111111,1.9870275410357865,0.0086845241021364,1.5077298788431412e-05,0,4608,576,True
loso,subject_ra,W1,oas_trace_eps1e-6,1.0,exact_sorted_order_statistics,2,all,all,P2,0.2829861111111111,0.282986111111111,1.9439866528846323,0.0082433989737182,1.4311456551594243e-05,0,4608,576,True
loso,subject_ra,W1,oas_trace_eps1e-6,2.0,exact_sorted_order_statistics,2,all,all,P2,0.296875,0.296875,1.9872940320055927,0.0084625859744846,1.4691989539035909e-05,0,4608,576,True
loso,subject_ra,W1,oas_trace_eps1e-6,3.0,exact_sorted_order_statistics,2,all,all,P2,0.2604166666666667,0.2604166666666666,1.7261476228013637,0.0065414840355515,1.1356743117276994e-05,0,4608,576,True
loso,subject_ra,W1,oas_trace_eps1e-6,4.0,exact_sorted_order_statistics,2,all,all,P2,0.2638888888888889,0.2638888888888889,1.7261792921926826,0.0063346549868583,1.0997664907740222e-05,0,4608,576,True
loso,subject_ra,W2,oas_trace_eps1e-6,,trial_tangent,2,all,all,B1,0.28125,0.28125,3.3839008319191635,0.0500663758721202,8.692079144465324e-05,0,4608,576,True
loso,subject_ra,W2,oas_trace_eps1e-6,,airm_nearest_class_mean,2,all,all,B2,0.2690972222222222,0.2690972222222222,2.5944313548970968,0.1864129852037876,0.0003236336548676,0,4608,576,True
loso,subject_ra,W2,oas_trace_eps1e-6,,mean_decision_score,2,all,all,B3,0.3194444444444444,0.3194444444444444,13.328022036002949,0.2087221411056816,0.0003623648283084,0,4608,576,True
loso,subject_ra,W2,oas_trace_eps1e-6,,majority_vote_secondary,2,all,all,B3_majority,0.3125,0.3125,0.0,0.0,0.0,0,4608,576,True
loso,subject_ra,W2,oas_trace_eps1e-6,,mean_window_log_svec,2,all,all,B4,0.3003472222222222,0.3003472222222222,0.0882187739480286,0.0011525719892233,2.0009930368461128e-06,0,4608,576,True
loso,subject_ra,W2,oas_trace_eps1e-6,0.0,mean_std_projection_moments,2,all,all,B5,0.296875,0.296875,0.1684300601482391,0.002749505918473,4.773447775126745e-06,0,4608,576,True
loso,subject_ra,W2,oas_trace_eps1e-6,1.0,mean_std_projection_moments,2,all,all,B5,0.2690972222222222,0.2690972222222222,0.1568016191013157,0.0025396668352186,4.409143811143521e-06,0,4608,576,True
loso,subject_ra,W2,oas_trace_eps1e-6,2.0,mean_std_projection_moments,2,all,all,B5,0.2864583333333333,0.2864583333333333,0.1691337290685624,0.0026274539995938,4.561552082628219e-06,0,4608,576,True
loso,subject_ra,W2,oas_trace_eps1e-6,3.0,mean_std_projection_moments,2,all,all,B5,0.2847222222222222,0.2847222222222222,0.1771070528775453,0.002601871965453,4.517138828911508e-06,0,4608,576,True
loso,subject_ra,W2,oas_trace_eps1e-6,4.0,mean_std_projection_moments,2,all,all,B5,0.3020833333333333,0.3020833333333333,0.169652896001935,0.0025761660654097,4.472510530225312e-06,0,4608,576,True
loso,subject_ra,W2,oas_trace_eps1e-6,0.0,pooled_class_measure,2,all,all,P1,0.2743055555555556,0.2743055555555556,0.0479106600396335,7.198123734910041,0.0124967425953299,0,4608,576,True
loso,subject_ra,W2,oas_trace_eps1e-6,1.0,pooled_class_measure,2,all,all,P1,0.25,0.25,0.041520900093019,7.352501414017752,0.0127647593993363,0,4608,576,True
loso,subject_ra,W2,oas_trace_eps1e-6,2.0,pooled_class_measure,2,all,all,P1,0.2708333333333333,0.2708333333333333,0.0451970698777586,7.251794734969735,0.012589921414878,0,4608,576,True
loso,subject_ra,W2,oas_trace_eps1e-6,3.0,pooled_class_measure,2,all,all,P1,0.2413194444444444,0.2413194444444444,0.0489561760332435,7.426010876893997,0.0128923799946076,0,4608,576,True
loso,subject_ra,W2,oas_trace_eps1e-6,4.0,pooled_class_measure,2,all,all,P1,0.2309027777777778,0.2309027777777777,0.0474069479387253,6.162605443969369,0.010698967784669,0,4608,576,True
loso,subject_ra,W2,oas_trace_eps1e-6,0.0,exact_sorted_order_statistics,2,all,all,P2,0.296875,0.296875,0.5500634838826954,0.0045623218175023,7.92069759983052e-06,0,4608,576,True
loso,subject_ra,W2,oas_trace_eps1e-6,1.0,exact_sorted_order_statistics,2,all,all,P2,0.296875,0.296875,0.5237444180529565,0.0046169438865035,8.015527580735377e-06,0,4608,576,True
loso,subject_ra,W2,oas_trace_eps1e-6,2.0,exact_sorted_order_statistics,2,all,all,P2,0.2899305555555556,0.2899305555555556,0.5458963019773364,0.0046008930075913,7.987661471512789e-06,0,4608,576,True
loso,subject_ra,W2,oas_trace_eps1e-6,3.0,exact_sorted_order_statistics,2,all,all,P2,0.28125,0.28125,0.5448886868543923,0.0046290000900626,8.036458489692046e-06,0,4608,576,True
loso,subject_ra,W2,oas_trace_eps1e-6,4.0,exact_sorted_order_statistics,2,all,all,P2,0.2916666666666667,0.2916666666666666,0.5102137092035264,0.0045432010665535,7.887501851655543e-06,0,4608,576,True
loso,subject_ra,W2,oas_trace_eps1e-6,,ordered_nonoverlap,2,all,all,ordered_control,0.359375,0.359375,14.869325903011486,0.2303178331349045,0.0003998573491925,0,4608,576,True
loso,subject_ra,W1,oas_trace_eps1e-6,,trial_tangent,3,all,all,B1,0.7447916666666666,0.7447916666666666,3.5514221710618585,0.049081299919635,8.521059013825531e-05,0,4608,576,True
loso,subject_ra,W1,oas_trace_eps1e-6,,airm_nearest_class_mean,3,all,all,B2,0.6267361111111112,0.6267361111111112,2.6259586981032044,0.1813087828923016,0.0003147721925213,0,4608,576,True
loso,subject_ra,W1,oas_trace_eps1e-6,,mean_decision_score,3,all,all,B3,0.7465277777777778,0.7465277777777777,25.090472056064755,0.3901931259315461,0.0006774186214089,0,4608,576,True
loso,subject_ra,W1,oas_trace_eps1e-6,,majority_vote_secondary,3,all,all,B3_majority,0.71875,0.71875,0.0,0.0,0.0,0,4608,576,True
loso,subject_ra,W1,oas_trace_eps1e-6,,mean_window_log_svec,3,all,all,B4,0.6684027777777778,0.6684027777777779,0.0867770640179514,0.0011537680402398,2.003069514305227e-06,0,4608,576,True
loso,subject_ra,W1,oas_trace_eps1e-6,0.0,mean_std_projection_moments,3,all,all,B5,0.6336805555555556,0.6336805555555556,0.146015880163759,0.0025387029163539,4.407470340892259e-06,0,4608,576,True
loso,subject_ra,W1,oas_trace_eps1e-6,1.0,mean_std_projection_moments,3,all,all,B5,0.6944444444444444,0.6944444444444444,0.1564139949623495,0.0021916620898991,3.804968906074969e-06,0,4608,576,True
loso,subject_ra,W1,oas_trace_eps1e-6,2.0,mean_std_projection_moments,3,all,all,B5,0.6666666666666666,0.6666666666666667,0.1652080719359219,0.0024896250106394,4.322265643471231e-06,0,4608,576,True
loso,subject_ra,W1,oas_trace_eps1e-6,3.0,mean_std_projection_moments,3,all,all,B5,0.6510416666666666,0.6510416666666666,0.1749077080748975,0.00305190612562,5.298448134756957e-06,0,4608,576,True
loso,subject_ra,W1,oas_trace_eps1e-6,4.0,mean_std_projection_moments,3,all,all,B5,0.7170138888888888,0.717013888888889,0.1619797460734844,0.0027241050265729,4.729349004466914e-06,0,4608,576,True
loso,subject_ra,W1,oas_trace_eps1e-6,0.0,pooled_class_measure,3,all,all,P1,0.6232638888888888,0.623263888888889,0.0664766221307218,9.535168155794963,0.0165541113815884,0,4608,576,True
loso,subject_ra,W1,oas_trace_eps1e-6,1.0,pooled_class_measure,3,all,all,P1,0.6440972222222222,0.6440972222222222,0.0639641820453107,10.444534411886709,0.0181328722428588,0,4608,576,True
loso,subject_ra,W1,oas_trace_eps1e-6,2.0,pooled_class_measure,3,all,all,P1,0.6232638888888888,0.6232638888888888,0.0734770379494875,12.90145628596656,0.0223983616075808,0,4608,576,True
loso,subject_ra,W1,oas_trace_eps1e-6,3.0,pooled_class_measure,3,all,all,P1,0.6684027777777778,0.6684027777777778,0.0753085690084844,11.901069083018228,0.0206615782691288,0,4608,576,True
loso,subject_ra,W1,oas_trace_eps1e-6,4.0,pooled_class_measure,3,all,all,P1,0.6215277777777778,0.6215277777777778,0.0696783990133553,11.532387180021033,0.0200215055208698,0,4608,576,True
loso,subject_ra,W1,oas_trace_eps1e-6,0.0,exact_sorted_order_statistics,3,all,all,P2,0.5763888888888888,0.5763888888888888,1.6457092880737036,0.0063190360087901,1.0970548626371765e-05,0,4608,576,True
loso,subject_ra,W1,oas_trace_eps1e-6,1.0,exact_sorted_order_statistics,3,all,all,P2,0.6597222222222222,0.6597222222222221,1.6872539608739316,0.0064037139527499,1.1117558945746472e-05,0,4608,576,True
loso,subject_ra,W1,oas_trace_eps1e-6,2.0,exact_sorted_order_statistics,3,all,all,P2,0.5920138888888888,0.5920138888888888,1.8469720359425992,0.0084238848648965,1.4624800112667595e-05,0,4608,576,True
loso,subject_ra,W1,oas_trace_eps1e-6,3.0,exact_sorted_order_statistics,3,all,all,P2,0.5711805555555556,0.5711805555555556,1.8909810949116943,0.0076370029710233,1.3258685713582156e-05,0,4608,576,True
loso,subject_ra,W1,oas_trace_eps1e-6,4.0,exact_sorted_order_statistics,3,all,all,P2,0.6423611111111112,0.642361111111111,1.893007103120908,0.0068466109223663,1.1886477295774966e-05,0,4608,576,True
loso,subject_ra,W2,oas_trace_eps1e-6,,trial_tangent,3,all,all,B1,0.7447916666666666,0.7447916666666666,3.3308337049093097,0.0563001041300594,9.774323633690884e-05,0,4608,576,True
loso,subject_ra,W2,oas_trace_eps1e-6,,airm_nearest_class_mean,3,all,all,B2,0.6267361111111112,0.6267361111111112,2.6320269820280373,0.2309143091551959,0.0004008928978388,0,4608,576,True
loso,subject_ra,W2,oas_trace_eps1e-6,,mean_decision_score,3,all,all,B3,0.7378472222222222,0.7378472222222222,14.785311054904014,0.2074263431131839,0.0003601151790159,0,4608,576,True
loso,subject_ra,W2,oas_trace_eps1e-6,,majority_vote_secondary,3,all,all,B3_majority,0.6545138888888888,0.654513888888889,0.0,0.0,0.0,0,4608,576,True
loso,subject_ra,W2,oas_trace_eps1e-6,,mean_window_log_svec,3,all,all,B4,0.6631944444444444,0.6631944444444444,0.087306449888274,0.0012178570032119,2.11433507502079e-06,0,4608,576,True
loso,subject_ra,W2,oas_trace_eps1e-6,0.0,mean_std_projection_moments,3,all,all,B5,0.6371527777777778,0.6371527777777778,0.1528340911027044,0.0020318450406193,3.527508751075301e-06,0,4608,576,True
loso,subject_ra,W2,oas_trace_eps1e-6,1.0,mean_std_projection_moments,3,all,all,B5,0.6822916666666666,0.6822916666666667,0.1556458631530404,0.0022981008514761,3.989758422701723e-06,0,4608,576,True
loso,subject_ra,W2,oas_trace_eps1e-6,2.0,mean_std_projection_moments,3,all,all,B5,0.6440972222222222,0.6440972222222222,0.1619768389500677,0.0021369829773902,3.7100398913025856e-06,0,4608,576,True
loso,subject_ra,W2,oas_trace_eps1e-6,3.0,mean_std_projection_moments,3,all,all,B5,0.6545138888888888,0.6545138888888888,0.1637116088531911,0.0028279200196266,4.909583367407322e-06,0,4608,576,True
loso,subject_ra,W2,oas_trace_eps1e-6,4.0,mean_std_projection_moments,3,all,all,B5,0.6944444444444444,0.6944444444444444,0.1573587830644101,0.0025986148975789,4.511484197185685e-06,0,4608,576,True
loso,subject_ra,W2,oas_trace_eps1e-6,0.0,pooled_class_measure,3,all,all,P1,0.6059027777777778,0.6059027777777778,0.0375683610327541,5.437421584036201,0.0094399680278406,0,4608,576,True
loso,subject_ra,W2,oas_trace_eps1e-6,1.0,pooled_class_measure,3,all,all,P1,0.6232638888888888,0.6232638888888888,0.0372322751209139,5.74468192900531,0.0099734061267453,0,4608,576,True
loso,subject_ra,W2,oas_trace_eps1e-6,2.0,pooled_class_measure,3,all,all,P1,0.59375,0.59375,0.0368277640081942,6.030538671882823,0.010469685194241,0,4608,576,True
loso,subject_ra,W2,oas_trace_eps1e-6,3.0,pooled_class_measure,3,all,all,P1,0.6510416666666666,0.6510416666666667,0.0418984959833323,7.1878949431702495,0.0124789842763372,0,4608,576,True
loso,subject_ra,W2,oas_trace_eps1e-6,4.0,pooled_class_measure,3,all,all,P1,0.6024305555555556,0.6024305555555556,0.047697494039312,6.794878259068355,0.0117966636442158,0,4608,576,True
loso,subject_ra,W2,oas_trace_eps1e-6,0.0,exact_sorted_order_statistics,3,all,all,P2,0.5902777777777778,0.5902777777777778,0.4824048560112715,0.0042114879470318,7.311611019152527e-06,0,4608,576,True
loso,subject_ra,W2,oas_trace_eps1e-6,1.0,exact_sorted_order_statistics,3,all,all,P2,0.6267361111111112,0.6267361111111112,0.4969370441976934,0.0037507470697164,6.511713662702176e-06,0,4608,576,True
loso,subject_ra,W2,oas_trace_eps1e-6,2.0,exact_sorted_order_statistics,3,all,all,P2,0.6354166666666666,0.6354166666666666,0.4716492870356887,0.003711090888828,6.442866126437568e-06,0,4608,576,True
loso,subject_ra,W2,oas_trace_eps1e-6,3.0,exact_sorted_order_statistics,3,all,all,P2,0.5833333333333334,0.5833333333333334,0.548595521831885,0.0044993101619184,7.81130236444167e-06,0,4608,576,True
loso,subject_ra,W2,oas_trace_eps1e-6,4.0,exact_sorted_order_statistics,3,all,all,P2,0.6475694444444444,0.6475694444444444,0.521403546910733,0.0044501980300992,7.726038246700126e-06,0,4608,576,True
loso,subject_ra,W2,oas_trace_eps1e-6,,ordered_nonoverlap,3,all,all,ordered_control,0.6649305555555556,0.6649305555555556,14.66606602910906,0.2232890520244836,0.0003876546042091,0,4608,576,True
loso,subject_ra,W1,oas_trace_eps1e-6,,trial_tangent,4,all,all,B1,0.4548611111111111,0.4548611111111111,3.5189902728889138,0.0529771470464766,9.19742136223552e-05,0,4608,576,True
loso,subject_ra,W1,oas_trace_eps1e-6,,airm_nearest_class_mean,4,all,all,B2,0.390625,0.390625,2.5667719261255115,0.1760342980269342,0.0003056151007412,0,4608,576,True
loso,subject_ra,W1,oas_trace_eps1e-6,,mean_decision_score,4,all,all,B3,0.4409722222222222,0.4409722222222222,24.423536476911977,0.4258592571131885,0.0007393389880437,0,4608,576,True
loso,subject_ra,W1,oas_trace_eps1e-6,,majority_vote_secondary,4,all,all,B3_majority,0.4149305555555556,0.4149305555555556,0.0,0.0,0.0,0,4608,576,True
loso,subject_ra,W1,oas_trace_eps1e-6,,mean_window_log_svec,4,all,all,B4,0.4548611111111111,0.4548611111111111,0.1012168200686574,0.0014798350166529,2.569158015022468e-06,0,4608,576,True
loso,subject_ra,W1,oas_trace_eps1e-6,0.0,mean_std_projection_moments,4,all,all,B5,0.4236111111111111,0.4236111111111111,0.1635455258656293,0.0027534097898751,4.780225329644357e-06,0,4608,576,True
loso,subject_ra,W1,oas_trace_eps1e-6,1.0,mean_std_projection_moments,4,all,all,B5,0.4357638888888889,0.4357638888888889,0.1876549159642309,0.0033020100090652,5.7326562657383165e-06,0,4608,576,True
loso,subject_ra,W1,oas_trace_eps1e-6,2.0,mean_std_projection_moments,4,all,all,B5,0.4253472222222222,0.4253472222222222,0.1556738479994237,0.0026707870420068,4.636783059039671e-06,0,4608,576,True
loso,subject_ra,W1,oas_trace_eps1e-6,3.0,mean_std_projection_moments,4,all,all,B5,0.4340277777777778,0.4340277777777778,0.1484056708868593,0.0020324389915913,3.528539915957177e-06,0,4608,576,True
loso,subject_ra,W1,oas_trace_eps1e-6,4.0,mean_std_projection_moments,4,all,all,B5,0.421875,0.421875,0.1496132160536945,0.00240563089028,4.1764425178472366e-06,0,4608,576,True
loso,subject_ra,W1,oas_trace_eps1e-6,0.0,pooled_class_measure,4,all,all,P1,0.3836805555555556,0.3836805555555556,0.0759442560374736,13.102856932906434,0.0227480155085181,0,4608,576,True
loso,subject_ra,W1,oas_trace_eps1e-6,1.0,pooled_class_measure,4,all,all,P1,0.390625,0.390625,0.0699173081666231,11.958796895807607,0.0207618001663326,0,4608,576,True
loso,subject_ra,W1,oas_trace_eps1e-6,2.0,pooled_class_measure,4,all,all,P1,0.4114583333333333,0.4114583333333333,0.063457618933171,11.692548322957007,0.0202995630606892,0,4608,576,True
loso,subject_ra,W1,oas_trace_eps1e-6,3.0,pooled_class_measure,4,all,all,P1,0.4010416666666667,0.4010416666666666,0.0689052438829094,9.476774117909372,0.0164527328435926,0,4608,576,True
loso,subject_ra,W1,oas_trace_eps1e-6,4.0,pooled_class_measure,4,all,all,P1,0.3368055555555556,0.3368055555555556,0.0658634910359978,9.86720696487464,0.0171305676473518,0,4608,576,True
loso,subject_ra,W1,oas_trace_eps1e-6,0.0,exact_sorted_order_statistics,4,all,all,P2,0.3697916666666667,0.3697916666666666,1.8880617800168693,0.0065854049753397,1.1432994748853767e-05,0,4608,576,True
loso,subject_ra,W1,oas_trace_eps1e-6,1.0,exact_sorted_order_statistics,4,all,all,P2,0.421875,0.421875,1.9456894900649784,0.0077090940903872,1.3383843906922266e-05,0,4608,576,True
loso,subject_ra,W1,oas_trace_eps1e-6,2.0,exact_sorted_order_statistics,4,all,all,P2,0.3993055555555556,0.3993055555555556,1.900367352180183,0.0067584610078483,1.1733439249736774e-05,0,4608,576,True
loso,subject_ra,W1,oas_trace_eps1e-6,3.0,exact_sorted_order_statistics,4,all,all,P2,0.4045138888888889,0.4045138888888888,1.7183686459902674,0.0059637979138642,1.0353815822680996e-05,0,4608,576,True
loso,subject_ra,W1,oas_trace_eps1e-6,4.0,exact_sorted_order_statistics,4,all,all,P2,0.40625,0.40625,1.7739392728544772,0.0062779742293059,1.0899260814767333e-05,0,4608,576,True
loso,subject_ra,W2,oas_trace_eps1e-6,,trial_tangent,4,all,all,B1,0.4548611111111111,0.4548611111111111,3.489936169004068,0.0530691521707922,9.213394474095872e-05,0,4608,576,True
loso,subject_ra,W2,oas_trace_eps1e-6,,airm_nearest_class_mean,4,all,all,B2,0.390625,0.390625,2.647422594949603,0.1934776687994599,0.0003358987305546,0,4608,576,True
loso,subject_ra,W2,oas_trace_eps1e-6,,mean_decision_score,4,all,all,B3,0.4375,0.4375,14.238737893057989,0.2248003049753606,0.0003902783072488,0,4608,576,True
loso,subject_ra,W2,oas_trace_eps1e-6,,majority_vote_secondary,4,all,all,B3_majority,0.3923611111111111,0.3923611111111111,0.0,0.0,0.0,0,4608,576,True
loso,subject_ra,W2,oas_trace_eps1e-6,,mean_window_log_svec,4,all,all,B4,0.4270833333333333,0.4270833333333333,0.1065467467997223,0.0016704299487173,2.900051994300965e-06,0,4608,576,True
loso,subject_ra,W2,oas_trace_eps1e-6,0.0,mean_std_projection_moments,4,all,all,B5,0.4184027777777778,0.4184027777777778,0.2158519041258841,0.0026232039090245,4.554173453167702e-06,0,4608,576,True
loso,subject_ra,W2,oas_trace_eps1e-6,1.0,mean_std_projection_moments,4,all,all,B5,0.4565972222222222,0.4565972222222222,0.1742695160210132,0.0024390800390392,4.234513956665372e-06,0,4608,576,True
loso,subject_ra,W2,oas_trace_eps1e-6,2.0,mean_std_projection_moments,4,all,all,B5,0.40625,0.40625,0.1733130640350282,0.0026479829102754,4.5971925525615615e-06,0,4608,576,True
loso,subject_ra,W2,oas_trace_eps1e-6,3.0,mean_std_projection_moments,4,all,all,B5,0.4513888888888889,0.4513888888888888,0.1528591040987521,0.0021681571379303,3.7641616977958215e-06,0,4608,576,True
loso,subject_ra,W2,oas_trace_eps1e-6,4.0,mean_std_projection_moments,4,all,all,B5,0.4461805555555556,0.4461805555555556,0.1622860368806868,0.0025434561539441,4.415722489486345e-06,0,4608,576,True
loso,subject_ra,W2,oas_trace_eps1e-6,0.0,pooled_class_measure,4,all,all,P1,0.4027777777777778,0.4027777777777777,0.0407345900312066,7.137772870017216,0.0123919667882243,0,4608,576,True
loso,subject_ra,W2,oas_trace_eps1e-6,1.0,pooled_class_measure,4,all,all,P1,0.4045138888888889,0.4045138888888889,0.0378343400079757,6.595003524096683,0.0114496588960011,0,4608,576,True
loso,subject_ra,W2,oas_trace_eps1e-6,2.0,pooled_class_measure,4,all,all,P1,0.4010416666666667,0.4010416666666666,0.0398581011686474,6.206374320900068,0.0107749554182292,0,4608,576,True
loso,subject_ra,W2,oas_trace_eps1e-6,3.0,pooled_class_measure,4,all,all,P1,0.4045138888888889,0.4045138888888889,0.0387908138800412,6.396649949951097,0.0111052950519984,0,4608,576,True
loso,subject_ra,W2,oas_trace_eps1e-6,4.0,pooled_class_measure,4,all,all,P1,0.3489583333333333,0.3489583333333333,0.0406994789373129,5.717656551860273,0.0099264870692018,0,4608,576,True
loso,subject_ra,W2,oas_trace_eps1e-6,0.0,exact_sorted_order_statistics,4,all,all,P2,0.3940972222222222,0.3940972222222222,0.5432234858162701,0.0043716728687286,7.589709841542774e-06,0,4608,576,True
loso,subject_ra,W2,oas_trace_eps1e-6,1.0,exact_sorted_order_statistics,4,all,all,P2,0.4409722222222222,0.4409722222222222,0.4951857752166688,0.0041438981425017,7.1942676085099165e-06,0,4608,576,True
loso,subject_ra,W2,oas_trace_eps1e-6,2.0,exact_sorted_order_statistics,4,all,all,P2,0.3871527777777778,0.3871527777777778,0.5006817718967795,0.0045898591633886,7.968505491994114e-06,0,4608,576,True
loso,subject_ra,W2,oas_trace_eps1e-6,3.0,exact_sorted_order_statistics,4,all,all,P2,0.4270833333333333,0.4270833333333333,0.504360840190202,0.0042163010220974,7.319967052252549e-06,0,4608,576,True
loso,subject_ra,W2,oas_trace_eps1e-6,4.0,exact_sorted_order_statistics,4,all,all,P2,0.4288194444444444,0.4288194444444444,0.5058303310070187,0.0046947011724114,8.150522868769864e-06,0,4608,576,True
loso,subject_ra,W2,oas_trace_eps1e-6,,ordered_nonoverlap,4,all,all,ordered_control,0.4461805555555556,0.4461805555555556,15.89996975287795,0.2370496410876512,0.0004115445157771,0,4608,576,True
loso,subject_ra,W1,oas_trace_eps1e-6,,trial_tangent,5,all,all,B1,0.3715277777777778,0.3715277777777778,3.5844107209704816,0.0474409400485456,8.236274313983611e-05,0,4608,576,True
loso,subject_ra,W1,oas_trace_eps1e-6,,airm_nearest_class_mean,5,all,all,B2,0.3541666666666667,0.3541666666666666,2.71874119900167,0.1778587109874934,0.0003087824843532,0,4608,576,True
loso,subject_ra,W1,oas_trace_eps1e-6,,mean_decision_score,5,all,all,B3,0.3263888888888889,0.3263888888888889,24.985409934073687,0.4058523988351226,0.0007046048590887,0,4608,576,True
loso,subject_ra,W1,oas_trace_eps1e-6,,majority_vote_secondary,5,all,all,B3_majority,0.3090277777777778,0.3090277777777778,0.0,0.0,0.0,0,4608,576,True
loso,subject_ra,W1,oas_trace_eps1e-6,,mean_window_log_svec,5,all,all,B4,0.3125,0.3125,0.0943817750085145,0.0014082251582294,2.444835344148386e-06,0,4608,576,True
loso,subject_ra,W1,oas_trace_eps1e-6,0.0,mean_std_projection_moments,5,all,all,B5,0.3298611111111111,0.3298611111111111,0.1514558668714016,0.0022472878918051,3.901541478828423e-06,0,4608,576,True
loso,subject_ra,W1,oas_trace_eps1e-6,1.0,mean_std_projection_moments,5,all,all,B5,0.3350694444444444,0.3350694444444445,0.1635200988966971,0.0026281161699444,4.56270168393126e-06,0,4608,576,True
loso,subject_ra,W1,oas_trace_eps1e-6,2.0,mean_std_projection_moments,5,all,all,B5,0.3385416666666667,0.3385416666666667,0.1620148259680718,0.0025442270562052,4.417060861467488e-06,0,4608,576,True
loso,subject_ra,W1,oas_trace_eps1e-6,3.0,mean_std_projection_moments,5,all,all,B5,0.3315972222222222,0.3315972222222222,0.1674138731323182,0.0024841539561748,4.312767285025782e-06,0,4608,576,True
loso,subject_ra,W1,oas_trace_eps1e-6,4.0,mean_std_projection_moments,5,all,all,B5,0.3541666666666667,0.3541666666666666,0.1497491288464516,0.0025824990589171,4.483505310620078e-06,0,4608,576,True
loso,subject_ra,W1,oas_trace_eps1e-6,0.0,pooled_class_measure,5,all,all,P1,0.3194444444444444,0.3194444444444444,0.0687746680341661,11.14133181492798,0.0193425899564721,0,4608,576,True
loso,subject_ra,W1,oas_trace_eps1e-6,1.0,pooled_class_measure,5,all,all,P1,0.2881944444444444,0.2881944444444444,0.0782891199924051,11.277553252875803,0.0195790855084649,0,4608,576,True
loso,subject_ra,W1,oas_trace_eps1e-6,2.0,pooled_class_measure,5,all,all,P1,0.3246527777777778,0.3246527777777778,0.0729263208340853,12.30180547386408,0.0213573011699029,0,4608,576,True
loso,subject_ra,W1,oas_trace_eps1e-6,3.0,pooled_class_measure,5,all,all,P1,0.3454861111111111,0.3454861111111111,0.0643969059456139,10.35922114388086,0.0179847589303487,0,4608,576,True
loso,subject_ra,W1,oas_trace_eps1e-6,4.0,pooled_class_measure,5,all,all,P1,0.3454861111111111,0.3454861111111111,0.0763987200334668,10.833054506918415,0.0188073862967333,0,4608,576,True
loso,subject_ra,W1,oas_trace_eps1e-6,0.0,exact_sorted_order_statistics,5,all,all,P2,0.3333333333333333,0.3333333333333333,1.7460628440603614,0.006885444978252,1.1953897531687591e-05,0,4608,576,True
loso,subject_ra,W1,oas_trace_eps1e-6,1.0,exact_sorted_order_statistics,5,all,all,P2,0.3315972222222222,0.3315972222222222,1.9135234919376671,0.0082344859838485,1.4295982610848216e-05,0,4608,576,True
loso,subject_ra,W1,oas_trace_eps1e-6,2.0,exact_sorted_order_statistics,5,all,all,P2,0.3194444444444444,0.3194444444444444,1.8362620768602935,0.007046019192785,1.2232672209696224e-05,0,4608,576,True
loso,subject_ra,W1,oas_trace_eps1e-6,3.0,exact_sorted_order_statistics,5,all,all,P2,0.3038194444444444,0.3038194444444444,1.8432696149684489,0.0064987719524651,1.1282590195252043e-05,0,4608,576,True
loso,subject_ra,W1,oas_trace_eps1e-6,4.0,exact_sorted_order_statistics,5,all,all,P2,0.3107638888888889,0.3107638888888889,1.7858112819958478,0.007619054056704,1.3227524404000076e-05,0,4608,576,True
loso,subject_ra,W2,oas_trace_eps1e-6,,trial_tangent,5,all,all,B1,0.3715277777777778,0.3715277777777778,3.355381438974291,0.0483658940065652,8.396856598362017e-05,0,4608,576,True
loso,subject_ra,W2,oas_trace_eps1e-6,,airm_nearest_class_mean,5,all,all,B2,0.3541666666666667,0.3541666666666666,2.680961824022233,0.1930523088667541,0.0003351602584492,0,4608,576,True
loso,subject_ra,W2,oas_trace_eps1e-6,,mean_decision_score,5,all,all,B3,0.3055555555555556,0.3055555555555556,14.284400433069097,0.2301143109798431,0.0003995040121177,0,4608,576,True
loso,subject_ra,W2,oas_trace_eps1e-6,,majority_vote_secondary,5,all,all,B3_majority,0.3003472222222222,0.3003472222222222,0.0,0.0,0.0,0,4608,576,True
loso,subject_ra,W2,oas_trace_eps1e-6,,mean_window_log_svec,5,all,all,B4,0.3003472222222222,0.3003472222222222,0.1033772360533475,0.0015322749968618,2.6601996473295408e-06,0,4608,576,True
loso,subject_ra,W2,oas_trace_eps1e-6,0.0,mean_std_projection_moments,5,all,all,B5,0.3177083333333333,0.3177083333333333,0.1541267689317464,0.0023247220087796,4.0359757096868834e-06,0,4608,576,True
loso,subject_ra,W2,oas_trace_eps1e-6,1.0,mean_std_projection_moments,5,all,all,B5,0.328125,0.328125,0.1616923899855464,0.0023748860694468,4.123066092789587e-06,0,4608,576,True
loso,subject_ra,W2,oas_trace_eps1e-6,2.0,mean_std_projection_moments,5,all,all,B5,0.3402777777777778,0.3402777777777778,0.1472543119452893,0.0023821671493351,4.1357068564846286e-06,0,4608,576,True
loso,subject_ra,W2,oas_trace_eps1e-6,3.0,mean_std_projection_moments,5,all,all,B5,0.3246527777777778,0.3246527777777778,0.1532255869824439,0.0026627981569617,4.622913466947567e-06,0,4608,576,True
loso,subject_ra,W2,oas_trace_eps1e-6,4.0,mean_std_projection_moments,5,all,all,B5,0.3333333333333333,0.3333333333333333,0.1768989539705217,0.0025521849747747,4.430876692317219e-06,0,4608,576,True
loso,subject_ra,W2,oas_trace_eps1e-6,0.0,pooled_class_measure,5,all,all,P1,0.3107638888888889,0.3107638888888888,0.0397458639927208,6.288796472828835,0.0109180494319945,0,4608,576,True
loso,subject_ra,W2,oas_trace_eps1e-6,1.0,pooled_class_measure,5,all,all,P1,0.3003472222222222,0.3003472222222222,0.0404991710092872,6.242453226121143,0.0108375924064603,0,4608,576,True
loso,subject_ra,W2,oas_trace_eps1e-6,2.0,pooled_class_measure,5,all,all,P1,0.3125,0.3125,0.0398681741207838,6.188222781056538,0.0107434423282231,0,4608,576,True
loso,subject_ra,W2,oas_trace_eps1e-6,3.0,pooled_class_measure,5,all,all,P1,0.3402777777777778,0.3402777777777778,0.0379140030127018,6.370167148998007,0.0110593179670104,0,4608,576,True
loso,subject_ra,W2,oas_trace_eps1e-6,4.0,pooled_class_measure,5,all,all,P1,0.3402777777777778,0.3402777777777778,0.0437561541330069,6.61138484091498,0.011478098682144,0,4608,576,True
loso,subject_ra,W2,oas_trace_eps1e-6,0.0,exact_sorted_order_statistics,5,all,all,P2,0.3090277777777778,0.3090277777777778,0.5179380329791456,0.0041913778986781,7.276697740760735e-06,0,4608,576,True
loso,subject_ra,W2,oas_trace_eps1e-6,1.0,exact_sorted_order_statistics,5,all,all,P2,0.3472222222222222,0.3472222222222222,0.5226679390762001,0.0042422260157763,7.36497572183402e-06,0,4608,576,True
loso,subject_ra,W2,oas_trace_eps1e-6,2.0,exact_sorted_order_statistics,5,all,all,P2,0.3315972222222222,0.3315972222222222,0.4823280649725348,0.0045269241090863,7.859243244941657e-06,0,4608,576,True
loso,subject_ra,W2,oas_trace_eps1e-6,3.0,exact_sorted_order_statistics,5,all,all,P2,0.2916666666666667,0.2916666666666667,0.4909009169787168,0.0038282431196421,6.646255416045379e-06,0,4608,576,True
loso,subject_ra,W2,oas_trace_eps1e-6,4.0,exact_sorted_order_statistics,5,all,all,P2,0.328125,0.328125,0.5192293440923095,0.0048143821768462,8.3583023903581e-06,0,4608,576,True
loso,subject_ra,W2,oas_trace_eps1e-6,,ordered_nonoverlap,5,all,all,ordered_control,0.3385416666666667,0.3385416666666666,15.308833146002144,0.2077164610382169,0.0003606188559691,0,4608,576,True
loso,subject_ra,W1,oas_trace_eps1e-6,,trial_tangent,6,all,all,B1,0.3888888888888889,0.3888888888888888,3.698653985047713,0.0477592220995575,8.291531614506514e-05,0,4608,576,True
loso,subject_ra,W1,oas_trace_eps1e-6,,airm_nearest_class_mean,6,all,all,B2,0.3333333333333333,0.3333333333333333,2.7233531470410526,0.1828208090737462,0.0003173972379752,0,4608,576,True
loso,subject_ra,W1,oas_trace_eps1e-6,,mean_decision_score,6,all,all,B3,0.4201388888888889,0.4201388888888888,25.451831151964143,0.4275968030560761,0.0007423555608612,0,4608,576,True
loso,subject_ra,W1,oas_trace_eps1e-6,,majority_vote_secondary,6,all,all,B3_majority,0.3940972222222222,0.3940972222222222,0.0,0.0,0.0,0,4608,576,True
loso,subject_ra,W1,oas_trace_eps1e-6,,mean_window_log_svec,6,all,all,B4,0.4114583333333333,0.4114583333333333,0.1038733189925551,0.0017373620066791,3.0162534838180163e-06,0,4608,576,True
loso,subject_ra,W1,oas_trace_eps1e-6,0.0,mean_std_projection_moments,6,all,all,B5,0.4149305555555556,0.4149305555555556,0.1665460329968482,0.0025204620324075,4.375802139596392e-06,0,4608,576,True
loso,subject_ra,W1,oas_trace_eps1e-6,1.0,mean_std_projection_moments,6,all,all,B5,0.4253472222222222,0.4253472222222222,0.166001483798027,0.0023316820152103,4.048059054184705e-06,0,4608,576,True
loso,subject_ra,W1,oas_trace_eps1e-6,2.0,mean_std_projection_moments,6,all,all,B5,0.4166666666666667,0.4166666666666666,0.159116179915145,0.0021971240639686,3.814451499945588e-06,0,4608,576,True
loso,subject_ra,W1,oas_trace_eps1e-6,3.0,mean_std_projection_moments,6,all,all,B5,0.4131944444444444,0.4131944444444444,0.1522733771707862,0.0024254750460386,4.210894177150395e-06,0,4608,576,True
loso,subject_ra,W1,oas_trace_eps1e-6,4.0,mean_std_projection_moments,6,all,all,B5,0.4253472222222222,0.4253472222222222,0.1433815690688789,0.0023902719840407,4.149777750070724e-06,0,4608,576,True
loso,subject_ra,W1,oas_trace_eps1e-6,0.0,pooled_class_measure,6,all,all,P1,0.3663194444444444,0.3663194444444445,0.0778675340116024,12.124254967086015,0.0210490537623021,0,4608,576,True
loso,subject_ra,W1,oas_trace_eps1e-6,1.0,pooled_class_measure,6,all,all,P1,0.3663194444444444,0.3663194444444445,0.0657537479419261,10.44761181389913,0.0181382149546859,0,4608,576,True
loso,subject_ra,W1,oas_trace_eps1e-6,2.0,pooled_class_measure,6,all,all,P1,0.3541666666666667,0.3541666666666666,0.0851935378741473,10.87722936202772,0.0188840787535203,0,4608,576,True
loso,subject_ra,W1,oas_trace_eps1e-6,3.0,pooled_class_measure,6,all,all,P1,0.3506944444444444,0.3506944444444445,0.0646999450400471,9.660354100866243,0.0167714480917816,0,4608,576,True
loso,subject_ra,W1,oas_trace_eps1e-6,4.0,pooled_class_measure,6,all,all,P1,0.3767361111111111,0.3767361111111111,0.0739317890256643,10.854032443836331,0.0188438063261047,0,4608,576,True
loso,subject_ra,W1,oas_trace_eps1e-6,0.0,exact_sorted_order_statistics,6,all,all,P2,0.3680555555555556,0.3680555555555556,1.84235531790182,0.007212690077722,1.2522031384934156e-05,0,4608,576,True
loso,subject_ra,W1,oas_trace_eps1e-6,1.0,exact_sorted_order_statistics,6,all,all,P2,0.4184027777777778,0.4184027777777778,1.797657893039286,0.0065512631554156,1.1373720755929957e-05,0,4608,576,True
loso,subject_ra,W1,oas_trace_eps1e-6,2.0,exact_sorted_order_statistics,6,all,all,P2,0.3958333333333333,0.3958333333333333,1.7333177488762883,0.0066783158108592,1.1594298282741673e-05,0,4608,576,True
loso,subject_ra,W1,oas_trace_eps1e-6,3.0,exact_sorted_order_statistics,6,all,all,P2,0.3854166666666667,0.3854166666666666,1.7748647290281951,0.0063869510777294,1.1088456732169208e-05,0,4608,576,True
loso,subject_ra,W1,oas_trace_eps1e-6,4.0,exact_sorted_order_statistics,6,all,all,P2,0.4114583333333333,0.4114583333333333,1.7966550111304969,0.0065565661061555,1.13829272676311e-05,0,4608,576,True
loso,subject_ra,W2,oas_trace_eps1e-6,,trial_tangent,6,all,all,B1,0.3888888888888889,0.3888888888888888,3.474620762979612,0.0465005398727953,8.073010394582525e-05,0,4608,576,True
loso,subject_ra,W2,oas_trace_eps1e-6,,airm_nearest_class_mean,6,all,all,B2,0.3333333333333333,0.3333333333333333,2.498883025022224,0.1844196771271526,0.0003201730505679,0,4608,576,True
loso,subject_ra,W2,oas_trace_eps1e-6,,mean_decision_score,6,all,all,B3,0.4357638888888889,0.4357638888888889,14.373269435949624,0.2457588489633053,0.000426664668339,0,4608,576,True
loso,subject_ra,W2,oas_trace_eps1e-6,,majority_vote_secondary,6,all,all,B3_majority,0.3836805555555556,0.3836805555555556,0.0,0.0,0.0,0,4608,576,True
loso,subject_ra,W2,oas_trace_eps1e-6,,mean_window_log_svec,6,all,all,B4,0.4131944444444444,0.4131944444444444,0.1135666789487004,0.0014426629059016,2.504623100523733e-06,0,4608,576,True
loso,subject_ra,W2,oas_trace_eps1e-6,0.0,mean_std_projection_moments,6,all,all,B5,0.4131944444444444,0.4131944444444444,0.1557994349859655,0.0026138930115848,4.538008700668191e-06,0,4608,576,True
loso,subject_ra,W2,oas_trace_eps1e-6,1.0,mean_std_projection_moments,6,all,all,B5,0.3975694444444444,0.3975694444444444,0.1609376519918441,0.0023747279774397,4.122791627499585e-06,0,4608,576,True
loso,subject_ra,W2,oas_trace_eps1e-6,2.0,mean_std_projection_moments,6,all,all,B5,0.3958333333333333,0.3958333333333333,0.1453648330643773,0.0021804159041494,3.785444278037176e-06,0,4608,576,True
loso,subject_ra,W2,oas_trace_eps1e-6,3.0,mean_std_projection_moments,6,all,all,B5,0.4114583333333333,0.4114583333333333,0.1586345040705055,0.0026877501513808,4.666232901702945e-06,0,4608,576,True
loso,subject_ra,W2,oas_trace_eps1e-6,4.0,mean_std_projection_moments,6,all,all,B5,0.4166666666666667,0.4166666666666667,0.1611220769118517,0.0024013218935579,4.168961620760254e-06,0,4608,576,True
loso,subject_ra,W2,oas_trace_eps1e-6,0.0,pooled_class_measure,6,all,all,P1,0.3628472222222222,0.3628472222222222,0.0392322468105703,6.905756141059101,0.0119891599671164,0,4608,576,True
loso,subject_ra,W2,oas_trace_eps1e-6,1.0,pooled_class_measure,6,all,all,P1,0.3680555555555556,0.3680555555555556,0.0397172961384058,5.7898409210611135,0.0100518071546199,0,4608,576,True
loso,subject_ra,W2,oas_trace_eps1e-6,2.0,pooled_class_measure,6,all,all,P1,0.34375,0.34375,0.0374014349654316,5.5673306009266526,0.0096655045154976,0,4608,576,True
loso,subject_ra,W2,oas_trace_eps1e-6,3.0,pooled_class_measure,6,all,all,P1,0.3559027777777778,0.3559027777777778,0.0382845608983188,5.942896921187639,0.0103175293770618,0,4608,576,True
loso,subject_ra,W2,oas_trace_eps1e-6,4.0,pooled_class_measure,6,all,all,P1,0.375,0.375,0.0389572011772543,5.8986340060364455,0.0102406840382577,0,4608,576,True
loso,subject_ra,W2,oas_trace_eps1e-6,0.0,exact_sorted_order_statistics,6,all,all,P2,0.3854166666666667,0.3854166666666666,0.5192275119479746,0.0042886361479759,7.445548868013753e-06,0,4608,576,True
loso,subject_ra,W2,oas_trace_eps1e-6,1.0,exact_sorted_order_statistics,6,all,all,P2,0.4131944444444444,0.4131944444444444,0.4878632498439401,0.0044506469275802,7.726817582604579e-06,0,4608,576,True
loso,subject_ra,W2,oas_trace_eps1e-6,2.0,exact_sorted_order_statistics,6,all,all,P2,0.3819444444444444,0.3819444444444445,0.473965223878622,0.0036594199482351,6.353159632352698e-06,0,4608,576,True
loso,subject_ra,W2,oas_trace_eps1e-6,3.0,exact_sorted_order_statistics,6,all,all,P2,0.4149305555555556,0.4149305555555555,0.4897423300426453,0.0040876599960029,7.096631937505056e-06,0,4608,576,True
loso,subject_ra,W2,oas_trace_eps1e-6,4.0,exact_sorted_order_statistics,6,all,all,P2,0.4079861111111111,0.4079861111111111,0.476729323156178,0.0041348179802298,7.178503437899053e-06,0,4608,576,True
loso,subject_ra,W2,oas_trace_eps1e-6,,ordered_nonoverlap,6,all,all,ordered_control,0.421875,0.421875,15.867757349042222,0.2209404639434069,0.0003835771943461,0,4608,576,True
loso,subject_ra,W1,oas_trace_eps1e-6,,trial_tangent,7,all,all,B1,0.4357638888888889,0.4357638888888888,3.44013086007908,0.0498765730299055,8.659127262136381e-05,0,4608,576,True
loso,subject_ra,W1,oas_trace_eps1e-6,,airm_nearest_class_mean,7,all,all,B2,0.6284722222222222,0.6284722222222222,2.996123189106584,0.2223471461329609,0.0003860193509252,0,4608,576,True
loso,subject_ra,W1,oas_trace_eps1e-6,,mean_decision_score,7,all,all,B3,0.4809027777777778,0.4809027777777778,25.35856006317772,0.3961374319624156,0.0006877385971569,0,4608,576,True
loso,subject_ra,W1,oas_trace_eps1e-6,,majority_vote_secondary,7,all,all,B3_majority,0.4461805555555556,0.4461805555555556,0.0,0.0,0.0,0,4608,576,True
loso,subject_ra,W1,oas_trace_eps1e-6,,mean_window_log_svec,7,all,all,B4,0.4201388888888889,0.4201388888888889,0.092454066965729,0.0013854200951755,2.405243220790807e-06,0,4608,576,True
loso,subject_ra,W1,oas_trace_eps1e-6,0.0,mean_std_projection_moments,7,all,all,B5,0.4340277777777778,0.4340277777777778,0.1390626130159944,0.0020493029151111,3.557817560956917e-06,0,4608,576,True
loso,subject_ra,W1,oas_trace_eps1e-6,1.0,mean_std_projection_moments,7,all,all,B5,0.4253472222222222,0.4253472222222222,0.1522077249828726,0.0024038380943238,4.173330024867836e-06,0,4608,576,True
loso,subject_ra,W1,oas_trace_eps1e-6,2.0,mean_std_projection_moments,7,all,all,B5,0.4357638888888889,0.4357638888888889,0.1407828850205987,0.0020843951497226,3.61874157937968e-06,0,4608,576,True
loso,subject_ra,W1,oas_trace_eps1e-6,3.0,mean_std_projection_moments,7,all,all,B5,0.4322916666666667,0.4322916666666666,0.1562330690212547,0.0020554529037326,3.568494624535864e-06,0,4608,576,True
loso,subject_ra,W1,oas_trace_eps1e-6,4.0,mean_std_projection_moments,7,all,all,B5,0.4027777777777778,0.4027777777777778,0.1583987679332494,0.0022603701800107,3.924253784740965e-06,0,4608,576,True
loso,subject_ra,W1,oas_trace_eps1e-6,0.0,pooled_class_measure,7,all,all,P1,0.5920138888888888,0.592013888888889,0.0671043491456657,10.78944489895366,0.0187316751717945,0,4608,576,True
loso,subject_ra,W1,oas_trace_eps1e-6,1.0,pooled_class_measure,7,all,all,P1,0.5711805555555556,0.5711805555555556,0.0622374911326915,10.450379129033536,0.0181430193212387,0,4608,576,True
loso,subject_ra,W1,oas_trace_eps1e-6,2.0,pooled_class_measure,7,all,all,P1,0.5104166666666666,0.5104166666666666,0.0826612189412117,12.22175075020641,0.0212183172746639,0,4608,576,True
loso,subject_ra,W1,oas_trace_eps1e-6,3.0,pooled_class_measure,7,all,all,P1,0.6197916666666666,0.6197916666666666,0.0749810151755809,10.18039388395846,0.0176742949374278,0,4608,576,True
loso,subject_ra,W1,oas_trace_eps1e-6,4.0,pooled_class_measure,7,all,all,P1,0.5711805555555556,0.5711805555555556,0.0722141098231077,10.84538121591322,0.0188287868331826,0,4608,576,True
loso,subject_ra,W1,oas_trace_eps1e-6,0.0,exact_sorted_order_statistics,7,all,all,P2,0.3819444444444444,0.3819444444444444,1.722047006012872,0.0062143909744918,1.078887321960388e-05,0,4608,576,True
loso,subject_ra,W1,oas_trace_eps1e-6,1.0,exact_sorted_order_statistics,7,all,all,P2,0.3958333333333333,0.3958333333333333,1.6844567239750177,0.0066261820029467,1.1503788199560302e-05,0,4608,576,True
loso,subject_ra,W1,oas_trace_eps1e-6,2.0,exact_sorted_order_statistics,7,all,all,P2,0.375,0.375,1.6996757800225168,0.0070986018981784,1.2323961628782046e-05,0,4608,576,True
loso,subject_ra,W1,oas_trace_eps1e-6,3.0,exact_sorted_order_statistics,7,all,all,P2,0.4253472222222222,0.4253472222222222,1.692306859884411,0.0065327009651809,1.1341494731217002e-05,0,4608,576,True
loso,subject_ra,W1,oas_trace_eps1e-6,4.0,exact_sorted_order_statistics,7,all,all,P2,0.3940972222222222,0.3940972222222222,1.7385588099714369,0.0073493539821356,1.27592951078744e-05,0,4608,576,True
loso,subject_ra,W2,oas_trace_eps1e-6,,trial_tangent,7,all,all,B1,0.4357638888888889,0.4357638888888888,3.5608306489884853,0.0486690578982234,8.449489218441563e-05,0,4608,576,True
loso,subject_ra,W2,oas_trace_eps1e-6,,airm_nearest_class_mean,7,all,all,B2,0.6284722222222222,0.6284722222222222,2.888215431012213,0.2051603619474917,0.0003561811839366,0,4608,576,True
loso,subject_ra,W2,oas_trace_eps1e-6,,mean_decision_score,7,all,all,B3,0.4670138888888889,0.4670138888888888,14.515638484153897,0.2169929288793355,0.0003767238348599,0,4608,576,True
loso,subject_ra,W2,oas_trace_eps1e-6,,majority_vote_secondary,7,all,all,B3_majority,0.4322916666666667,0.4322916666666667,0.0,0.0,0.0,0,4608,576,True
loso,subject_ra,W2,oas_trace_eps1e-6,,mean_window_log_svec,7,all,all,B4,0.4270833333333333,0.4270833333333333,0.0976008670404553,0.0014012879692018,2.432791613197575e-06,0,4608,576,True
loso,subject_ra,W2,oas_trace_eps1e-6,0.0,mean_std_projection_moments,7,all,all,B5,0.4375,0.4375,0.1501056768465787,0.0023581918794661,4.094083124073222e-06,0,4608,576,True
loso,subject_ra,W2,oas_trace_eps1e-6,1.0,mean_std_projection_moments,7,all,all,B5,0.4114583333333333,0.4114583333333333,0.1552007829304784,0.0023657400161027,4.107187527956234e-06,0,4608,576,True
loso,subject_ra,W2,oas_trace_eps1e-6,2.0,mean_std_projection_moments,7,all,all,B5,0.4184027777777778,0.4184027777777778,0.1577529408968985,0.0024728798307478,4.293194150603894e-06,0,4608,576,True
loso,subject_ra,W2,oas_trace_eps1e-6,3.0,mean_std_projection_moments,7,all,all,B5,0.4322916666666667,0.4322916666666667,0.1607373640872538,0.0020777741447091,3.607246779008872e-06,0,4608,576,True
loso,subject_ra,W2,oas_trace_eps1e-6,4.0,mean_std_projection_moments,7,all,all,B5,0.4236111111111111,0.4236111111111111,0.1733112619258463,0.0027652778662741,4.800829628948122e-06,0,4608,576,True
loso,subject_ra,W2,oas_trace_eps1e-6,0.0,pooled_class_measure,7,all,all,P1,0.5746527777777778,0.5746527777777777,0.0369679271243512,5.973816717043519,0.0103712095782005,0,4608,576,True
loso,subject_ra,W2,oas_trace_eps1e-6,1.0,pooled_class_measure,7,all,all,P1,0.5590277777777778,0.5590277777777778,0.0365549221169203,5.375365444924682,0.0093322316752164,0,4608,576,True
loso,subject_ra,W2,oas_trace_eps1e-6,2.0,pooled_class_measure,7,all,all,P1,0.4826388888888889,0.4826388888888889,0.0369791910052299,5.698590752901509,0.0098933867237873,0,4608,576,True
loso,subject_ra,W2,oas_trace_eps1e-6,3.0,pooled_class_measure,7,all,all,P1,0.5885416666666666,0.5885416666666666,0.036479485919699,6.262634929968044,0.01087263008675,0,4608,576,True
loso,subject_ra,W2,oas_trace_eps1e-6,4.0,pooled_class_measure,7,all,all,P1,0.5572916666666666,0.5572916666666666,0.0468687540851533,6.302281897049397,0.0109414616268218,0,4608,576,True
loso,subject_ra,W2,oas_trace_eps1e-6,0.0,exact_sorted_order_statistics,7,all,all,P2,0.40625,0.40625,0.5005796269979328,0.0039286979008466,6.820656077858682e-06,0,4608,576,True
loso,subject_ra,W2,oas_trace_eps1e-6,1.0,exact_sorted_order_statistics,7,all,all,P2,0.40625,0.40625,0.4630136420018971,0.0037657539360225,6.537767250039097e-06,0,4608,576,True
loso,subject_ra,W2,oas_trace_eps1e-6,2.0,exact_sorted_order_statistics,7,all,all,P2,0.4131944444444444,0.4131944444444444,0.4976453799754381,0.0037688219454139,6.5430936552325474e-06,0,4608,576,True
loso,subject_ra,W2,oas_trace_eps1e-6,3.0,exact_sorted_order_statistics,7,all,all,P2,0.3993055555555556,0.3993055555555556,0.46246642107144,0.0036305920220911,6.3031111494638026e-06,0,4608,576,True
loso,subject_ra,W2,oas_trace_eps1e-6,4.0,exact_sorted_order_statistics,7,all,all,P2,0.3802083333333333,0.3802083333333333,0.541420228080824,0.0042693179566413,7.412010341391175e-06,0,4608,576,True
loso,subject_ra,W2,oas_trace_eps1e-6,,ordered_nonoverlap,7,all,all,ordered_control,0.4375,0.4375,15.218005378032103,0.214910038979724,0.000373107706562,0,4608,576,True
loso,subject_ra,W1,oas_trace_eps1e-6,,trial_tangent,8,all,all,B1,0.6909722222222222,0.6909722222222222,3.4383118520490825,0.0475831681396812,8.260966690916878e-05,0,4608,576,True
loso,subject_ra,W1,oas_trace_eps1e-6,,airm_nearest_class_mean,8,all,all,B2,0.6736111111111112,0.6736111111111112,2.593708504922688,0.212120858952403,0.0003682653801256,0,4608,576,True
loso,subject_ra,W1,oas_trace_eps1e-6,,mean_decision_score,8,all,all,B3,0.6701388888888888,0.6701388888888888,25.41861195396632,0.4448810881003737,0.0007723630001742,0,4608,576,True
loso,subject_ra,W1,oas_trace_eps1e-6,,majority_vote_secondary,8,all,all,B3_majority,0.6458333333333334,0.6458333333333334,0.0,0.0,0.0,0,4608,576,True
loso,subject_ra,W1,oas_trace_eps1e-6,,mean_window_log_svec,8,all,all,B4,0.6875,0.6875,0.1024033820722252,0.0016964329406619,2.945196077538033e-06,0,4608,576,True
loso,subject_ra,W1,oas_trace_eps1e-6,0.0,mean_std_projection_moments,8,all,all,B5,0.6631944444444444,0.6631944444444444,0.1677440260536968,0.0026521871332079,4.60449155070819e-06,0,4608,576,True
loso,subject_ra,W1,oas_trace_eps1e-6,1.0,mean_std_projection_moments,8,all,all,B5,0.6892361111111112,0.6892361111111112,0.1408007659483701,0.0020588140469044,3.574329942542439e-06,0,4608,576,True
loso,subject_ra,W1,oas_trace_eps1e-6,2.0,mean_std_projection_moments,8,all,all,B5,0.7309027777777778,0.7309027777777778,0.1529963810462504,0.0025144249666482,4.365321122653161e-06,0,4608,576,True
loso,subject_ra,W1,oas_trace_eps1e-6,3.0,mean_std_projection_moments,8,all,all,B5,0.6631944444444444,0.6631944444444444,0.1476148220244795,0.0023233608808368,4.033612640341744e-06,0,4608,576,True
loso,subject_ra,W1,oas_trace_eps1e-6,4.0,mean_std_projection_moments,8,all,all,B5,0.6753472222222222,0.6753472222222223,0.1493922600056976,0.0022166459821164,3.848343718952189e-06,0,4608,576,True
loso,subject_ra,W1,oas_trace_eps1e-6,0.0,pooled_class_measure,8,all,all,P1,0.7083333333333334,0.7083333333333333,0.070219564018771,11.558518461883068,0.0200668723296581,0,4608,576,True
loso,subject_ra,W1,oas_trace_eps1e-6,1.0,pooled_class_measure,8,all,all,P1,0.6788194444444444,0.6788194444444444,0.0624557458795607,10.470650856150314,0.0181782132919276,0,4608,576,True
loso,subject_ra,W1,oas_trace_eps1e-6,2.0,pooled_class_measure,8,all,all,P1,0.6805555555555556,0.6805555555555555,0.0692027111072093,10.655558921862394,0.0184992342393444,0,4608,576,True
loso,subject_ra,W1,oas_trace_eps1e-6,3.0,pooled_class_measure,8,all,all,P1,0.6701388888888888,0.6701388888888888,0.0714816208928823,10.883839078014717,0.0188955539548866,0,4608,576,True
loso,subject_ra,W1,oas_trace_eps1e-6,4.0,pooled_class_measure,8,all,all,P1,0.6649305555555556,0.6649305555555556,0.0714882400352507,10.23509525298141,0.0177692625919816,0,4608,576,True
loso,subject_ra,W1,oas_trace_eps1e-6,0.0,exact_sorted_order_statistics,8,all,all,P2,0.5885416666666666,0.5885416666666666,2.1051117461174726,0.0071463189087808,1.24068036610778e-05,0,4608,576,True
loso,subject_ra,W1,oas_trace_eps1e-6,1.0,exact_sorted_order_statistics,8,all,all,P2,0.6163194444444444,0.6163194444444444,1.6691149109974504,0.0066468489822,1.1539668371875046e-05,0,4608,576,True
loso,subject_ra,W1,oas_trace_eps1e-6,2.0,exact_sorted_order_statistics,8,all,all,P2,0.6545138888888888,0.6545138888888888,1.7731415340676904,0.0069958309177309,1.2145539787727304e-05,0,4608,576,True
loso,subject_ra,W1,oas_trace_eps1e-6,3.0,exact_sorted_order_statistics,8,all,all,P2,0.5815972222222222,0.5815972222222222,1.702000689227134,0.0063505759462714,1.102530546227677e-05,0,4608,576,True
loso,subject_ra,W1,oas_trace_eps1e-6,4.0,exact_sorted_order_statistics,8,all,all,P2,0.6267361111111112,0.6267361111111112,1.8230378348380327,0.0073132161051034,1.2696555738026897e-05,0,4608,576,True
loso,subject_ra,W2,oas_trace_eps1e-6,,trial_tangent,8,all,all,B1,0.6909722222222222,0.6909722222222222,3.448802838101983,0.0502462668810039,8.723310222396524e-05,0,4608,576,True
loso,subject_ra,W2,oas_trace_eps1e-6,,airm_nearest_class_mean,8,all,all,B2,0.6736111111111112,0.6736111111111112,2.465046717086807,0.1995503220241516,0.0003464415312919,0,4608,576,True
loso,subject_ra,W2,oas_trace_eps1e-6,,mean_decision_score,8,all,all,B3,0.6527777777777778,0.6527777777777778,14.862956163939089,0.2425459080841392,0.0004210866459794,0,4608,576,True
loso,subject_ra,W2,oas_trace_eps1e-6,,majority_vote_secondary,8,all,all,B3_majority,0.5815972222222222,0.5815972222222222,0.0,0.0,0.0,0,4608,576,True
loso,subject_ra,W2,oas_trace_eps1e-6,,mean_window_log_svec,8,all,all,B4,0.6631944444444444,0.6631944444444444,0.1181564950384199,0.0015701458323746,2.7259476256505068e-06,0,4608,576,True
loso,subject_ra,W2,oas_trace_eps1e-6,0.0,mean_std_projection_moments,8,all,all,B5,0.6302083333333334,0.6302083333333334,0.1542509500868618,0.0024813299532979,4.307864502253425e-06,0,4608,576,True
loso,subject_ra,W2,oas_trace_eps1e-6,1.0,mean_std_projection_moments,8,all,all,B5,0.6527777777777778,0.6527777777777777,0.1459340588189661,0.0023405319079756,4.063423451346655e-06,0,4608,576,True
loso,subject_ra,W2,oas_trace_eps1e-6,2.0,mean_std_projection_moments,8,all,all,B5,0.6770833333333334,0.6770833333333334,0.1348678809590637,0.0020021651871502,3.475981227691389e-06,0,4608,576,True
loso,subject_ra,W2,oas_trace_eps1e-6,3.0,mean_std_projection_moments,8,all,all,B5,0.6267361111111112,0.626736111111111,0.1439352240413427,0.0024130470119416,4.189317729065402e-06,0,4608,576,True
loso,subject_ra,W2,oas_trace_eps1e-6,4.0,mean_std_projection_moments,8,all,all,B5,0.6649305555555556,0.6649305555555556,0.1572448671795427,0.0025629270821809,4.449526184341974e-06,0,4608,576,True
loso,subject_ra,W2,oas_trace_eps1e-6,0.0,pooled_class_measure,8,all,all,P1,0.671875,0.671875,0.0427698860876262,5.73686034604907,0.0099598269896685,0,4608,576,True
loso,subject_ra,W2,oas_trace_eps1e-6,1.0,pooled_class_measure,8,all,all,P1,0.6510416666666666,0.6510416666666666,0.0398852620273828,5.99490428599529,0.010407819940964,0,4608,576,True
loso,subject_ra,W2,oas_trace_eps1e-6,2.0,pooled_class_measure,8,all,all,P1,0.6510416666666666,0.6510416666666667,0.0378630119375884,5.408140080049634,0.0093891320834195,0,4608,576,True
loso,subject_ra,W2,oas_trace_eps1e-6,3.0,pooled_class_measure,8,all,all,P1,0.6614583333333334,0.6614583333333333,0.0369624330196529,5.858639223966748,0.01017124865272,0,4608,576,True
loso,subject_ra,W2,oas_trace_eps1e-6,4.0,pooled_class_measure,8,all,all,P1,0.6371527777777778,0.6371527777777778,0.0379117019474506,6.243772366084158,0.0108398825800072,0,4608,576,True
loso,subject_ra,W2,oas_trace_eps1e-6,0.0,exact_sorted_order_statistics,8,all,all,P2,0.5885416666666666,0.5885416666666666,0.485697551863268,0.0035852079745382,6.224319400239943e-06,0,4608,576,True
loso,subject_ra,W2,oas_trace_eps1e-6,1.0,exact_sorted_order_statistics,8,all,all,P2,0.6267361111111112,0.6267361111111112,0.5096246059983969,0.0045681630726903,7.930838667865222e-06,0,4608,576,True
loso,subject_ra,W2,oas_trace_eps1e-6,2.0,exact_sorted_order_statistics,8,all,all,P2,0.6458333333333334,0.6458333333333334,0.4448005370795727,0.0040158489719033,6.971960020665493e-06,0,4608,576,True
loso,subject_ra,W2,oas_trace_eps1e-6,3.0,exact_sorted_order_statistics,8,all,all,P2,0.5815972222222222,0.5815972222222222,0.4780245230067521,0.0037175049073994,6.4540015753462085e-06,0,4608,576,True
loso,subject_ra,W2,oas_trace_eps1e-6,4.0,exact_sorted_order_statistics,8,all,all,P2,0.6458333333333334,0.6458333333333333,0.5024458169937134,0.0040990049019455,7.116327954766651e-06,0,4608,576,True
loso,subject_ra,W2,oas_trace_eps1e-6,,ordered_nonoverlap,8,all,all,ordered_control,0.6701388888888888,0.6701388888888888,15.207358673913404,0.226590532111004,0.0003933863404704,0,4608,576,True
loso,subject_ra,W1,oas_trace_eps1e-6,,trial_tangent,9,all,all,B1,0.5642361111111112,0.5642361111111112,3.328617232851684,0.0499301578383892,8.668430180275916e-05,0,4608,576,True
loso,subject_ra,W1,oas_trace_eps1e-6,,airm_nearest_class_mean,9,all,all,B2,0.5746527777777778,0.5746527777777777,2.7213800789322704,0.2012036519590765,0.0003493118957622,0,4608,576,True
loso,subject_ra,W1,oas_trace_eps1e-6,,mean_decision_score,9,all,all,B3,0.5,0.5,25.466737400973216,0.4203076858539134,0.0007297008434963,0,4608,576,True
loso,subject_ra,W1,oas_trace_eps1e-6,,majority_vote_secondary,9,all,all,B3_majority,0.4878472222222222,0.4878472222222221,0.0,0.0,0.0,0,4608,576,True
loso,subject_ra,W1,oas_trace_eps1e-6,,mean_window_log_svec,9,all,all,B4,0.5260416666666666,0.5260416666666666,0.0990878921002149,0.0014707171358168,2.553328360793077e-06,0,4608,576,True
loso,subject_ra,W1,oas_trace_eps1e-6,0.0,mean_std_projection_moments,9,all,all,B5,0.5677083333333334,0.5677083333333333,0.1547121689654886,0.0024247160181403,4.209576420382493e-06,0,4608,576,True
loso,subject_ra,W1,oas_trace_eps1e-6,1.0,mean_std_projection_moments,9,all,all,B5,0.5555555555555556,0.5555555555555556,0.1473555851262062,0.0023920540697872,4.152871648936222e-06,0,4608,576,True
loso,subject_ra,W1,oas_trace_eps1e-6,2.0,mean_std_projection_moments,9,all,all,B5,0.5503472222222222,0.5503472222222222,0.151441102148965,0.0023825310636311,4.13633865213746e-06,0,4608,576,True
loso,subject_ra,W1,oas_trace_eps1e-6,3.0,mean_std_projection_moments,9,all,all,B5,0.5538194444444444,0.5538194444444444,0.142783585935831,0.0021542608737945,3.7400362392266593e-06,0,4608,576,True
loso,subject_ra,W1,oas_trace_eps1e-6,4.0,mean_std_projection_moments,9,all,all,B5,0.5989583333333334,0.5989583333333333,0.1369961129967123,0.0020425890106707,3.5461614768589952e-06,0,4608,576,True
loso,subject_ra,W1,oas_trace_eps1e-6,0.0,pooled_class_measure,9,all,all,P1,0.5763888888888888,0.5763888888888888,0.070730545092374,11.2703140869271,0.0195665175120262,0,4608,576,True
loso,subject_ra,W1,oas_trace_eps1e-6,1.0,pooled_class_measure,9,all,all,P1,0.4791666666666667,0.4791666666666666,0.0799903541337698,9.703962613129988,0.0168471573144617,0,4608,576,True
loso,subject_ra,W1,oas_trace_eps1e-6,2.0,pooled_class_measure,9,all,all,P1,0.5208333333333334,0.5208333333333333,0.0721929979044944,9.707548842998222,0.016853383407983,0,4608,576,True
loso,subject_ra,W1,oas_trace_eps1e-6,3.0,pooled_class_measure,9,all,all,P1,0.5416666666666666,0.5416666666666666,0.0731897549703717,8.943224061978981,0.0155264306631579,0,4608,576,True
loso,subject_ra,W1,oas_trace_eps1e-6,4.0,pooled_class_measure,9,all,all,P1,0.5659722222222222,0.5659722222222222,0.0606883028522133,8.194550978951156,0.0142266510051235,0,4608,576,True
loso,subject_ra,W1,oas_trace_eps1e-6,0.0,exact_sorted_order_statistics,9,all,all,P2,0.5121527777777778,0.5121527777777777,1.835678793024272,0.0070703299716115,1.2274878422936632e-05,0,4608,576,True
loso,subject_ra,W1,oas_trace_eps1e-6,1.0,exact_sorted_order_statistics,9,all,all,P2,0.5104166666666666,0.5104166666666666,1.7478085039183495,0.0078062841203063,1.355257659775412e-05,0,4608,576,True
loso,subject_ra,W1,oas_trace_eps1e-6,2.0,exact_sorted_order_statistics,9,all,all,P2,0.5329861111111112,0.5329861111111112,1.6851093010045588,0.0066295498982071,1.1509635239943034e-05,0,4608,576,True
loso,subject_ra,W1,oas_trace_eps1e-6,3.0,exact_sorted_order_statistics,9,all,all,P2,0.4965277777777778,0.4965277777777778,1.6911263628862798,0.0055685590486973,9.667637237321793e-06,0,4608,576,True
loso,subject_ra,W1,oas_trace_eps1e-6,4.0,exact_sorted_order_statistics,9,all,all,P2,0.5364583333333334,0.5364583333333334,1.6951480461284518,0.0054267789237201,9.4214911870141e-06,0,4608,576,True
loso,subject_ra,W2,oas_trace_eps1e-6,,trial_tangent,9,all,all,B1,0.5642361111111112,0.5642361111111112,3.27643322898075,0.0514709129929542,8.935922394610113e-05,0,4608,576,True
loso,subject_ra,W2,oas_trace_eps1e-6,,airm_nearest_class_mean,9,all,all,B2,0.5746527777777778,0.5746527777777777,2.5363226770423357,0.1944933400955051,0.0003376620487769,0,4608,576,True
loso,subject_ra,W2,oas_trace_eps1e-6,,mean_decision_score,9,all,all,B3,0.4913194444444444,0.4913194444444445,14.295762015972286,0.2689381290692836,0.0004669064740786,0,4608,576,True
loso,subject_ra,W2,oas_trace_eps1e-6,,majority_vote_secondary,9,all,all,B3_majority,0.4774305555555556,0.4774305555555555,0.0,0.0,0.0,0,4608,576,True
loso,subject_ra,W2,oas_trace_eps1e-6,,mean_window_log_svec,9,all,all,B4,0.5017361111111112,0.5017361111111112,0.1024246090091764,0.0016954059246927,2.943413063702691e-06,0,4608,576,True
loso,subject_ra,W2,oas_trace_eps1e-6,0.0,mean_std_projection_moments,9,all,all,B5,0.5381944444444444,0.5381944444444444,0.1360351399052888,0.002185417106375,3.794126920790101e-06,0,4608,576,True
loso,subject_ra,W2,oas_trace_eps1e-6,1.0,mean_std_projection_moments,9,all,all,B5,0.5208333333333334,0.5208333333333334,0.143577174982056,0.0023372429423034,4.057713441498991e-06,0,4608,576,True
loso,subject_ra,W2,oas_trace_eps1e-6,2.0,mean_std_projection_moments,9,all,all,B5,0.5138888888888888,0.513888888888889,0.1310614729300141,0.0021482929587364,3.729675275584062e-06,0,4608,576,True
loso,subject_ra,W2,oas_trace_eps1e-6,3.0,mean_std_projection_moments,9,all,all,B5,0.5347222222222222,0.5347222222222222,0.1333081370685249,0.002078308025375,3.6081736551649456e-06,0,4608,576,True
loso,subject_ra,W2,oas_trace_eps1e-6,4.0,mean_std_projection_moments,9,all,all,B5,0.5833333333333334,0.5833333333333334,0.1329240419436246,0.0020175380632281,3.5026702486599484e-06,0,4608,576,True
loso,subject_ra,W2,oas_trace_eps1e-6,0.0,pooled_class_measure,9,all,all,P1,0.5399305555555556,0.5399305555555556,0.037340163020417,5.053621775936335,0.0087736489165561,0,4608,576,True
loso,subject_ra,W2,oas_trace_eps1e-6,1.0,pooled_class_measure,9,all,all,P1,0.4670138888888889,0.4670138888888889,0.0368837409187108,5.127962999977171,0.008902713541627,0,4608,576,True
loso,subject_ra,W2,oas_trace_eps1e-6,2.0,pooled_class_measure,9,all,all,P1,0.4965277777777778,0.4965277777777777,0.0369095909409225,4.833865670952946,0.0083921279009599,0,4608,576,True
loso,subject_ra,W2,oas_trace_eps1e-6,3.0,pooled_class_measure,9,all,all,P1,0.53125,0.53125,0.035754102980718,4.7603278460446745,0.0082644580660497,0,4608,576,True
loso,subject_ra,W2,oas_trace_eps1e-6,4.0,pooled_class_measure,9,all,all,P1,0.5329861111111112,0.5329861111111112,0.0344907939434051,4.821235869079828,0.0083702011615969,0,4608,576,True
loso,subject_ra,W2,oas_trace_eps1e-6,0.0,exact_sorted_order_statistics,9,all,all,P2,0.5,0.5,0.4464425551705062,0.0039762130472809,6.9031476515293534e-06,0,4608,576,True
loso,subject_ra,W2,oas_trace_eps1e-6,1.0,exact_sorted_order_statistics,9,all,all,P2,0.484375,0.484375,0.4534293587785214,0.0037330230697989,6.48094282951206e-06,0,4608,576,True
loso,subject_ra,W2,oas_trace_eps1e-6,2.0,exact_sorted_order_statistics,9,all,all,P2,0.5381944444444444,0.5381944444444444,0.4501371858641505,0.0036833670455962,6.394734454160142e-06,0,4608,576,True
loso,subject_ra,W2,oas_trace_eps1e-6,3.0,exact_sorted_order_statistics,9,all,all,P2,0.4826388888888889,0.4826388888888888,0.4449027560185641,0.0036427059676498,6.3241423049476e-06,0,4608,576,True
loso,subject_ra,W2,oas_trace_eps1e-6,4.0,exact_sorted_order_statistics,9,all,all,P2,0.5260416666666666,0.5260416666666667,0.4255681210197508,0.0033956130500882,5.895161545292164e-06,0,4608,576,True
loso,subject_ra,W2,oas_trace_eps1e-6,,ordered_nonoverlap,9,all,all,ordered_control,0.5572916666666666,0.5572916666666667,15.143399576889353,0.2121247388422489,0.0003682721160455,0,4608,576,True
s1_to_s2,no_ra,W1,oas_trace_eps1e-6,,trial_tangent,1,1,2,B1,0.78125,0.78125,0.2103312958497554,0.0260999668389558,9.06248848574857e-05,0,288,288,False
s1_to_s2,no_ra,W1,oas_trace_eps1e-6,,airm_nearest_class_mean,1,1,2,B2,0.75,0.75,0.1931342058815062,0.0889452840201556,0.0003088377917366,0,288,288,False
s1_to_s2,no_ra,W1,oas_trace_eps1e-6,,mean_decision_score,1,1,2,B3,0.8263888888888888,0.826388888888889,1.586539207957685,0.1843540058471262,0.000640118075858,0,288,288,False
s1_to_s2,no_ra,W1,oas_trace_eps1e-6,,majority_vote_secondary,1,1,2,B3_majority,0.8125,0.8125,0.0,0.0,0.0,0,288,288,False
s1_to_s2,no_ra,W1,oas_trace_eps1e-6,,mean_window_log_svec,1,1,2,B4,0.8333333333333334,0.8333333333333333,0.0228153490461409,0.0007590190507471,2.635482815094292e-06,0,288,288,False
s1_to_s2,no_ra,W1,oas_trace_eps1e-6,0.0,mean_std_projection_moments,1,1,2,B5,0.7916666666666666,0.7916666666666667,0.0479234061203897,0.0010518489871174,3.652253427491006e-06,0,288,288,False
s1_to_s2,no_ra,W1,oas_trace_eps1e-6,1.0,mean_std_projection_moments,1,1,2,B5,0.7951388888888888,0.7951388888888888,0.0445206721778959,0.0011050309985876,3.836913189540307e-06,0,288,288,False
s1_to_s2,no_ra,W1,oas_trace_eps1e-6,2.0,mean_std_projection_moments,1,1,2,B5,0.7951388888888888,0.795138888888889,0.0431195790879428,0.0011013140901923,3.824007257612215e-06,0,288,288,False
s1_to_s2,no_ra,W1,oas_trace_eps1e-6,3.0,mean_std_projection_moments,1,1,2,B5,0.7534722222222222,0.7534722222222222,0.0475144600495696,0.0013360860757529,4.639187763031158e-06,0,288,288,False
s1_to_s2,no_ra,W1,oas_trace_eps1e-6,4.0,mean_std_projection_moments,1,1,2,B5,0.8090277777777778,0.8090277777777777,0.0509321100544184,0.0010757048148661,3.7350861627298095e-06,0,288,288,False
s1_to_s2,no_ra,W1,oas_trace_eps1e-6,0.0,pooled_class_measure,1,1,2,P1,0.6909722222222222,0.6909722222222222,0.0030220078770071,0.2742867178749293,0.0009523844370657,0,288,288,False
s1_to_s2,no_ra,W1,oas_trace_eps1e-6,1.0,pooled_class_measure,1,1,2,P1,0.7430555555555556,0.7430555555555556,0.003195091150701,0.2671185799408704,0.0009274950692391,0,288,288,False
s1_to_s2,no_ra,W1,oas_trace_eps1e-6,2.0,pooled_class_measure,1,1,2,P1,0.7152777777777778,0.7152777777777778,0.0035861041396856,0.2918909022118896,0.0010135100771246,0,288,288,False
s1_to_s2,no_ra,W1,oas_trace_eps1e-6,3.0,pooled_class_measure,1,1,2,P1,0.7361111111111112,0.736111111111111,0.0044806809164583,0.2720282841473818,0.0009445426532895,0,288,288,False
s1_to_s2,no_ra,W1,oas_trace_eps1e-6,4.0,pooled_class_measure,1,1,2,P1,0.7083333333333334,0.7083333333333334,0.0041035970207303,0.2954563139937818,0.001025889979145,0,288,288,False
s1_to_s2,no_ra,W1,oas_trace_eps1e-6,0.0,exact_sorted_order_statistics,1,1,2,P2,0.7847222222222222,0.7847222222222222,1.1821735328994691,0.0034224078990519,1.1883360760596892e-05,0,288,288,False
s1_to_s2,no_ra,W1,oas_trace_eps1e-6,1.0,exact_sorted_order_statistics,1,1,2,P2,0.7569444444444444,0.7569444444444444,1.013085484970361,0.002995136892423,1.0399780876468869e-05,0,288,288,False
s1_to_s2,no_ra,W1,oas_trace_eps1e-6,2.0,exact_sorted_order_statistics,1,1,2,P2,0.7951388888888888,0.7951388888888888,1.3545808400958776,0.0032573300413787,1.131017375478728e-05,0,288,288,False
s1_to_s2,no_ra,W1,oas_trace_eps1e-6,3.0,exact_sorted_order_statistics,1,1,2,P2,0.7534722222222222,0.7534722222222222,1.260444592917338,0.0037137309554964,1.2894899151029273e-05,0,288,288,False
s1_to_s2,no_ra,W1,oas_trace_eps1e-6,4.0,exact_sorted_order_statistics,1,1,2,P2,0.7569444444444444,0.7569444444444444,1.0725970580242574,0.0037051420658826,1.2865076617648205e-05,0,288,288,False
s1_to_s2,no_ra,W2,oas_trace_eps1e-6,,trial_tangent,1,1,2,B1,0.78125,0.78125,0.256630779011175,0.0238567749038338,8.283602397164537e-05,0,288,288,False
s1_to_s2,no_ra,W2,oas_trace_eps1e-6,,airm_nearest_class_mean,1,1,2,B2,0.75,0.75,0.1628882568329572,0.112881044158712,0.0003919480699955,0,288,288,False
s1_to_s2,no_ra,W2,oas_trace_eps1e-6,,mean_decision_score,1,1,2,B3,0.7847222222222222,0.7847222222222222,0.8581948399078101,0.1058578810188919,0.0003675620868711,0,288,288,False
s1_to_s2,no_ra,W2,oas_trace_eps1e-6,,majority_vote_secondary,1,1,2,B3_majority,0.7986111111111112,0.7986111111111112,0.0,0.0,0.0,0,288,288,False
s1_to_s2,no_ra,W2,oas_trace_eps1e-6,,mean_window_log_svec,1,1,2,B4,0.7986111111111112,0.7986111111111112,0.0235080011188983,0.0008274638094007,2.8731382270861004e-06,0,288,288,False
s1_to_s2,no_ra,W2,oas_trace_eps1e-6,0.0,mean_std_projection_moments,1,1,2,B5,0.7534722222222222,0.7534722222222222,0.0492809528950601,0.0012973321136087,4.504625394474715e-06,0,288,288,False
s1_to_s2,no_ra,W2,oas_trace_eps1e-6,1.0,mean_std_projection_moments,1,1,2,B5,0.7326388888888888,0.732638888888889,0.0481878072023391,0.0012564789503812,4.36277413326833e-06,0,288,288,False
s1_to_s2,no_ra,W2,oas_trace_eps1e-6,2.0,mean_std_projection_moments,1,1,2,B5,0.7465277777777778,0.7465277777777779,0.0447994219139218,0.001075125997886,3.733076381548825e-06,0,288,288,False
s1_to_s2,no_ra,W2,oas_trace_eps1e-6,3.0,mean_std_projection_moments,1,1,2,B5,0.7326388888888888,0.732638888888889,0.0451692179776728,0.0011382380034774,3.952215289852272e-06,0,288,288,False
s1_to_s2,no_ra,W2,oas_trace_eps1e-6,4.0,mean_std_projection_moments,1,1,2,B5,0.7777777777777778,0.7777777777777778,0.05283965007402,0.0012024620082229,4.175215306329645e-06,0,288,288,False
s1_to_s2,no_ra,W2,oas_trace_eps1e-6,0.0,pooled_class_measure,1,1,2,P1,0.6597222222222222,0.6597222222222223,0.0016766858752816,0.165851613972336,0.0005758736596261,0,288,288,False
s1_to_s2,no_ra,W2,oas_trace_eps1e-6,1.0,pooled_class_measure,1,1,2,P1,0.7152777777777778,0.7152777777777778,0.0015452320221811,0.1560926549136638,0.0005419883851168,0,288,288,False
s1_to_s2,no_ra,W2,oas_trace_eps1e-6,2.0,pooled_class_measure,1,1,2,P1,0.6909722222222222,0.6909722222222223,0.001969716977328,0.1577061400748789,0.0005475907641488,0,288,288,False
s1_to_s2,no_ra,W2,oas_trace_eps1e-6,3.0,pooled_class_measure,1,1,2,P1,0.6979166666666666,0.6979166666666666,0.0015816260129213,0.1472290328238159,0.0005112119195271,0,288,288,False
s1_to_s2,no_ra,W2,oas_trace_eps1e-6,4.0,pooled_class_measure,1,1,2,P1,0.7013888888888888,0.701388888888889,0.0016088569536805,0.1705081469845026,0.0005920421770295,0,288,288,False
s1_to_s2,no_ra,W2,oas_trace_eps1e-6,0.0,exact_sorted_order_statistics,1,1,2,P2,0.7326388888888888,0.7326388888888888,0.2589447698555887,0.0019171200692653,6.656666907171409e-06,0,288,288,False
s1_to_s2,no_ra,W2,oas_trace_eps1e-6,1.0,exact_sorted_order_statistics,1,1,2,P2,0.7395833333333334,0.7395833333333333,0.2333116258960217,0.0017002199310809,5.9035414273643655e-06,0,288,288,False
s1_to_s2,no_ra,W2,oas_trace_eps1e-6,2.0,exact_sorted_order_statistics,1,1,2,P2,0.75,0.75,0.2327405780088156,0.002016362035647,7.001257068218871e-06,0,288,288,False
s1_to_s2,no_ra,W2,oas_trace_eps1e-6,3.0,exact_sorted_order_statistics,1,1,2,P2,0.7291666666666666,0.7291666666666666,0.2254901931155473,0.0016611290629953,5.767809246511509e-06,0,288,288,False
s1_to_s2,no_ra,W2,oas_trace_eps1e-6,4.0,exact_sorted_order_statistics,1,1,2,P2,0.7465277777777778,0.7465277777777777,0.2211677702143788,0.0017969538457691,6.239423075587385e-06,0,288,288,False
s1_to_s2,no_ra,W2,oas_trace_eps1e-6,,ordered_nonoverlap,1,1,2,ordered_control,0.7847222222222222,0.7847222222222223,1.3175022930372506,0.129288556985557,0.0004489186006442,0,288,288,False
s1_to_s2,no_ra,W1,oas_trace_eps1e-6,,trial_tangent,2,1,2,B1,0.5173611111111112,0.5173611111111112,0.236358641879633,0.0249794989358633,8.673437130508116e-05,0,288,288,False
s1_to_s2,no_ra,W1,oas_trace_eps1e-6,,airm_nearest_class_mean,2,1,2,B2,0.3854166666666667,0.3854166666666666,0.1999938560184091,0.0941012159455567,0.0003267403331442,0,288,288,False
s1_to_s2,no_ra,W1,oas_trace_eps1e-6,,mean_decision_score,2,1,2,B3,0.46875,0.46875,1.4019482149742544,0.1801680799107998,0.0006255836108013,0,288,288,False
s1_to_s2,no_ra,W1,oas_trace_eps1e-6,,majority_vote_secondary,2,1,2,B3_majority,0.4548611111111111,0.454861111111111,0.0,0.0,0.0,0,288,288,False
s1_to_s2,no_ra,W1,oas_trace_eps1e-6,,mean_window_log_svec,2,1,2,B4,0.5173611111111112,0.5173611111111112,0.0217362749390304,0.0007465111557394,2.5920526240952317e-06,0,288,288,False
s1_to_s2,no_ra,W1,oas_trace_eps1e-6,0.0,mean_std_projection_moments,2,1,2,B5,0.4409722222222222,0.4409722222222222,0.0445846000220626,0.0010371131356805,3.6010872766685984e-06,0,288,288,False
s1_to_s2,no_ra,W1,oas_trace_eps1e-6,1.0,mean_std_projection_moments,2,1,2,B5,0.4930555555555556,0.4930555555555555,0.0469153360463678,0.0010837370064109,3.7629757167047096e-06,0,288,288,False
s1_to_s2,no_ra,W1,oas_trace_eps1e-6,2.0,mean_std_projection_moments,2,1,2,B5,0.4479166666666667,0.4479166666666667,0.0542346748989075,0.0012614589650183,4.380065850758304e-06,0,288,288,False
s1_to_s2,no_ra,W1,oas_trace_eps1e-6,3.0,mean_std_projection_moments,2,1,2,B5,0.4131944444444444,0.4131944444444445,0.0447994880378246,0.0010913179721683,3.789298514473356e-06,0,288,288,False
s1_to_s2,no_ra,W1,oas_trace_eps1e-6,4.0,mean_std_projection_moments,2,1,2,B5,0.4513888888888889,0.4513888888888889,0.0502785840071737,0.001439340878278,4.997711382909782e-06,0,288,288,False
s1_to_s2,no_ra,W1,oas_trace_eps1e-6,0.0,pooled_class_measure,2,1,2,P1,0.3611111111111111,0.361111111111111,0.0028901929035782,0.2782142648939043,0.0009660217531038,0,288,288,False
s1_to_s2,no_ra,W1,oas_trace_eps1e-6,1.0,pooled_class_measure,2,1,2,P1,0.3784722222222222,0.3784722222222222,0.0035291528329253,0.3040106620173901,0.0010555925764492,0,288,288,False
s1_to_s2,no_ra,W1,oas_trace_eps1e-6,2.0,pooled_class_measure,2,1,2,P1,0.3402777777777778,0.3402777777777778,0.0029323489870876,0.2853130269795656,0.0009906702325679,0,288,288,False
s1_to_s2,no_ra,W1,oas_trace_eps1e-6,3.0,pooled_class_measure,2,1,2,P1,0.375,0.375,0.0034682969562709,0.2961988858878612,0.0010284683537772,0,288,288,False
s1_to_s2,no_ra,W1,oas_trace_eps1e-6,4.0,pooled_class_measure,2,1,2,P1,0.3472222222222222,0.3472222222222222,0.0030506879556924,0.3002478259149939,0.0010425271733159,0,288,288,False
s1_to_s2,no_ra,W1,oas_trace_eps1e-6,0.0,exact_sorted_order_statistics,2,1,2,P2,0.3888888888888889,0.3888888888888889,1.0861121700145304,0.0031031949911266,1.0774982608078668e-05,0,288,288,False
s1_to_s2,no_ra,W1,oas_trace_eps1e-6,1.0,exact_sorted_order_statistics,2,1,2,P2,0.4826388888888889,0.4826388888888888,1.194086933042854,0.0034723181743174,1.2056660327491248e-05,0,288,288,False
s1_to_s2,no_ra,W1,oas_trace_eps1e-6,2.0,exact_sorted_order_statistics,2,1,2,P2,0.4618055555555556,0.4618055555555555,1.1203600920271128,0.0032072828616946,1.1136398825328795e-05,0,288,288,False
s1_to_s2,no_ra,W1,oas_trace_eps1e-6,3.0,exact_sorted_order_statistics,2,1,2,P2,0.4305555555555556,0.4305555555555555,1.0282963861245662,0.0031276959925889,1.0860055529822906e-05,0,288,288,False
s1_to_s2,no_ra,W1,oas_trace_eps1e-6,4.0,exact_sorted_order_statistics,2,1,2,P2,0.4618055555555556,0.4618055555555556,1.2525735821109265,0.0033082431182265,1.1486955271619889e-05,0,288,288,False
s1_to_s2,no_ra,W2,oas_trace_eps1e-6,,trial_tangent,2,1,2,B1,0.5173611111111112,0.5173611111111112,0.2233012339565903,0.0341026231180876,0.0001184118858266,0,288,288,False
s1_to_s2,no_ra,W2,oas_trace_eps1e-6,,airm_nearest_class_mean,2,1,2,B2,0.3854166666666667,0.3854166666666666,0.1918116330634802,0.1034378400072455,0.0003591591666918,0,288,288,False
s1_to_s2,no_ra,W2,oas_trace_eps1e-6,,mean_decision_score,2,1,2,B3,0.4652777777777778,0.4652777777777778,0.8645566189661622,0.1179195749573409,0.0004094429686018,0,288,288,False
s1_to_s2,no_ra,W2,oas_trace_eps1e-6,,majority_vote_secondary,2,1,2,B3_majority,0.4722222222222222,0.4722222222222222,0.0,0.0,0.0,0,288,288,False
s1_to_s2,no_ra,W2,oas_trace_eps1e-6,,mean_window_log_svec,2,1,2,B4,0.5138888888888888,0.5138888888888888,0.0241044391877949,0.00084466394037,2.932860904062788e-06,0,288,288,False
s1_to_s2,no_ra,W2,oas_trace_eps1e-6,0.0,mean_std_projection_moments,2,1,2,B5,0.4652777777777778,0.4652777777777778,0.0472054970450699,0.0011519589461386,3.99985745187021e-06,0,288,288,False
s1_to_s2,no_ra,W2,oas_trace_eps1e-6,1.0,mean_std_projection_moments,2,1,2,B5,0.4618055555555556,0.4618055555555556,0.0481466960627585,0.0011885070707648,4.126760662378122e-06,0,288,288,False
s1_to_s2,no_ra,W2,oas_trace_eps1e-6,2.0,mean_std_projection_moments,2,1,2,B5,0.4236111111111111,0.4236111111111111,0.0519314631819725,0.0052964249625802,1.8390364453403487e-05,0,288,288,False
s1_to_s2,no_ra,W2,oas_trace_eps1e-6,3.0,mean_std_projection_moments,2,1,2,B5,0.4131944444444444,0.4131944444444445,0.0543599829543381,0.0013307689223438,4.620725424805035e-06,0,288,288,False
s1_to_s2,no_ra,W2,oas_trace_eps1e-6,4.0,mean_std_projection_moments,2,1,2,B5,0.4236111111111111,0.4236111111111111,0.0534254270605742,0.0012190898414701,4.232950838437925e-06,0,288,288,False
s1_to_s2,no_ra,W2,oas_trace_eps1e-6,0.0,pooled_class_measure,2,1,2,P1,0.3576388888888889,0.3576388888888888,0.0016584149561822,0.167069065850228,0.000580100923091,0,288,288,False
s1_to_s2,no_ra,W2,oas_trace_eps1e-6,1.0,pooled_class_measure,2,1,2,P1,0.3715277777777778,0.3715277777777778,0.0015822369605302,0.167653287993744,0.0005821294722005,0,288,288,False
s1_to_s2,no_ra,W2,oas_trace_eps1e-6,2.0,pooled_class_measure,2,1,2,P1,0.3506944444444444,0.3506944444444444,0.0016855031717568,0.1802830209489911,0.0006259827116284,0,288,288,False
s1_to_s2,no_ra,W2,oas_trace_eps1e-6,3.0,pooled_class_measure,2,1,2,P1,0.3854166666666667,0.3854166666666667,0.0016270058695226,0.1746515210252255,0.0006064288924486,0,288,288,False
s1_to_s2,no_ra,W2,oas_trace_eps1e-6,4.0,pooled_class_measure,2,1,2,P1,0.375,0.375,0.0020416490733623,0.1830647308379411,0.0006356414265206,0,288,288,False
s1_to_s2,no_ra,W2,oas_trace_eps1e-6,0.0,exact_sorted_order_statistics,2,1,2,P2,0.4652777777777778,0.4652777777777778,0.2527376830112189,0.0019144101534038,6.6472574770968e-06,0,288,288,False
s1_to_s2,no_ra,W2,oas_trace_eps1e-6,1.0,exact_sorted_order_statistics,2,1,2,P2,0.4722222222222222,0.4722222222222222,0.2442512188572436,0.0017148980405181,5.954507085132516e-06,0,288,288,False
s1_to_s2,no_ra,W2,oas_trace_eps1e-6,2.0,exact_sorted_order_statistics,2,1,2,P2,0.4131944444444444,0.4131944444444445,0.2630776329897344,0.0019650359172374,6.823041379296531e-06,0,288,288,False
s1_to_s2,no_ra,W2,oas_trace_eps1e-6,3.0,exact_sorted_order_statistics,2,1,2,P2,0.4652777777777778,0.4652777777777778,0.2487824819982051,0.0019207450095564,6.669253505404211e-06,0,288,288,False
s1_to_s2,no_ra,W2,oas_trace_eps1e-6,4.0,exact_sorted_order_statistics,2,1,2,P2,0.4548611111111111,0.4548611111111111,0.2432521360460668,0.0019228789024055,6.676662855574654e-06,0,288,288,False
s1_to_s2,no_ra,W2,oas_trace_eps1e-6,,ordered_nonoverlap,2,1,2,ordered_control,0.5,0.4999999999999999,1.3108112211339176,0.117154061095789,0.0004067849343603,0,288,288,False
s1_to_s2,no_ra,W1,oas_trace_eps1e-6,,trial_tangent,3,1,2,B1,0.8263888888888888,0.826388888888889,0.2280289779882878,0.0245220691431313,8.514607341365061e-05,0,288,288,False
s1_to_s2,no_ra,W1,oas_trace_eps1e-6,,airm_nearest_class_mean,3,1,2,B2,0.7222222222222222,0.7222222222222223,0.1770675908774137,0.0892791929654777,0.0003099971977967,0,288,288,False
s1_to_s2,no_ra,W1,oas_trace_eps1e-6,,mean_decision_score,3,1,2,B3,0.84375,0.84375,1.3751850209664551,0.1778400889597833,0.0006175003088881,0,288,288,False
s1_to_s2,no_ra,W1,oas_trace_eps1e-6,,majority_vote_secondary,3,1,2,B3_majority,0.8159722222222222,0.8159722222222222,0.0,0.0,0.0,0,288,288,False
s1_to_s2,no_ra,W1,oas_trace_eps1e-6,,mean_window_log_svec,3,1,2,B4,0.8020833333333334,0.8020833333333334,0.0258679729886353,0.0008720019832253,3.0277846639768945e-06,0,288,288,False
s1_to_s2,no_ra,W1,oas_trace_eps1e-6,0.0,mean_std_projection_moments,3,1,2,B5,0.7708333333333334,0.7708333333333333,0.0486963889561593,0.0013040448538959,4.5279335204718845e-06,0,288,288,False
s1_to_s2,no_ra,W1,oas_trace_eps1e-6,1.0,mean_std_projection_moments,3,1,2,B5,0.7986111111111112,0.7986111111111112,0.0479879928752779,0.0011336379684507,3.936242946009669e-06,0,288,288,False
s1_to_s2,no_ra,W1,oas_trace_eps1e-6,2.0,mean_std_projection_moments,3,1,2,B5,0.7326388888888888,0.7326388888888888,0.0466713320929557,0.0010836711153388,3.7627469282597295e-06,0,288,288,False
s1_to_s2,no_ra,W1,oas_trace_eps1e-6,3.0,mean_std_projection_moments,3,1,2,B5,0.7534722222222222,0.7534722222222222,0.046738734934479,0.0011513489298522,3.9977393397647474e-06,0,288,288,False
s1_to_s2,no_ra,W1,oas_trace_eps1e-6,4.0,mean_std_projection_moments,3,1,2,B5,0.7881944444444444,0.7881944444444444,0.044971055816859,0.0010276469402015,3.5682185423663923e-06,0,288,288,False
s1_to_s2,no_ra,W1,oas_trace_eps1e-6,0.0,pooled_class_measure,3,1,2,P1,0.71875,0.71875,0.0030610370449721,0.2997540389187634,0.0010408126351345,0,288,288,False
s1_to_s2,no_ra,W1,oas_trace_eps1e-6,1.0,pooled_class_measure,3,1,2,P1,0.71875,0.71875,0.0029037441127002,0.2749719091225415,0.0009547635733421,0,288,288,False
s1_to_s2,no_ra,W1,oas_trace_eps1e-6,2.0,pooled_class_measure,3,1,2,P1,0.6527777777777778,0.6527777777777778,0.0030133959371596,0.2974170078523457,0.0010326979439317,0,288,288,False
s1_to_s2,no_ra,W1,oas_trace_eps1e-6,3.0,pooled_class_measure,3,1,2,P1,0.7256944444444444,0.7256944444444445,0.002939665922895,0.2890977319329977,0.0010038115692117,0,288,288,False
s1_to_s2,no_ra,W1,oas_trace_eps1e-6,4.0,pooled_class_measure,3,1,2,P1,0.6944444444444444,0.6944444444444444,0.0029726349748671,0.3002612930722534,0.0010425739342786,0,288,288,False
s1_to_s2,no_ra,W1,oas_trace_eps1e-6,0.0,exact_sorted_order_statistics,3,1,2,P2,0.7847222222222222,0.7847222222222223,1.1197824000846597,0.0053674951195716,1.863713583184613e-05,0,288,288,False
s1_to_s2,no_ra,W1,oas_trace_eps1e-6,1.0,exact_sorted_order_statistics,3,1,2,P2,0.8090277777777778,0.8090277777777778,1.0160665619187057,0.0031746230088174,1.1022996558393868e-05,0,288,288,False
s1_to_s2,no_ra,W1,oas_trace_eps1e-6,2.0,exact_sorted_order_statistics,3,1,2,P2,0.7604166666666666,0.7604166666666666,1.0576255859341472,0.0035277849528938,1.2249253308659212e-05,0,288,288,False
s1_to_s2,no_ra,W1,oas_trace_eps1e-6,3.0,exact_sorted_order_statistics,3,1,2,P2,0.7465277777777778,0.7465277777777778,1.1315654770005494,0.0029987250454723,1.0412239741223552e-05,0,288,288,False
s1_to_s2,no_ra,W1,oas_trace_eps1e-6,4.0,exact_sorted_order_statistics,3,1,2,P2,0.8090277777777778,0.8090277777777778,1.0001808980014175,0.0035630881320685,1.2371833791904566e-05,0,288,288,False
s1_to_s2,no_ra,W2,oas_trace_eps1e-6,,trial_tangent,3,1,2,B1,0.8263888888888888,0.826388888888889,0.226619001943618,0.0235138339921832,8.16452569173028e-05,0,288,288,False
s1_to_s2,no_ra,W2,oas_trace_eps1e-6,,airm_nearest_class_mean,3,1,2,B2,0.7222222222222222,0.7222222222222223,0.1936159189790487,0.0883861230686307,0.0003068962606549,0,288,288,False
s1_to_s2,no_ra,W2,oas_trace_eps1e-6,,mean_decision_score,3,1,2,B3,0.8229166666666666,0.8229166666666666,0.8362791610416025,0.1150307590141892,0.0003994123576881,0,288,288,False
s1_to_s2,no_ra,W2,oas_trace_eps1e-6,,majority_vote_secondary,3,1,2,B3_majority,0.78125,0.78125,0.0,0.0,0.0,0,288,288,False
s1_to_s2,no_ra,W2,oas_trace_eps1e-6,,mean_window_log_svec,3,1,2,B4,0.8020833333333334,0.8020833333333333,0.0207578081171959,0.0006595710292458,2.2901771848814355e-06,0,288,288,False
s1_to_s2,no_ra,W2,oas_trace_eps1e-6,0.0,mean_std_projection_moments,3,1,2,B5,0.7604166666666666,0.7604166666666666,0.0474151510279625,0.0012422890868037,4.313503773624285e-06,0,288,288,False
s1_to_s2,no_ra,W2,oas_trace_eps1e-6,1.0,mean_std_projection_moments,3,1,2,B5,0.7986111111111112,0.798611111111111,0.0517048451583832,0.0012588780373334,4.371104296296835e-06,0,288,288,False
s1_to_s2,no_ra,W2,oas_trace_eps1e-6,2.0,mean_std_projection_moments,3,1,2,B5,0.7152777777777778,0.7152777777777778,0.0453117738943547,0.001092622987926,3.793829819187522e-06,0,288,288,False
s1_to_s2,no_ra,W2,oas_trace_eps1e-6,3.0,mean_std_projection_moments,3,1,2,B5,0.7465277777777778,0.7465277777777778,0.0447473730891943,0.0011555938981473,4.012478813011613e-06,0,288,288,False
s1_to_s2,no_ra,W2,oas_trace_eps1e-6,4.0,mean_std_projection_moments,3,1,2,B5,0.7673611111111112,0.7673611111111112,0.0481971821282058,0.0012130141258239,4.211854603555467e-06,0,288,288,False
s1_to_s2,no_ra,W2,oas_trace_eps1e-6,0.0,pooled_class_measure,3,1,2,P1,0.7013888888888888,0.701388888888889,0.0016524179372936,0.1589100649580359,0.000551771058882,0,288,288,False
s1_to_s2,no_ra,W2,oas_trace_eps1e-6,1.0,pooled_class_measure,3,1,2,P1,0.7152777777777778,0.7152777777777778,0.0016037740278989,0.1749125560745597,0.0006073352641477,0,288,288,False
s1_to_s2,no_ra,W2,oas_trace_eps1e-6,2.0,pooled_class_measure,3,1,2,P1,0.6493055555555556,0.6493055555555556,0.0020171571522951,0.1671430829446762,0.0005803579268912,0,288,288,False
s1_to_s2,no_ra,W2,oas_trace_eps1e-6,3.0,pooled_class_measure,3,1,2,P1,0.7013888888888888,0.7013888888888888,0.0016033761203289,0.1585501378867775,0.0005505213121068,0,288,288,False
s1_to_s2,no_ra,W2,oas_trace_eps1e-6,4.0,pooled_class_measure,3,1,2,P1,0.6909722222222222,0.6909722222222222,0.0016499659977853,0.1789566280785948,0.0006213771808284,0,288,288,False
s1_to_s2,no_ra,W2,oas_trace_eps1e-6,0.0,exact_sorted_order_statistics,3,1,2,P2,0.7638888888888888,0.763888888888889,0.2472951500676572,0.0018716580234467,6.498812581412494e-06,0,288,288,False
s1_to_s2,no_ra,W2,oas_trace_eps1e-6,1.0,exact_sorted_order_statistics,3,1,2,P2,0.7916666666666666,0.7916666666666666,0.231565881986171,0.0020138050895184,6.992378783050097e-06,0,288,288,False
s1_to_s2,no_ra,W2,oas_trace_eps1e-6,2.0,exact_sorted_order_statistics,3,1,2,P2,0.75,0.75,0.2294255569577217,0.0022479938343167,7.805534146933092e-06,0,288,288,False
s1_to_s2,no_ra,W2,oas_trace_eps1e-6,3.0,exact_sorted_order_statistics,3,1,2,P2,0.7534722222222222,0.7534722222222222,0.2353019891306758,0.0019076818134635,6.623895185637392e-06,0,288,288,False
s1_to_s2,no_ra,W2,oas_trace_eps1e-6,4.0,exact_sorted_order_statistics,3,1,2,P2,0.7777777777777778,0.7777777777777778,0.2453303840011358,0.0022004360798746,7.64040305512026e-06,0,288,288,False
s1_to_s2,no_ra,W2,oas_trace_eps1e-6,,ordered_nonoverlap,3,1,2,ordered_control,0.7847222222222222,0.7847222222222222,1.2722321110777557,0.0994977201335132,0.000345478194908,0,288,288,False
s1_to_s2,no_ra,W1,oas_trace_eps1e-6,,trial_tangent,4,1,2,B1,0.59375,0.59375,0.2429970521479845,0.0255655080545693,8.876912518947695e-05,0,288,288,False
s1_to_s2,no_ra,W1,oas_trace_eps1e-6,,airm_nearest_class_mean,4,1,2,B2,0.5,0.5,0.2017520540393889,0.0986360888928175,0.0003424864197667,0,288,288,False
s1_to_s2,no_ra,W1,oas_trace_eps1e-6,,mean_decision_score,4,1,2,B3,0.5972222222222222,0.5972222222222222,1.4146560500375926,0.1720094319898635,0.000597254972187,0,288,288,False
s1_to_s2,no_ra,W1,oas_trace_eps1e-6,,majority_vote_secondary,4,1,2,B3_majority,0.5416666666666666,0.5416666666666666,0.0,0.0,0.0,0,288,288,False
s1_to_s2,no_ra,W1,oas_trace_eps1e-6,,mean_window_log_svec,4,1,2,B4,0.6041666666666666,0.6041666666666666,0.0211040079593658,0.0007063460070639,2.452590302305503e-06,0,288,288,False
s1_to_s2,no_ra,W1,oas_trace_eps1e-6,0.0,mean_std_projection_moments,4,1,2,B5,0.5451388888888888,0.5451388888888888,0.0431669689714908,0.0012673819437623,4.400631749174661e-06,0,288,288,False
s1_to_s2,no_ra,W1,oas_trace_eps1e-6,1.0,mean_std_projection_moments,4,1,2,B5,0.5486111111111112,0.5486111111111112,0.0527833369560539,0.0012258188799023,4.256315555216537e-06,0,288,288,False
s1_to_s2,no_ra,W1,oas_trace_eps1e-6,2.0,mean_std_projection_moments,4,1,2,B5,0.5381944444444444,0.5381944444444444,0.0479484519455581,0.0012084611225873,4.196045564539317e-06,0,288,288,False
s1_to_s2,no_ra,W1,oas_trace_eps1e-6,3.0,mean_std_projection_moments,4,1,2,B5,0.5208333333333334,0.5208333333333334,0.0459158839657902,0.0011426759883761,3.967624959639377e-06,0,288,288,False
s1_to_s2,no_ra,W1,oas_trace_eps1e-6,4.0,mean_std_projection_moments,4,1,2,B5,0.5069444444444444,0.5069444444444444,0.047144868876785,0.0010778889991343,3.7426701358829937e-06,0,288,288,False
s1_to_s2,no_ra,W1,oas_trace_eps1e-6,0.0,pooled_class_measure,4,1,2,P1,0.4861111111111111,0.4861111111111111,0.0028600408695638,0.2787131438963115,0.0009677539718621,0,288,288,False
s1_to_s2,no_ra,W1,oas_trace_eps1e-6,1.0,pooled_class_measure,4,1,2,P1,0.5243055555555556,0.5243055555555556,0.0029125970322638,0.2932763542048633,0.0010183206743224,0,288,288,False
s1_to_s2,no_ra,W1,oas_trace_eps1e-6,2.0,pooled_class_measure,4,1,2,P1,0.5,0.5,0.0028818580321967,0.2742053668480366,0.0009521019682223,0,288,288,False
s1_to_s2,no_ra,W1,oas_trace_eps1e-6,3.0,pooled_class_measure,4,1,2,P1,0.5069444444444444,0.5069444444444444,0.0029705038759857,0.3077288919594139,0.0010685030970812,0,288,288,False
s1_to_s2,no_ra,W1,oas_trace_eps1e-6,4.0,pooled_class_measure,4,1,2,P1,0.5,0.5,0.0030489859636873,0.3225574288517236,0.0011199910724018,0,288,288,False
s1_to_s2,no_ra,W1,oas_trace_eps1e-6,0.0,exact_sorted_order_statistics,4,1,2,P2,0.5520833333333334,0.5520833333333334,1.1977732619270682,0.002947790082544,1.0235382231055864e-05,0,288,288,False
s1_to_s2,no_ra,W1,oas_trace_eps1e-6,1.0,exact_sorted_order_statistics,4,1,2,P2,0.5208333333333334,0.5208333333333333,1.0844113589264452,0.003025229088962,1.0504267670007215e-05,0,288,288,False
s1_to_s2,no_ra,W1,oas_trace_eps1e-6,2.0,exact_sorted_order_statistics,4,1,2,P2,0.5555555555555556,0.5555555555555556,1.0991910491138697,0.0033025040756911,1.146702804059411e-05,0,288,288,False
s1_to_s2,no_ra,W1,oas_trace_eps1e-6,3.0,exact_sorted_order_statistics,4,1,2,P2,0.53125,0.53125,1.048446087865159,0.0034180858638137,1.186835369379777e-05,0,288,288,False
s1_to_s2,no_ra,W1,oas_trace_eps1e-6,4.0,exact_sorted_order_statistics,4,1,2,P2,0.5069444444444444,0.5069444444444444,1.1241008129436525,0.0037108580581843,1.2884923813140229e-05,0,288,288,False
s1_to_s2,no_ra,W2,oas_trace_eps1e-6,,trial_tangent,4,1,2,B1,0.59375,0.59375,0.2243074309080839,0.0272369529120624,9.457275316688335e-05,0,288,288,False
s1_to_s2,no_ra,W2,oas_trace_eps1e-6,,airm_nearest_class_mean,4,1,2,B2,0.5,0.5,0.1996596709359437,0.0949996970593929,0.000329860059234,0,288,288,False
s1_to_s2,no_ra,W2,oas_trace_eps1e-6,,mean_decision_score,4,1,2,B3,0.6006944444444444,0.6006944444444444,0.8373927029315382,0.1030952502042055,0.0003579696187646,0,288,288,False
s1_to_s2,no_ra,W2,oas_trace_eps1e-6,,majority_vote_secondary,4,1,2,B3_majority,0.5243055555555556,0.5243055555555556,0.0,0.0,0.0,0,288,288,False
s1_to_s2,no_ra,W2,oas_trace_eps1e-6,,mean_window_log_svec,4,1,2,B4,0.5868055555555556,0.5868055555555556,0.0258207989390939,0.0008181189186871,2.840690689885782e-06,0,288,288,False
s1_to_s2,no_ra,W2,oas_trace_eps1e-6,0.0,mean_std_projection_moments,4,1,2,B5,0.53125,0.53125,0.0486170700751245,0.0012085768394172,4.196447359087567e-06,0,288,288,False
s1_to_s2,no_ra,W2,oas_trace_eps1e-6,1.0,mean_std_projection_moments,4,1,2,B5,0.5243055555555556,0.5243055555555556,0.0535838739015162,0.0012341409455984,4.2852116166614e-06,0,288,288,False
s1_to_s2,no_ra,W2,oas_trace_eps1e-6,2.0,mean_std_projection_moments,4,1,2,B5,0.5208333333333334,0.5208333333333333,0.0521162550430744,0.0012190649285912,4.23286433538629e-06,0,288,288,False
s1_to_s2,no_ra,W2,oas_trace_eps1e-6,3.0,mean_std_projection_moments,4,1,2,B5,0.5243055555555556,0.5243055555555556,0.0520719329360872,0.0012206551618874,4.23838597877572e-06,0,288,288,False
s1_to_s2,no_ra,W2,oas_trace_eps1e-6,4.0,mean_std_projection_moments,4,1,2,B5,0.5104166666666666,0.5104166666666667,0.0493808998726308,0.0012099710293114,4.201288296220203e-06,0,288,288,False
s1_to_s2,no_ra,W2,oas_trace_eps1e-6,0.0,pooled_class_measure,4,1,2,P1,0.4756944444444444,0.4756944444444444,0.0016385810449719,0.1660059010609984,0.000576409378684,0,288,288,False
s1_to_s2,no_ra,W2,oas_trace_eps1e-6,1.0,pooled_class_measure,4,1,2,P1,0.5277777777777778,0.5277777777777778,0.0016058960463851,0.1602737070061266,0.0005565059271046,0,288,288,False
s1_to_s2,no_ra,W2,oas_trace_eps1e-6,2.0,pooled_class_measure,4,1,2,P1,0.4618055555555556,0.4618055555555555,0.0016618079971522,0.1652678069658577,0.0005738465519647,0,288,288,False
s1_to_s2,no_ra,W2,oas_trace_eps1e-6,3.0,pooled_class_measure,4,1,2,P1,0.4722222222222222,0.4722222222222222,0.0017466489225625,0.1856326339766383,0.0006445577568633,0,288,288,False
s1_to_s2,no_ra,W2,oas_trace_eps1e-6,4.0,pooled_class_measure,4,1,2,P1,0.5034722222222222,0.5034722222222222,0.0020284170750528,0.1667674288619309,0.0005790535724372,0,288,288,False
s1_to_s2,no_ra,W2,oas_trace_eps1e-6,0.0,exact_sorted_order_statistics,4,1,2,P2,0.5451388888888888,0.545138888888889,0.2439996299799531,0.0019904889632016,6.911420011116813e-06,0,288,288,False
s1_to_s2,no_ra,W2,oas_trace_eps1e-6,1.0,exact_sorted_order_statistics,4,1,2,P2,0.5416666666666666,0.5416666666666666,0.2334760199300944,0.0019505920354276,6.7728890119017e-06,0,288,288,False
s1_to_s2,no_ra,W2,oas_trace_eps1e-6,2.0,exact_sorted_order_statistics,4,1,2,P2,0.5416666666666666,0.5416666666666666,0.2350481159519404,0.0017917328514158,6.22129462297178e-06,0,288,288,False
s1_to_s2,no_ra,W2,oas_trace_eps1e-6,3.0,exact_sorted_order_statistics,4,1,2,P2,0.5,0.5,0.2333090859465301,0.0019711980130523,6.84443754532064e-06,0,288,288,False
s1_to_s2,no_ra,W2,oas_trace_eps1e-6,4.0,exact_sorted_order_statistics,4,1,2,P2,0.4722222222222222,0.4722222222222222,0.244066763902083,0.0022445069625973,7.793426953463091e-06,0,288,288,False
s1_to_s2,no_ra,W2,oas_trace_eps1e-6,,ordered_nonoverlap,4,1,2,ordered_control,0.6111111111111112,0.6111111111111112,1.2798100851941854,0.0961682829074561,0.0003339176489842,0,288,288,False
s1_to_s2,no_ra,W1,oas_trace_eps1e-6,,trial_tangent,5,1,2,B1,0.5138888888888888,0.5138888888888888,0.2207534189801663,0.0237502641975879,8.246619513051378e-05,0,288,288,False
s1_to_s2,no_ra,W1,oas_trace_eps1e-6,,airm_nearest_class_mean,5,1,2,B2,0.3298611111111111,0.3298611111111111,0.1770714460872113,0.0886327100452035,0.0003077524654347,0,288,288,False
s1_to_s2,no_ra,W1,oas_trace_eps1e-6,,mean_decision_score,5,1,2,B3,0.4513888888888889,0.4513888888888888,1.3644594559445975,0.1797051620669663,0.0006239762571769,0,288,288,False
s1_to_s2,no_ra,W1,oas_trace_eps1e-6,,majority_vote_secondary,5,1,2,B3_majority,0.4548611111111111,0.4548611111111111,0.0,0.0,0.0,0,288,288,False
s1_to_s2,no_ra,W1,oas_trace_eps1e-6,,mean_window_log_svec,5,1,2,B4,0.4618055555555556,0.4618055555555556,0.0213951501064002,0.0007904090452939,2.744475851715025e-06,0,288,288,False
s1_to_s2,no_ra,W1,oas_trace_eps1e-6,0.0,mean_std_projection_moments,5,1,2,B5,0.4375,0.4375,0.0455745428334921,0.0011680549941956,4.055746507623957e-06,0,288,288,False
s1_to_s2,no_ra,W1,oas_trace_eps1e-6,1.0,mean_std_projection_moments,5,1,2,B5,0.3854166666666667,0.3854166666666666,0.0488183579873293,0.0013494358863681,4.685541272111651e-06,0,288,288,False
s1_to_s2,no_ra,W1,oas_trace_eps1e-6,2.0,mean_std_projection_moments,5,1,2,B5,0.4027777777777778,0.4027777777777778,0.0476028060074895,0.0012546849902719,4.356545105110854e-06,0,288,288,False
s1_to_s2,no_ra,W1,oas_trace_eps1e-6,3.0,mean_std_projection_moments,5,1,2,B5,0.4756944444444444,0.4756944444444444,0.0462611040566116,0.0010720510035753,3.722399317969879e-06,0,288,288,False
s1_to_s2,no_ra,W1,oas_trace_eps1e-6,4.0,mean_std_projection_moments,5,1,2,B5,0.4548611111111111,0.4548611111111111,0.0456121559254825,0.0010200659744441,3.5418957445977462e-06,0,288,288,False
s1_to_s2,no_ra,W1,oas_trace_eps1e-6,0.0,pooled_class_measure,5,1,2,P1,0.3472222222222222,0.3472222222222222,0.0033219279721379,0.3135507160332054,0.0010887177640041,0,288,288,False
s1_to_s2,no_ra,W1,oas_trace_eps1e-6,1.0,pooled_class_measure,5,1,2,P1,0.3402777777777778,0.3402777777777778,0.0028763827867805,0.3032357830088585,0.0010529020243363,0,288,288,False
s1_to_s2,no_ra,W1,oas_trace_eps1e-6,2.0,pooled_class_measure,5,1,2,P1,0.3263888888888889,0.3263888888888889,0.0029392479918897,0.2896215899381786,0.0010056305206186,0,288,288,False
s1_to_s2,no_ra,W1,oas_trace_eps1e-6,3.0,pooled_class_measure,5,1,2,P1,0.3194444444444444,0.3194444444444444,0.0029353022109717,0.2829331229440868,0.0009824066768891,0,288,288,False
s1_to_s2,no_ra,W1,oas_trace_eps1e-6,4.0,pooled_class_measure,5,1,2,P1,0.3090277777777778,0.3090277777777778,0.0030114371329545,0.2949073079507798,0.0010239837081624,0,288,288,False
s1_to_s2,no_ra,W1,oas_trace_eps1e-6,0.0,exact_sorted_order_statistics,5,1,2,P2,0.4444444444444444,0.4444444444444445,1.1528909120243045,0.0032910830341279,1.1427371646277606e-05,0,288,288,False
s1_to_s2,no_ra,W1,oas_trace_eps1e-6,1.0,exact_sorted_order_statistics,5,1,2,P2,0.3298611111111111,0.3298611111111111,1.0885605490766466,0.0029424000531435,1.0216666851192713e-05,0,288,288,False
s1_to_s2,no_ra,W1,oas_trace_eps1e-6,2.0,exact_sorted_order_statistics,5,1,2,P2,0.4305555555555556,0.4305555555555555,1.0498607819899917,0.0032565640285611,1.1307513988059429e-05,0,288,288,False
s1_to_s2,no_ra,W1,oas_trace_eps1e-6,3.0,exact_sorted_order_statistics,5,1,2,P2,0.40625,0.40625,1.047529801959172,0.0033839140087366,1.1749701419224342e-05,0,288,288,False
s1_to_s2,no_ra,W1,oas_trace_eps1e-6,4.0,exact_sorted_order_statistics,5,1,2,P2,0.4548611111111111,0.4548611111111111,1.2044038539752364,0.003359189024195,1.1663850778455122e-05,0,288,288,False
s1_to_s2,no_ra,W2,oas_trace_eps1e-6,,trial_tangent,5,1,2,B1,0.5138888888888888,0.5138888888888888,0.2438765740953385,0.0259694021660834,9.017153529890088e-05,0,288,288,False
s1_to_s2,no_ra,W2,oas_trace_eps1e-6,,airm_nearest_class_mean,5,1,2,B2,0.3298611111111111,0.3298611111111111,0.1880200079176575,0.087713266024366,0.0003045599514734,0,288,288,False
s1_to_s2,no_ra,W2,oas_trace_eps1e-6,,mean_decision_score,5,1,2,B3,0.4791666666666667,0.4791666666666667,0.8263545129448175,0.1147486108820885,0.0003984326766739,0,288,288,False
s1_to_s2,no_ra,W2,oas_trace_eps1e-6,,majority_vote_secondary,5,1,2,B3_majority,0.40625,0.4062499999999999,0.0,0.0,0.0,0,288,288,False
s1_to_s2,no_ra,W2,oas_trace_eps1e-6,,mean_window_log_svec,5,1,2,B4,0.4930555555555556,0.4930555555555556,0.021295515121892,0.0007956260815262,2.762590560855137e-06,0,288,288,False
s1_to_s2,no_ra,W2,oas_trace_eps1e-6,0.0,mean_std_projection_moments,5,1,2,B5,0.4097222222222222,0.4097222222222222,0.0430663400329649,0.0010838599409908,3.763402572884742e-06,0,288,288,False
s1_to_s2,no_ra,W2,oas_trace_eps1e-6,1.0,mean_std_projection_moments,5,1,2,B5,0.3958333333333333,0.3958333333333332,0.0484242578968405,0.0013708141632378,4.759771400131285e-06,0,288,288,False
s1_to_s2,no_ra,W2,oas_trace_eps1e-6,2.0,mean_std_projection_moments,5,1,2,B5,0.4027777777777778,0.4027777777777778,0.0463039770256727,0.0010641817934811,3.695075671809415e-06,0,288,288,False
s1_to_s2,no_ra,W2,oas_trace_eps1e-6,3.0,mean_std_projection_moments,5,1,2,B5,0.4340277777777778,0.4340277777777778,0.0456433058716356,0.0011351718567311,3.941568946983251e-06,0,288,288,False
s1_to_s2,no_ra,W2,oas_trace_eps1e-6,4.0,mean_std_projection_moments,5,1,2,B5,0.4236111111111111,0.4236111111111111,0.0483101559802889,0.0011560600250959,4.014097309360902e-06,0,288,288,False
s1_to_s2,no_ra,W2,oas_trace_eps1e-6,0.0,pooled_class_measure,5,1,2,P1,0.3090277777777778,0.3090277777777777,0.0019968720152974,0.1815049438737332,0.0006302254995615,0,288,288,False
s1_to_s2,no_ra,W2,oas_trace_eps1e-6,1.0,pooled_class_measure,5,1,2,P1,0.3055555555555556,0.3055555555555556,0.0022278551477938,0.192679198924452,0.0006690249962654,0,288,288,False
s1_to_s2,no_ra,W2,oas_trace_eps1e-6,2.0,pooled_class_measure,5,1,2,P1,0.3090277777777778,0.3090277777777778,0.0015941320452839,0.1778700649738311,0.0006176043922702,0,288,288,False
s1_to_s2,no_ra,W2,oas_trace_eps1e-6,3.0,pooled_class_measure,5,1,2,P1,0.3020833333333333,0.3020833333333333,0.0016436849255114,0.1798734529875219,0.0006245606006511,0,288,288,False
s1_to_s2,no_ra,W2,oas_trace_eps1e-6,4.0,pooled_class_measure,5,1,2,P1,0.28125,0.28125,0.0016262258868664,0.1694707900751382,0.0005884402433164,0,288,288,False
s1_to_s2,no_ra,W2,oas_trace_eps1e-6,0.0,exact_sorted_order_statistics,5,1,2,P2,0.4444444444444444,0.4444444444444445,0.2438013048376888,0.0020329521503299,7.058861633090095e-06,0,288,288,False
s1_to_s2,no_ra,W2,oas_trace_eps1e-6,1.0,exact_sorted_order_statistics,5,1,2,P2,0.3784722222222222,0.3784722222222222,0.2561726667918265,0.0024849518667906,8.628305093023098e-06,0,288,288,False
s1_to_s2,no_ra,W2,oas_trace_eps1e-6,2.0,exact_sorted_order_statistics,5,1,2,P2,0.3888888888888889,0.3888888888888889,0.2611323278397321,0.0017612869851291,6.115579809476104e-06,0,288,288,False
s1_to_s2,no_ra,W2,oas_trace_eps1e-6,3.0,exact_sorted_order_statistics,5,1,2,P2,0.4340277777777778,0.4340277777777778,0.2350672010798007,0.0022058058530092,7.659048100726472e-06,0,288,288,False
s1_to_s2,no_ra,W2,oas_trace_eps1e-6,4.0,exact_sorted_order_statistics,5,1,2,P2,0.4305555555555556,0.4305555555555555,0.2347195600159466,0.0020770558621734,7.211999521435549e-06,0,288,288,False
s1_to_s2,no_ra,W2,oas_trace_eps1e-6,,ordered_nonoverlap,5,1,2,ordered_control,0.4375,0.4375,1.2976350418757647,0.1063798959366977,0.000369374638669,0,288,288,False
s1_to_s2,no_ra,W1,oas_trace_eps1e-6,,trial_tangent,6,1,2,B1,0.5729166666666666,0.5729166666666666,0.2303220019675791,0.0235048991162329,8.161423304247567e-05,0,288,288,False
s1_to_s2,no_ra,W1,oas_trace_eps1e-6,,airm_nearest_class_mean,6,1,2,B2,0.4375,0.4375,0.1790076720062643,0.1053084980230778,0.0003656545070245,0,288,288,False
s1_to_s2,no_ra,W1,oas_trace_eps1e-6,,mean_decision_score,6,1,2,B3,0.5763888888888888,0.5763888888888888,1.4348385098855942,0.2154346399474889,0.0007480369442621,0,288,288,False
s1_to_s2,no_ra,W1,oas_trace_eps1e-6,,majority_vote_secondary,6,1,2,B3_majority,0.5451388888888888,0.545138888888889,0.0,0.0,0.0,0,288,288,False
s1_to_s2,no_ra,W1,oas_trace_eps1e-6,,mean_window_log_svec,6,1,2,B4,0.4965277777777778,0.4965277777777778,0.0255479267798364,0.0007995611522346,2.7762540008148385e-06,0,288,288,False
s1_to_s2,no_ra,W1,oas_trace_eps1e-6,0.0,mean_std_projection_moments,6,1,2,B5,0.4861111111111111,0.4861111111111111,0.0450802850537002,0.0011286488734185,3.918919699370033e-06,0,288,288,False
s1_to_s2,no_ra,W1,oas_trace_eps1e-6,1.0,mean_std_projection_moments,6,1,2,B5,0.40625,0.40625,0.0462058710400015,0.0010651960037648,3.69859723529468e-06,0,288,288,False
s1_to_s2,no_ra,W1,oas_trace_eps1e-6,2.0,mean_std_projection_moments,6,1,2,B5,0.4479166666666667,0.4479166666666666,0.0494331861846149,0.0012523981276899,4.348604610034575e-06,0,288,288,False
s1_to_s2,no_ra,W1,oas_trace_eps1e-6,3.0,mean_std_projection_moments,6,1,2,B5,0.40625,0.40625,0.0449386809486895,0.0012703090906143,4.4107954535219405e-06,0,288,288,False
s1_to_s2,no_ra,W1,oas_trace_eps1e-6,4.0,mean_std_projection_moments,6,1,2,B5,0.4305555555555556,0.4305555555555556,0.0472131809219718,0.0012985789217054,4.508954589255154e-06,0,288,288,False
s1_to_s2,no_ra,W1,oas_trace_eps1e-6,0.0,pooled_class_measure,6,1,2,P1,0.4652777777777778,0.4652777777777777,0.0029773679561913,0.2940738461911678,0.0010210897437193,0,288,288,False
s1_to_s2,no_ra,W1,oas_trace_eps1e-6,1.0,pooled_class_measure,6,1,2,P1,0.4270833333333333,0.4270833333333333,0.0028992709703743,0.2746801769826561,0.0009537506145231,0,288,288,False
s1_to_s2,no_ra,W1,oas_trace_eps1e-6,2.0,pooled_class_measure,6,1,2,P1,0.4409722222222222,0.4409722222222222,0.0029128920286893,0.2933003390207886,0.0010184039549332,0,288,288,False
s1_to_s2,no_ra,W1,oas_trace_eps1e-6,3.0,pooled_class_measure,6,1,2,P1,0.4444444444444444,0.4444444444444444,0.0028507439419627,0.2716694730333984,0.0009432967813659,0,288,288,False
s1_to_s2,no_ra,W1,oas_trace_eps1e-6,4.0,pooled_class_measure,6,1,2,P1,0.4166666666666667,0.4166666666666667,0.0030280519276857,0.2990784330759197,0.0010384667815136,0,288,288,False
s1_to_s2,no_ra,W1,oas_trace_eps1e-6,0.0,exact_sorted_order_statistics,6,1,2,P2,0.4236111111111111,0.4236111111111111,1.0396890891715884,0.0034735889639705,1.2061072791564382e-05,0,288,288,False
s1_to_s2,no_ra,W1,oas_trace_eps1e-6,1.0,exact_sorted_order_statistics,6,1,2,P2,0.4097222222222222,0.4097222222222222,0.9495655870996416,0.0031546391546726,1.0953608175946609e-05,0,288,288,False
s1_to_s2,no_ra,W1,oas_trace_eps1e-6,2.0,exact_sorted_order_statistics,6,1,2,P2,0.46875,0.46875,1.1333707270678133,0.0030158231966197,1.0471608321596352e-05,0,288,288,False
s1_to_s2,no_ra,W1,oas_trace_eps1e-6,3.0,exact_sorted_order_statistics,6,1,2,P2,0.4409722222222222,0.4409722222222222,1.0890927778091282,0.0031046420335769,1.078000706103113e-05,0,288,288,False
s1_to_s2,no_ra,W1,oas_trace_eps1e-6,4.0,exact_sorted_order_statistics,6,1,2,P2,0.4375,0.4375,1.0704218179453164,0.0031957500614225,1.1096354379939536e-05,0,288,288,False
s1_to_s2,no_ra,W2,oas_trace_eps1e-6,,trial_tangent,6,1,2,B1,0.5729166666666666,0.5729166666666666,0.2116302719805389,0.0315245951060205,0.0001094603996736,0,288,288,False
s1_to_s2,no_ra,W2,oas_trace_eps1e-6,,airm_nearest_class_mean,6,1,2,B2,0.4375,0.4375,0.1925083480309695,0.091007029870525,0.0003159966314948,0,288,288,False
s1_to_s2,no_ra,W2,oas_trace_eps1e-6,,mean_decision_score,6,1,2,B3,0.5590277777777778,0.5590277777777778,0.8716691578738391,0.1056731988210231,0.0003669208292396,0,288,288,False
s1_to_s2,no_ra,W2,oas_trace_eps1e-6,,majority_vote_secondary,6,1,2,B3_majority,0.4791666666666667,0.4791666666666666,0.0,0.0,0.0,0,288,288,False
s1_to_s2,no_ra,W2,oas_trace_eps1e-6,,mean_window_log_svec,6,1,2,B4,0.5138888888888888,0.5138888888888888,0.0221707939635962,0.0007412468548864,2.5737738016889325e-06,0,288,288,False
s1_to_s2,no_ra,W2,oas_trace_eps1e-6,0.0,mean_std_projection_moments,6,1,2,B5,0.4618055555555556,0.4618055555555556,0.0479216910898685,0.0011663360055536,4.049777797061122e-06,0,288,288,False
s1_to_s2,no_ra,W2,oas_trace_eps1e-6,1.0,mean_std_projection_moments,6,1,2,B5,0.3993055555555556,0.3993055555555555,0.0481601629871875,0.0010494000744074,3.6437502583592304e-06,0,288,288,False
s1_to_s2,no_ra,W2,oas_trace_eps1e-6,2.0,mean_std_projection_moments,6,1,2,B5,0.4409722222222222,0.4409722222222222,0.0506377690471708,0.0010765721090137,3.738097600742347e-06,0,288,288,False
s1_to_s2,no_ra,W2,oas_trace_eps1e-6,3.0,mean_std_projection_moments,6,1,2,B5,0.3923611111111111,0.3923611111111111,0.0528431120328605,0.0012577599845826,4.367222168689801e-06,0,288,288,False
s1_to_s2,no_ra,W2,oas_trace_eps1e-6,4.0,mean_std_projection_moments,6,1,2,B5,0.4236111111111111,0.4236111111111111,0.0477101018186658,0.0013297609984874,4.617225689192613e-06,0,288,288,False
s1_to_s2,no_ra,W2,oas_trace_eps1e-6,0.0,pooled_class_measure,6,1,2,P1,0.4340277777777778,0.4340277777777778,0.0016190689057111,0.1681682721246034,0.0005839176115437,0,288,288,False
s1_to_s2,no_ra,W2,oas_trace_eps1e-6,1.0,pooled_class_measure,6,1,2,P1,0.4236111111111111,0.423611111111111,0.0015900691505521,0.1715512489899993,0.000595664058993,0,288,288,False
s1_to_s2,no_ra,W2,oas_trace_eps1e-6,2.0,pooled_class_measure,6,1,2,P1,0.4375,0.4375,0.0015815820079296,0.1635315720923245,0.0005678179586539,0,288,288,False
s1_to_s2,no_ra,W2,oas_trace_eps1e-6,3.0,pooled_class_measure,6,1,2,P1,0.4340277777777778,0.4340277777777778,0.002196148969233,0.1909778590779751,0.0006631175662429,0,288,288,False
s1_to_s2,no_ra,W2,oas_trace_eps1e-6,4.0,pooled_class_measure,6,1,2,P1,0.4097222222222222,0.4097222222222222,0.0016900280024856,0.184520767070353,0.0006406971078831,0,288,288,False
s1_to_s2,no_ra,W2,oas_trace_eps1e-6,0.0,exact_sorted_order_statistics,6,1,2,P2,0.4756944444444444,0.4756944444444444,0.241010676138103,0.0017970758490264,6.239846698008478e-06,0,288,288,False
s1_to_s2,no_ra,W2,oas_trace_eps1e-6,1.0,exact_sorted_order_statistics,6,1,2,P2,0.4236111111111111,0.4236111111111111,0.2362238839268684,0.0018975399434566,6.588680359224479e-06,0,288,288,False
s1_to_s2,no_ra,W2,oas_trace_eps1e-6,2.0,exact_sorted_order_statistics,6,1,2,P2,0.4513888888888889,0.4513888888888888,0.2377544569317251,0.0019272188656032,6.691732172233363e-06,0,288,288,False
s1_to_s2,no_ra,W2,oas_trace_eps1e-6,3.0,exact_sorted_order_statistics,6,1,2,P2,0.4131944444444444,0.4131944444444444,0.2535680269356817,0.002291410928592,7.956287946500299e-06,0,288,288,False
s1_to_s2,no_ra,W2,oas_trace_eps1e-6,4.0,exact_sorted_order_statistics,6,1,2,P2,0.4409722222222222,0.4409722222222222,0.251973323058337,0.0023526630830019,8.168969038201289e-06,0,288,288,False
s1_to_s2,no_ra,W2,oas_trace_eps1e-6,,ordered_nonoverlap,6,1,2,ordered_control,0.4930555555555556,0.4930555555555556,1.3760568159632385,0.1096647540107369,0.0003807803958706,0,288,288,False
s1_to_s2,no_ra,W1,oas_trace_eps1e-6,,trial_tangent,7,1,2,B1,0.7291666666666666,0.7291666666666666,0.2336005440447479,0.0238903290592134,8.295253145560209e-05,0,288,288,False
s1_to_s2,no_ra,W1,oas_trace_eps1e-6,,airm_nearest_class_mean,7,1,2,B2,0.6875,0.6875,0.2041156708728522,0.0899696429260075,0.000312394593493,0,288,288,False
s1_to_s2,no_ra,W1,oas_trace_eps1e-6,,mean_decision_score,7,1,2,B3,0.8090277777777778,0.8090277777777778,1.565764734055847,0.1752848618198186,0.0006086279924299,0,288,288,False
s1_to_s2,no_ra,W1,oas_trace_eps1e-6,,majority_vote_secondary,7,1,2,B3_majority,0.8055555555555556,0.8055555555555556,0.0,0.0,0.0,0,288,288,False
s1_to_s2,no_ra,W1,oas_trace_eps1e-6,,mean_window_log_svec,7,1,2,B4,0.78125,0.78125,0.0258231170009821,0.0009085219353437,3.1545900532768837e-06,0,288,288,False
s1_to_s2,no_ra,W1,oas_trace_eps1e-6,0.0,mean_std_projection_moments,7,1,2,B5,0.6979166666666666,0.6979166666666667,0.0534277420956641,0.0012096129357814,4.200044915907913e-06,0,288,288,False
s1_to_s2,no_ra,W1,oas_trace_eps1e-6,1.0,mean_std_projection_moments,7,1,2,B5,0.7256944444444444,0.7256944444444444,0.0472536711022257,0.0011682019103318,4.056256633096685e-06,0,288,288,False
s1_to_s2,no_ra,W1,oas_trace_eps1e-6,2.0,mean_std_projection_moments,7,1,2,B5,0.7222222222222222,0.7222222222222222,0.0467181799467653,0.0013137869536876,4.561760255859957e-06,0,288,288,False
s1_to_s2,no_ra,W1,oas_trace_eps1e-6,3.0,mean_std_projection_moments,7,1,2,B5,0.7291666666666666,0.7291666666666666,0.0453538510482758,0.0011124429292976,3.862649060061409e-06,0,288,288,False
s1_to_s2,no_ra,W1,oas_trace_eps1e-6,4.0,mean_std_projection_moments,7,1,2,B5,0.7569444444444444,0.7569444444444444,0.0560774628538638,0.0012400648556649,4.305780748836696e-06,0,288,288,False
s1_to_s2,no_ra,W1,oas_trace_eps1e-6,0.0,pooled_class_measure,7,1,2,P1,0.6701388888888888,0.6701388888888888,0.0033330528531223,0.3086935181636363,0.0010718524936237,0,288,288,False
s1_to_s2,no_ra,W1,oas_trace_eps1e-6,1.0,pooled_class_measure,7,1,2,P1,0.6770833333333334,0.6770833333333334,0.0029178929980844,0.2919706550892442,0.0010137869968376,0,288,288,False
s1_to_s2,no_ra,W1,oas_trace_eps1e-6,2.0,pooled_class_measure,7,1,2,P1,0.6354166666666666,0.6354166666666666,0.0029353140853345,0.28460333799012,0.0009882060346879,0,288,288,False
s1_to_s2,no_ra,W1,oas_trace_eps1e-6,3.0,pooled_class_measure,7,1,2,P1,0.625,0.625,0.0033277631737291,0.294765800004825,0.0010234923611278,0,288,288,False
s1_to_s2,no_ra,W1,oas_trace_eps1e-6,4.0,pooled_class_measure,7,1,2,P1,0.6736111111111112,0.6736111111111112,0.0029428650159388,0.3266132608987391,0.001134073822565,0,288,288,False
s1_to_s2,no_ra,W1,oas_trace_eps1e-6,0.0,exact_sorted_order_statistics,7,1,2,P2,0.7430555555555556,0.7430555555555556,1.0944927670061588,0.0036512590013444,1.2677982643557092e-05,0,288,288,False
s1_to_s2,no_ra,W1,oas_trace_eps1e-6,1.0,exact_sorted_order_statistics,7,1,2,P2,0.7152777777777778,0.7152777777777778,1.0172928830143064,0.0029764168430119,1.0334780704902692e-05,0,288,288,False
s1_to_s2,no_ra,W1,oas_trace_eps1e-6,2.0,exact_sorted_order_statistics,7,1,2,P2,0.71875,0.71875,1.0569473109208047,0.0033235650043934,1.1540156265255064e-05,0,288,288,False
s1_to_s2,no_ra,W1,oas_trace_eps1e-6,3.0,exact_sorted_order_statistics,7,1,2,P2,0.7465277777777778,0.7465277777777778,1.0216818649787456,0.0038910128641873,1.3510461333983889e-05,0,288,288,False
s1_to_s2,no_ra,W1,oas_trace_eps1e-6,4.0,exact_sorted_order_statistics,7,1,2,P2,0.7604166666666666,0.7604166666666666,1.1807004769798368,0.0034773380029946,1.207409028817589e-05,0,288,288,False
s1_to_s2,no_ra,W2,oas_trace_eps1e-6,,trial_tangent,7,1,2,B1,0.7291666666666666,0.7291666666666666,0.2274949811398983,0.0252472178544849,8.766395088362818e-05,0,288,288,False
s1_to_s2,no_ra,W2,oas_trace_eps1e-6,,airm_nearest_class_mean,7,1,2,B2,0.6875,0.6875,0.195994968060404,0.1050381350796669,0.0003647157468043,0,288,288,False
s1_to_s2,no_ra,W2,oas_trace_eps1e-6,,mean_decision_score,7,1,2,B3,0.7916666666666666,0.7916666666666667,0.8964508378412575,0.1288285460323095,0.0004473213403899,0,288,288,False
s1_to_s2,no_ra,W2,oas_trace_eps1e-6,,majority_vote_secondary,7,1,2,B3_majority,0.7465277777777778,0.7465277777777778,0.0,0.0,0.0,0,288,288,False
s1_to_s2,no_ra,W2,oas_trace_eps1e-6,,mean_window_log_svec,7,1,2,B4,0.7569444444444444,0.7569444444444444,0.0224790188949555,0.0007361709140241,2.556149007028176e-06,0,288,288,False
s1_to_s2,no_ra,W2,oas_trace_eps1e-6,0.0,mean_std_projection_moments,7,1,2,B5,0.6909722222222222,0.6909722222222223,0.0461438070051372,0.0012104120105504,4.2028194810781215e-06,0,288,288,False
s1_to_s2,no_ra,W2,oas_trace_eps1e-6,1.0,mean_std_projection_moments,7,1,2,B5,0.71875,0.71875,0.046500306809321,0.0010453150607645,3.629566183210247e-06,0,288,288,False
s1_to_s2,no_ra,W2,oas_trace_eps1e-6,2.0,mean_std_projection_moments,7,1,2,B5,0.7395833333333334,0.7395833333333334,0.0480301901698112,0.0010818340815603,3.756368338751296e-06,0,288,288,False
s1_to_s2,no_ra,W2,oas_trace_eps1e-6,3.0,mean_std_projection_moments,7,1,2,B5,0.7048611111111112,0.7048611111111112,0.0464682709425687,0.0010989990551024,3.815968941328012e-06,0,288,288,False
s1_to_s2,no_ra,W2,oas_trace_eps1e-6,4.0,mean_std_projection_moments,7,1,2,B5,0.7465277777777778,0.7465277777777778,0.0466957038734108,0.0012524609919637,4.348822888763e-06,0,288,288,False
s1_to_s2,no_ra,W2,oas_trace_eps1e-6,0.0,pooled_class_measure,7,1,2,P1,0.6597222222222222,0.6597222222222223,0.0016509699635207,0.1773506309837103,0.0006158008020267,0,288,288,False
s1_to_s2,no_ra,W2,oas_trace_eps1e-6,1.0,pooled_class_measure,7,1,2,P1,0.6597222222222222,0.6597222222222222,0.0016342860180884,0.174934514099732,0.0006074115072907,0,288,288,False
s1_to_s2,no_ra,W2,oas_trace_eps1e-6,2.0,pooled_class_measure,7,1,2,P1,0.6319444444444444,0.6319444444444444,0.0019477738533169,0.1611443050205707,0.0005595288368769,0,288,288,False
s1_to_s2,no_ra,W2,oas_trace_eps1e-6,3.0,pooled_class_measure,7,1,2,P1,0.625,0.625,0.0016603048425167,0.1702211771626025,0.0005910457540368,0,288,288,False
s1_to_s2,no_ra,W2,oas_trace_eps1e-6,4.0,pooled_class_measure,7,1,2,P1,0.6701388888888888,0.6701388888888888,0.0019750869832932,0.1578736191149801,0.0005481722885936,0,288,288,False
s1_to_s2,no_ra,W2,oas_trace_eps1e-6,0.0,exact_sorted_order_statistics,7,1,2,P2,0.7083333333333334,0.7083333333333333,0.2449858919717371,0.0019925548695027,6.918593296884663e-06,0,288,288,False
s1_to_s2,no_ra,W2,oas_trace_eps1e-6,1.0,exact_sorted_order_statistics,7,1,2,P2,0.7083333333333334,0.7083333333333334,0.2323622058611363,0.0020212829113006,7.0183434420161775e-06,0,288,288,False
s1_to_s2,no_ra,W2,oas_trace_eps1e-6,2.0,exact_sorted_order_statistics,7,1,2,P2,0.7118055555555556,0.7118055555555556,0.236223179847002,0.0019154150504618,6.650746702992668e-06,0,288,288,False
s1_to_s2,no_ra,W2,oas_trace_eps1e-6,3.0,exact_sorted_order_statistics,7,1,2,P2,0.7083333333333334,0.7083333333333333,0.2312196821440011,0.0019900980405509,6.9100626408019e-06,0,288,288,False
s1_to_s2,no_ra,W2,oas_trace_eps1e-6,4.0,exact_sorted_order_statistics,7,1,2,P2,0.7708333333333334,0.7708333333333334,0.2433076479937881,0.0021168389357626,7.350135193620291e-06,0,288,288,False
s1_to_s2,no_ra,W2,oas_trace_eps1e-6,,ordered_nonoverlap,7,1,2,ordered_control,0.7569444444444444,0.7569444444444444,1.3628711779601872,0.1036865140777081,0.0003600226183253,0,288,288,False
s1_to_s2,no_ra,W1,oas_trace_eps1e-6,,trial_tangent,8,1,2,B1,0.7291666666666666,0.7291666666666667,0.239792306907475,0.0331632820889353,0.000115150285031,0,288,288,False
s1_to_s2,no_ra,W1,oas_trace_eps1e-6,,airm_nearest_class_mean,8,1,2,B2,0.7430555555555556,0.7430555555555556,0.1963999320287257,0.107546571874991,0.0003734255967881,0,288,288,False
s1_to_s2,no_ra,W1,oas_trace_eps1e-6,,mean_decision_score,8,1,2,B3,0.6423611111111112,0.6423611111111112,1.5425149518996475,0.2026651999913156,0.0007036986110809,0,288,288,False
s1_to_s2,no_ra,W1,oas_trace_eps1e-6,,majority_vote_secondary,8,1,2,B3_majority,0.6493055555555556,0.6493055555555556,0.0,0.0,0.0,0,288,288,False
s1_to_s2,no_ra,W1,oas_trace_eps1e-6,,mean_window_log_svec,8,1,2,B4,0.7118055555555556,0.7118055555555556,0.0208374969661235,0.0006599139887839,2.291368016610957e-06,0,288,288,False
s1_to_s2,no_ra,W1,oas_trace_eps1e-6,0.0,mean_std_projection_moments,8,1,2,B5,0.7222222222222222,0.7222222222222222,0.0492724059149622,0.0011822369415313,4.104989380317016e-06,0,288,288,False
s1_to_s2,no_ra,W1,oas_trace_eps1e-6,1.0,mean_std_projection_moments,8,1,2,B5,0.75,0.75,0.0461439238861203,0.0012173070572316,4.226760615387724e-06,0,288,288,False
s1_to_s2,no_ra,W1,oas_trace_eps1e-6,2.0,mean_std_projection_moments,8,1,2,B5,0.7291666666666666,0.7291666666666667,0.0463849869556725,0.0010927321854978,3.7942089774231945e-06,0,288,288,False
s1_to_s2,no_ra,W1,oas_trace_eps1e-6,3.0,mean_std_projection_moments,8,1,2,B5,0.6875,0.6875,0.0525993308983743,0.0012662590015679,4.396732644333194e-06,0,288,288,False
s1_to_s2,no_ra,W1,oas_trace_eps1e-6,4.0,mean_std_projection_moments,8,1,2,B5,0.7256944444444444,0.7256944444444444,0.0456450809724628,0.0010671729687601,3.705461697083794e-06,0,288,288,False
s1_to_s2,no_ra,W1,oas_trace_eps1e-6,0.0,pooled_class_measure,8,1,2,P1,0.7013888888888888,0.7013888888888888,0.0033598879817873,0.2984301059041172,0.0010362156455004,0,288,288,False
s1_to_s2,no_ra,W1,oas_trace_eps1e-6,1.0,pooled_class_measure,8,1,2,P1,0.7430555555555556,0.7430555555555556,0.0029675518162548,0.3001818389166146,0.0010422980517938,0,288,288,False
s1_to_s2,no_ra,W1,oas_trace_eps1e-6,2.0,pooled_class_measure,8,1,2,P1,0.7013888888888888,0.701388888888889,0.0029814250301569,0.2907012971118092,0.0010093795038604,0,288,288,False
s1_to_s2,no_ra,W1,oas_trace_eps1e-6,3.0,pooled_class_measure,8,1,2,P1,0.6354166666666666,0.6354166666666666,0.0036361459642648,0.2967147980816662,0.0010302597155613,0,288,288,False
s1_to_s2,no_ra,W1,oas_trace_eps1e-6,4.0,pooled_class_measure,8,1,2,P1,0.6979166666666666,0.6979166666666667,0.0033370680175721,0.3135931768920272,0.0010888651975417,0,288,288,False
s1_to_s2,no_ra,W1,oas_trace_eps1e-6,0.0,exact_sorted_order_statistics,8,1,2,P2,0.7083333333333334,0.7083333333333333,1.2697221480775625,0.0034117230679839,1.184626065272217e-05,0,288,288,False
s1_to_s2,no_ra,W1,oas_trace_eps1e-6,1.0,exact_sorted_order_statistics,8,1,2,P2,0.6701388888888888,0.6701388888888888,1.073873681947589,0.00359937408939,1.249782669927097e-05,0,288,288,False
s1_to_s2,no_ra,W1,oas_trace_eps1e-6,2.0,exact_sorted_order_statistics,8,1,2,P2,0.6840277777777778,0.6840277777777777,1.022717314073816,0.0035121750552207,1.2195052275071956e-05,0,288,288,False
s1_to_s2,no_ra,W1,oas_trace_eps1e-6,3.0,exact_sorted_order_statistics,8,1,2,P2,0.6076388888888888,0.6076388888888888,1.055808664066717,0.0035452879965305,1.2310027765731016e-05,0,288,288,False
s1_to_s2,no_ra,W1,oas_trace_eps1e-6,4.0,exact_sorted_order_statistics,8,1,2,P2,0.6979166666666666,0.6979166666666666,1.0013913691509515,0.0035196510143578,1.2221010466520158e-05,0,288,288,False
s1_to_s2,no_ra,W2,oas_trace_eps1e-6,,trial_tangent,8,1,2,B1,0.7291666666666666,0.7291666666666667,0.2403444789815694,0.0236019091680645,8.195107350022429e-05,0,288,288,False
s1_to_s2,no_ra,W2,oas_trace_eps1e-6,,airm_nearest_class_mean,8,1,2,B2,0.7430555555555556,0.7430555555555556,0.2204540080856531,0.0880159249063581,0.0003056108503692,0,288,288,False
s1_to_s2,no_ra,W2,oas_trace_eps1e-6,,mean_decision_score,8,1,2,B3,0.5972222222222222,0.5972222222222222,0.9077133610844612,0.1307025121059268,0.0004538281670344,0,288,288,False
s1_to_s2,no_ra,W2,oas_trace_eps1e-6,,majority_vote_secondary,8,1,2,B3_majority,0.5277777777777778,0.5277777777777777,0.0,0.0,0.0,0,288,288,False
s1_to_s2,no_ra,W2,oas_trace_eps1e-6,,mean_window_log_svec,8,1,2,B4,0.7013888888888888,0.7013888888888888,0.0222177219111472,0.0007853081915527,2.726764554002633e-06,0,288,288,False
s1_to_s2,no_ra,W2,oas_trace_eps1e-6,0.0,mean_std_projection_moments,8,1,2,B5,0.6736111111111112,0.6736111111111112,0.0466223079711198,0.0011307841632515,3.926333900178886e-06,0,288,288,False
s1_to_s2,no_ra,W2,oas_trace_eps1e-6,1.0,mean_std_projection_moments,8,1,2,B5,0.7291666666666666,0.7291666666666667,0.0477711439598351,0.0011879329103976,4.124767049991836e-06,0,288,288,False
s1_to_s2,no_ra,W2,oas_trace_eps1e-6,2.0,mean_std_projection_moments,8,1,2,B5,0.6909722222222222,0.6909722222222223,0.046315454877913,0.0011897829826921,4.131190912125425e-06,0,288,288,False
s1_to_s2,no_ra,W2,oas_trace_eps1e-6,3.0,mean_std_projection_moments,8,1,2,B5,0.5972222222222222,0.5972222222222222,0.0458370451815426,0.0011078650131821,3.846753517993622e-06,0,288,288,False
s1_to_s2,no_ra,W2,oas_trace_eps1e-6,4.0,mean_std_projection_moments,8,1,2,B5,0.6909722222222222,0.6909722222222223,0.0471088699996471,0.0011257419828325,3.908826329279691e-06,0,288,288,False
s1_to_s2,no_ra,W2,oas_trace_eps1e-6,0.0,pooled_class_measure,8,1,2,P1,0.6527777777777778,0.6527777777777778,0.0016877090092748,0.1723205619491636,0.0005983352845457,0,288,288,False
s1_to_s2,no_ra,W2,oas_trace_eps1e-6,1.0,pooled_class_measure,8,1,2,P1,0.6944444444444444,0.6944444444444444,0.0016288980841636,0.1676090678665787,0.0005819759300922,0,288,288,False
s1_to_s2,no_ra,W2,oas_trace_eps1e-6,2.0,pooled_class_measure,8,1,2,P1,0.6284722222222222,0.6284722222222222,0.0016038760077208,0.1726631911005824,0.0005995249690992,0,288,288,False
s1_to_s2,no_ra,W2,oas_trace_eps1e-6,3.0,pooled_class_measure,8,1,2,P1,0.6215277777777778,0.6215277777777777,0.0020664120092988,0.1816280698403716,0.000630653020279,0,288,288,False
s1_to_s2,no_ra,W2,oas_trace_eps1e-6,4.0,pooled_class_measure,8,1,2,P1,0.6597222222222222,0.6597222222222222,0.0016027779784053,0.1656176310498267,0.000575061218923,0,288,288,False
s1_to_s2,no_ra,W2,oas_trace_eps1e-6,0.0,exact_sorted_order_statistics,8,1,2,P2,0.6319444444444444,0.6319444444444444,0.244343388127163,0.0019651751499623,6.823524826258007e-06,0,288,288,False
s1_to_s2,no_ra,W2,oas_trace_eps1e-6,1.0,exact_sorted_order_statistics,8,1,2,P2,0.6770833333333334,0.6770833333333333,0.2304475230630487,0.0018118950538337,6.291302270255983e-06,0,288,288,False
s1_to_s2,no_ra,W2,oas_trace_eps1e-6,2.0,exact_sorted_order_statistics,8,1,2,P2,0.6909722222222222,0.6909722222222222,0.2363931778818369,0.0018680149223655,6.486162924880369e-06,0,288,288,False
s1_to_s2,no_ra,W2,oas_trace_eps1e-6,3.0,exact_sorted_order_statistics,8,1,2,P2,0.5798611111111112,0.579861111111111,0.2366091788280755,0.0022431469988077,7.788704856971486e-06,0,288,288,False
s1_to_s2,no_ra,W2,oas_trace_eps1e-6,4.0,exact_sorted_order_statistics,8,1,2,P2,0.6875,0.6875,0.2406144398264587,0.0018580290488898,6.451489753089845e-06,0,288,288,False
s1_to_s2,no_ra,W2,oas_trace_eps1e-6,,ordered_nonoverlap,8,1,2,ordered_control,0.7465277777777778,0.7465277777777779,1.3303286267910153,0.0939615678507834,0.0003262554439263,0,288,288,False
s1_to_s2,no_ra,W1,oas_trace_eps1e-6,,trial_tangent,9,1,2,B1,0.7569444444444444,0.7569444444444444,0.2531871681567281,0.0241962969303131,8.401491989692052e-05,0,288,288,False
s1_to_s2,no_ra,W1,oas_trace_eps1e-6,,airm_nearest_class_mean,9,1,2,B2,0.7708333333333334,0.7708333333333334,0.2120479471050202,0.1006318889558315,0.0003494162810966,0,288,288,False
s1_to_s2,no_ra,W1,oas_trace_eps1e-6,,mean_decision_score,9,1,2,B3,0.7013888888888888,0.7013888888888888,1.5901516638696194,0.2258962208870798,0.0007843618780801,0,288,288,False
s1_to_s2,no_ra,W1,oas_trace_eps1e-6,,majority_vote_secondary,9,1,2,B3_majority,0.6666666666666666,0.6666666666666666,0.0,0.0,0.0,0,288,288,False
s1_to_s2,no_ra,W1,oas_trace_eps1e-6,,mean_window_log_svec,9,1,2,B4,0.7256944444444444,0.7256944444444444,0.0213981829583644,0.0007085870020091,2.4603715347540046e-06,0,288,288,False
s1_to_s2,no_ra,W1,oas_trace_eps1e-6,0.0,mean_std_projection_moments,9,1,2,B5,0.78125,0.78125,0.045837169047445,0.0010554550681263,3.664774542105281e-06,0,288,288,False
s1_to_s2,no_ra,W1,oas_trace_eps1e-6,1.0,mean_std_projection_moments,9,1,2,B5,0.7638888888888888,0.7638888888888888,0.0436295229010283,0.0012132609263062,4.212711549674471e-06,0,288,288,False
s1_to_s2,no_ra,W1,oas_trace_eps1e-6,2.0,mean_std_projection_moments,9,1,2,B5,0.7847222222222222,0.7847222222222222,0.0518488469533622,0.0013108111452311,4.551427587608083e-06,0,288,288,False
s1_to_s2,no_ra,W1,oas_trace_eps1e-6,3.0,mean_std_projection_moments,9,1,2,B5,0.7777777777777778,0.7777777777777778,0.0439821509644389,0.0010439381003379,3.624785070617994e-06,0,288,288,False
s1_to_s2,no_ra,W1,oas_trace_eps1e-6,4.0,mean_std_projection_moments,9,1,2,B5,0.8020833333333334,0.8020833333333333,0.0463713288772851,0.0012135771103203,4.213809410834478e-06,0,288,288,False
s1_to_s2,no_ra,W1,oas_trace_eps1e-6,0.0,pooled_class_measure,9,1,2,P1,0.7118055555555556,0.7118055555555556,0.0032243030145764,0.3054913131054491,0.0010607337260605,0,288,288,False
s1_to_s2,no_ra,W1,oas_trace_eps1e-6,1.0,pooled_class_measure,9,1,2,P1,0.71875,0.71875,0.0028508999384939,0.3058763358276337,0.0010620706105126,0,288,288,False
s1_to_s2,no_ra,W1,oas_trace_eps1e-6,2.0,pooled_class_measure,9,1,2,P1,0.71875,0.71875,0.002862730063498,0.287333148997277,0.0009976845451294,0,288,288,False
s1_to_s2,no_ra,W1,oas_trace_eps1e-6,3.0,pooled_class_measure,9,1,2,P1,0.71875,0.71875,0.0028394621331244,0.2698886741418391,0.0009371134518813,0,288,288,False
s1_to_s2,no_ra,W1,oas_trace_eps1e-6,4.0,pooled_class_measure,9,1,2,P1,0.7361111111111112,0.736111111111111,0.0033765020780265,0.2854986481834203,0.0009913147506368,0,288,288,False
s1_to_s2,no_ra,W1,oas_trace_eps1e-6,0.0,exact_sorted_order_statistics,9,1,2,P2,0.7430555555555556,0.7430555555555556,1.1548782768659294,0.0033602339681237,1.1667479055985394e-05,0,288,288,False
s1_to_s2,no_ra,W1,oas_trace_eps1e-6,1.0,exact_sorted_order_statistics,9,1,2,P2,0.7152777777777778,0.7152777777777777,1.1142781630624086,0.0030890649650245,1.0725920017446497e-05,0,288,288,False
s1_to_s2,no_ra,W1,oas_trace_eps1e-6,2.0,exact_sorted_order_statistics,9,1,2,P2,0.7569444444444444,0.7569444444444444,1.122927299933508,0.0032825418747961,1.1397714843042197e-05,0,288,288,False
s1_to_s2,no_ra,W1,oas_trace_eps1e-6,3.0,exact_sorted_order_statistics,9,1,2,P2,0.7673611111111112,0.7673611111111112,0.9765770260710268,0.0032013938762247,1.1115950959113738e-05,0,288,288,False
s1_to_s2,no_ra,W1,oas_trace_eps1e-6,4.0,exact_sorted_order_statistics,9,1,2,P2,0.7222222222222222,0.7222222222222222,0.955757976975292,0.0035821599885821,1.2438055515910188e-05,0,288,288,False
s1_to_s2,no_ra,W2,oas_trace_eps1e-6,,trial_tangent,9,1,2,B1,0.7569444444444444,0.7569444444444444,0.2433016230352223,0.0318914039526134,0.0001107340415021,0,288,288,False
s1_to_s2,no_ra,W2,oas_trace_eps1e-6,,airm_nearest_class_mean,9,1,2,B2,0.7708333333333334,0.7708333333333334,0.1810199460014701,0.1079113979358226,0.0003746923539438,0,288,288,False
s1_to_s2,no_ra,W2,oas_trace_eps1e-6,,mean_decision_score,9,1,2,B3,0.7118055555555556,0.7118055555555556,0.82309431117028,0.1058095600455999,0.0003673943057138,0,288,288,False
s1_to_s2,no_ra,W2,oas_trace_eps1e-6,,majority_vote_secondary,9,1,2,B3_majority,0.6840277777777778,0.6840277777777778,0.0,0.0,0.0,0,288,288,False
s1_to_s2,no_ra,W2,oas_trace_eps1e-6,,mean_window_log_svec,9,1,2,B4,0.7118055555555556,0.7118055555555556,0.0210063480772078,0.0006947920192033,2.4124722889003656e-06,0,288,288,False
s1_to_s2,no_ra,W2,oas_trace_eps1e-6,0.0,mean_std_projection_moments,9,1,2,B5,0.78125,0.78125,0.0502475050743669,0.0011392089072614,3.955586483546843e-06,0,288,288,False
s1_to_s2,no_ra,W2,oas_trace_eps1e-6,1.0,mean_std_projection_moments,9,1,2,B5,0.7256944444444444,0.7256944444444445,0.0479693571105599,0.0011614419054239,4.032784393833329e-06,0,288,288,False
s1_to_s2,no_ra,W2,oas_trace_eps1e-6,2.0,mean_std_projection_moments,9,1,2,B5,0.7638888888888888,0.7638888888888888,0.0512856689747422,0.0013594620395451,4.7203543039763136e-06,0,288,288,False
s1_to_s2,no_ra,W2,oas_trace_eps1e-6,3.0,mean_std_projection_moments,9,1,2,B5,0.7743055555555556,0.7743055555555556,0.043414297979325,0.0010304390452802,3.577913351667424e-06,0,288,288,False
s1_to_s2,no_ra,W2,oas_trace_eps1e-6,4.0,mean_std_projection_moments,9,1,2,B5,0.7743055555555556,0.7743055555555556,0.046036692103371,0.0012323099654167,4.278854046586073e-06,0,288,288,False
s1_to_s2,no_ra,W2,oas_trace_eps1e-6,0.0,pooled_class_measure,9,1,2,P1,0.71875,0.71875,0.0016358389984816,0.1783897979184985,0.0006194090205503,0,288,288,False
s1_to_s2,no_ra,W2,oas_trace_eps1e-6,1.0,pooled_class_measure,9,1,2,P1,0.6944444444444444,0.6944444444444444,0.0019522700458765,0.182162594050169,0.0006325090071186,0,288,288,False
s1_to_s2,no_ra,W2,oas_trace_eps1e-6,2.0,pooled_class_measure,9,1,2,P1,0.6944444444444444,0.6944444444444444,0.001595770008862,0.1633305090945214,0.0005671198232448,0,288,288,False
s1_to_s2,no_ra,W2,oas_trace_eps1e-6,3.0,pooled_class_measure,9,1,2,P1,0.6840277777777778,0.6840277777777778,0.0016145920380949,0.1746182451024651,0.0006063133510502,0,288,288,False
s1_to_s2,no_ra,W2,oas_trace_eps1e-6,4.0,pooled_class_measure,9,1,2,P1,0.7326388888888888,0.7326388888888888,0.0016352399252355,0.183452368946746,0.0006369873921762,0,288,288,False
s1_to_s2,no_ra,W2,oas_trace_eps1e-6,0.0,exact_sorted_order_statistics,9,1,2,P2,0.7638888888888888,0.763888888888889,0.2357841541524976,0.0020346110686659,7.064621766201324e-06,0,288,288,False
s1_to_s2,no_ra,W2,oas_trace_eps1e-6,1.0,exact_sorted_order_statistics,9,1,2,P2,0.6770833333333334,0.6770833333333333,0.2372974711470306,0.0020308040548115,7.051402968095823e-06,0,288,288,False
s1_to_s2,no_ra,W2,oas_trace_eps1e-6,2.0,exact_sorted_order_statistics,9,1,2,P2,0.7569444444444444,0.7569444444444445,0.2411090759560465,0.0017807928379625,6.183308465147598e-06,0,288,288,False
s1_to_s2,no_ra,W2,oas_trace_eps1e-6,3.0,exact_sorted_order_statistics,9,1,2,P2,0.7569444444444444,0.7569444444444445,0.2282233068253845,0.0019466339144855,6.759145536408242e-06,0,288,288,False
s1_to_s2,no_ra,W2,oas_trace_eps1e-6,4.0,exact_sorted_order_statistics,9,1,2,P2,0.7465277777777778,0.7465277777777778,0.2479234309867024,0.0020543921273201,7.133305997639481e-06,0,288,288,False
s1_to_s2,no_ra,W2,oas_trace_eps1e-6,,ordered_nonoverlap,9,1,2,ordered_control,0.7569444444444444,0.7569444444444444,1.276767750037834,0.0956832240335643,0.0003322334167832,0,288,288,False
s2_to_s1,no_ra,W1,oas_trace_eps1e-6,,trial_tangent,1,2,1,B1,0.6840277777777778,0.6840277777777778,0.2235339039471,0.0327934029046446,0.0001138659823077,0,288,288,False
s2_to_s1,no_ra,W1,oas_trace_eps1e-6,,airm_nearest_class_mean,1,2,1,B2,0.7534722222222222,0.7534722222222222,0.2078787260688841,0.1069488720968365,0.0003713502503362,0,288,288,False
s2_to_s1,no_ra,W1,oas_trace_eps1e-6,,mean_decision_score,1,2,1,B3,0.7986111111111112,0.7986111111111112,1.4961163790430874,0.2040536610875278,0.0007085196565539,0,288,288,False
s2_to_s1,no_ra,W1,oas_trace_eps1e-6,,majority_vote_secondary,1,2,1,B3_majority,0.7569444444444444,0.7569444444444444,0.0,0.0,0.0,0,288,288,False
s2_to_s1,no_ra,W1,oas_trace_eps1e-6,,mean_window_log_svec,1,2,1,B4,0.7777777777777778,0.7777777777777778,0.0258893128484487,0.0008382548112422,2.91060698347994e-06,0,288,288,False
s2_to_s1,no_ra,W1,oas_trace_eps1e-6,0.0,mean_std_projection_moments,1,2,1,B5,0.7638888888888888,0.7638888888888888,0.0525724869221448,0.0013755687978118,4.776280547957867e-06,0,288,288,False
s2_to_s1,no_ra,W1,oas_trace_eps1e-6,1.0,mean_std_projection_moments,1,2,1,B5,0.7465277777777778,0.7465277777777778,0.053090153960511,0.0012853068765252,4.462871099046121e-06,0,288,288,False
s2_to_s1,no_ra,W1,oas_trace_eps1e-6,2.0,mean_std_projection_moments,1,2,1,B5,0.7256944444444444,0.7256944444444445,0.0482582880649715,0.0012949670199304,4.496413263647507e-06,0,288,288,False
s2_to_s1,no_ra,W1,oas_trace_eps1e-6,3.0,mean_std_projection_moments,1,2,1,B5,0.7291666666666666,0.7291666666666667,0.0568257309496402,0.0013799390289932,4.791454961782114e-06,0,288,288,False
s2_to_s1,no_ra,W1,oas_trace_eps1e-6,4.0,mean_std_projection_moments,1,2,1,B5,0.7534722222222222,0.7534722222222222,0.0445737750269472,0.0010681301355361,3.7087851928340073e-06,0,288,288,False
s2_to_s1,no_ra,W1,oas_trace_eps1e-6,0.0,pooled_class_measure,1,2,1,P1,0.7256944444444444,0.7256944444444444,0.0028385058976709,0.277139110956341,0.0009622885797095,0,288,288,False
s2_to_s1,no_ra,W1,oas_trace_eps1e-6,1.0,pooled_class_measure,1,2,1,P1,0.7118055555555556,0.7118055555555556,0.0029546779114753,0.3225479021202773,0.0011199579934731,0,288,288,False
s2_to_s1,no_ra,W1,oas_trace_eps1e-6,2.0,pooled_class_measure,1,2,1,P1,0.7534722222222222,0.7534722222222223,0.0036532520316541,0.3188795370515436,0.0011072206147623,0,288,288,False
s2_to_s1,no_ra,W1,oas_trace_eps1e-6,3.0,pooled_class_measure,1,2,1,P1,0.71875,0.71875,0.002885177033022,0.2775272480212152,0.0009636362778514,0,288,288,False
s2_to_s1,no_ra,W1,oas_trace_eps1e-6,4.0,pooled_class_measure,1,2,1,P1,0.7083333333333334,0.7083333333333333,0.0028755189850926,0.2691450058482587,0.0009345312703064,0,288,288,False
s2_to_s1,no_ra,W1,oas_trace_eps1e-6,0.0,exact_sorted_order_statistics,1,2,1,P2,0.7152777777777778,0.7152777777777778,1.2673395981546491,0.0028898038435727,1.0034041123516445e-05,0,288,288,False
s2_to_s1,no_ra,W1,oas_trace_eps1e-6,1.0,exact_sorted_order_statistics,1,2,1,P2,0.75,0.75,1.0213615579996258,0.0034169328864663,1.18643503002305e-05,0,288,288,False
s2_to_s1,no_ra,W1,oas_trace_eps1e-6,2.0,exact_sorted_order_statistics,1,2,1,P2,0.7048611111111112,0.704861111111111,1.1534818559885025,0.0035175180528312,1.2213604350108652e-05,0,288,288,False
s2_to_s1,no_ra,W1,oas_trace_eps1e-6,3.0,exact_sorted_order_statistics,1,2,1,P2,0.6944444444444444,0.6944444444444444,1.1115231020376086,0.0031240070238709,1.0847246610663004e-05,0,288,288,False
s2_to_s1,no_ra,W1,oas_trace_eps1e-6,4.0,exact_sorted_order_statistics,1,2,1,P2,0.7118055555555556,0.7118055555555556,1.1075370870530603,0.0032336828298866,1.1228065381550954e-05,0,288,288,False
s2_to_s1,no_ra,W2,oas_trace_eps1e-6,,trial_tangent,1,2,1,B1,0.6840277777777778,0.6840277777777778,0.2473302599973976,0.0252788739744573,8.777386796686592e-05,0,288,288,False
s2_to_s1,no_ra,W2,oas_trace_eps1e-6,,airm_nearest_class_mean,1,2,1,B2,0.7534722222222222,0.7534722222222222,0.1853971190284937,0.1009506930131465,0.0003505232396289,0,288,288,False
s2_to_s1,no_ra,W2,oas_trace_eps1e-6,,mean_decision_score,1,2,1,B3,0.7638888888888888,0.763888888888889,0.8199594612233341,0.1209490548353642,0.0004199619959561,0,288,288,False
s2_to_s1,no_ra,W2,oas_trace_eps1e-6,,majority_vote_secondary,1,2,1,B3_majority,0.7083333333333334,0.7083333333333334,0.0,0.0,0.0,0,288,288,False
s2_to_s1,no_ra,W2,oas_trace_eps1e-6,,mean_window_log_svec,1,2,1,B4,0.7361111111111112,0.7361111111111112,0.0231856959871947,0.0007100871298462,2.465580311966025e-06,0,288,288,False
s2_to_s1,no_ra,W2,oas_trace_eps1e-6,0.0,mean_std_projection_moments,1,2,1,B5,0.7326388888888888,0.7326388888888888,0.0496478930581361,0.0012982501648366,4.507813072349462e-06,0,288,288,False
s2_to_s1,no_ra,W2,oas_trace_eps1e-6,1.0,mean_std_projection_moments,1,2,1,B5,0.7361111111111112,0.7361111111111112,0.0495390088763088,0.0012167589738965,4.224857548251748e-06,0,288,288,False
s2_to_s1,no_ra,W2,oas_trace_eps1e-6,2.0,mean_std_projection_moments,1,2,1,B5,0.71875,0.71875,0.0471740220673382,0.0011459530796855,3.979003748908225e-06,0,288,288,False
s2_to_s1,no_ra,W2,oas_trace_eps1e-6,3.0,mean_std_projection_moments,1,2,1,B5,0.7013888888888888,0.7013888888888888,0.0494102721568197,0.0012031269725412,4.177524210212545e-06,0,288,288,False
s2_to_s1,no_ra,W2,oas_trace_eps1e-6,4.0,mean_std_projection_moments,1,2,1,B5,0.7256944444444444,0.7256944444444445,0.0528929629363119,0.0011900279205292,4.13204139072655e-06,0,288,288,False
s2_to_s1,no_ra,W2,oas_trace_eps1e-6,0.0,pooled_class_measure,1,2,1,P1,0.7013888888888888,0.7013888888888888,0.00168182188645,0.1696596851106733,0.0005890961288565,0,288,288,False
s2_to_s1,no_ra,W2,oas_trace_eps1e-6,1.0,pooled_class_measure,1,2,1,P1,0.6875,0.6875,0.0016150549054145,0.1759273170027881,0.000610858739593,0,288,288,False
s2_to_s1,no_ra,W2,oas_trace_eps1e-6,2.0,pooled_class_measure,1,2,1,P1,0.7152777777777778,0.7152777777777777,0.0020519960671663,0.1906858298461884,0.0006621035758548,0,288,288,False
s2_to_s1,no_ra,W2,oas_trace_eps1e-6,3.0,pooled_class_measure,1,2,1,P1,0.7152777777777778,0.7152777777777777,0.0016204041894525,0.168148964876309,0.0005838505724871,0,288,288,False
s2_to_s1,no_ra,W2,oas_trace_eps1e-6,4.0,pooled_class_measure,1,2,1,P1,0.7048611111111112,0.7048611111111112,0.0016557520721107,0.1614032548386603,0.0005604279681897,0,288,288,False
s2_to_s1,no_ra,W2,oas_trace_eps1e-6,0.0,exact_sorted_order_statistics,1,2,1,P2,0.7152777777777778,0.7152777777777778,0.244242301909253,0.0021238930057734,7.374628492268837e-06,0,288,288,False
s2_to_s1,no_ra,W2,oas_trace_eps1e-6,1.0,exact_sorted_order_statistics,1,2,1,P2,0.7361111111111112,0.7361111111111112,0.2269580389838665,0.0017984539736062,6.244631852799405e-06,0,288,288,False
s2_to_s1,no_ra,W2,oas_trace_eps1e-6,2.0,exact_sorted_order_statistics,1,2,1,P2,0.7291666666666666,0.7291666666666667,0.2338948498945683,0.0023792760912328,8.261375316780888e-06,0,288,288,False
s2_to_s1,no_ra,W2,oas_trace_eps1e-6,3.0,exact_sorted_order_statistics,1,2,1,P2,0.71875,0.71875,0.2542583069298416,0.001898773945868,6.592965089819498e-06,0,288,288,False
s2_to_s1,no_ra,W2,oas_trace_eps1e-6,4.0,exact_sorted_order_statistics,1,2,1,P2,0.7222222222222222,0.7222222222222222,0.2228170749731362,0.0018811919726431,6.531916571677559e-06,0,288,288,False
s2_to_s1,no_ra,W2,oas_trace_eps1e-6,,ordered_nonoverlap,1,2,1,ordered_control,0.7048611111111112,0.7048611111111112,1.2224340848624706,0.1226557579357177,0.0004258880483879,0,288,288,False
s2_to_s1,no_ra,W1,oas_trace_eps1e-6,,trial_tangent,2,2,1,B1,0.4375,0.4375,0.2321842759847641,0.0236815700773149,8.222767387956588e-05,0,288,288,False
s2_to_s1,no_ra,W1,oas_trace_eps1e-6,,airm_nearest_class_mean,2,2,1,B2,0.4548611111111111,0.4548611111111111,0.1841418910771608,0.0931948730722069,0.0003235933092784,0,288,288,False
s2_to_s1,no_ra,W1,oas_trace_eps1e-6,,mean_decision_score,2,2,1,B3,0.3888888888888889,0.3888888888888889,1.4292602869682014,0.1883908880408853,0.0006541350279197,0,288,288,False
s2_to_s1,no_ra,W1,oas_trace_eps1e-6,,majority_vote_secondary,2,2,1,B3_majority,0.3923611111111111,0.392361111111111,0.0,0.0,0.0,0,288,288,False
s2_to_s1,no_ra,W1,oas_trace_eps1e-6,,mean_window_log_svec,2,2,1,B4,0.4340277777777778,0.4340277777777778,0.0207801021169871,0.0006257768254727,2.172836199558029e-06,0,288,288,False
s2_to_s1,no_ra,W1,oas_trace_eps1e-6,0.0,mean_std_projection_moments,2,2,1,B5,0.3576388888888889,0.3576388888888889,0.0424327549990266,0.001045195851475,3.6291522620659735e-06,0,288,288,False
s2_to_s1,no_ra,W1,oas_trace_eps1e-6,1.0,mean_std_projection_moments,2,2,1,B5,0.3958333333333333,0.3958333333333333,0.0420361461583524,0.0010870259720832,3.774395736400038e-06,0,288,288,False
s2_to_s1,no_ra,W1,oas_trace_eps1e-6,2.0,mean_std_projection_moments,2,2,1,B5,0.3576388888888889,0.3576388888888888,0.0456191559787839,0.0010657908860594,3.700662798817373e-06,0,288,288,False
s2_to_s1,no_ra,W1,oas_trace_eps1e-6,3.0,mean_std_projection_moments,2,2,1,B5,0.3854166666666667,0.3854166666666666,0.0444928060751408,0.0010931838769465,3.7957773505089194e-06,0,288,288,False
s2_to_s1,no_ra,W1,oas_trace_eps1e-6,4.0,mean_std_projection_moments,2,2,1,B5,0.4409722222222222,0.4409722222222222,0.0479462840594351,0.0011669539380818,4.051923396117571e-06,0,288,288,False
s2_to_s1,no_ra,W1,oas_trace_eps1e-6,0.0,pooled_class_measure,2,2,1,P1,0.3923611111111111,0.3923611111111111,0.0029698922298848,0.2891538520343601,0.0010040064306748,0,288,288,False
s2_to_s1,no_ra,W1,oas_trace_eps1e-6,1.0,pooled_class_measure,2,2,1,P1,0.3680555555555556,0.3680555555555556,0.0029600230045616,0.284451741958037,0.0009876796595765,0,288,288,False
s2_to_s1,no_ra,W1,oas_trace_eps1e-6,2.0,pooled_class_measure,2,2,1,P1,0.4861111111111111,0.4861111111111111,0.0028198659420013,0.276667598169297,0.0009606513825322,0,288,288,False
s2_to_s1,no_ra,W1,oas_trace_eps1e-6,3.0,pooled_class_measure,2,2,1,P1,0.3506944444444444,0.3506944444444444,0.0034708399325609,0.3190023230854422,0.0011076469551577,0,288,288,False
s2_to_s1,no_ra,W1,oas_trace_eps1e-6,4.0,pooled_class_measure,2,2,1,P1,0.3680555555555556,0.3680555555555556,0.0029653899837285,0.2889172860886901,0.0010031850211412,0,288,288,False
s2_to_s1,no_ra,W1,oas_trace_eps1e-6,0.0,exact_sorted_order_statistics,2,2,1,P2,0.3611111111111111,0.3611111111111111,1.0564022690523416,0.0037120738998055,1.2889145485435924e-05,0,288,288,False
s2_to_s1,no_ra,W1,oas_trace_eps1e-6,1.0,exact_sorted_order_statistics,2,2,1,P2,0.4756944444444444,0.4756944444444445,1.1286788070574405,0.003559400094673,1.2359028106503603e-05,0,288,288,False
s2_to_s1,no_ra,W1,oas_trace_eps1e-6,2.0,exact_sorted_order_statistics,2,2,1,P2,0.375,0.375,1.047878775978461,0.0031443871557712,1.0918010957539082e-05,0,288,288,False
s2_to_s1,no_ra,W1,oas_trace_eps1e-6,3.0,exact_sorted_order_statistics,2,2,1,P2,0.3680555555555556,0.3680555555555555,1.075526667991653,0.0035756439901888,1.2415430521489016e-05,0,288,288,False
s2_to_s1,no_ra,W1,oas_trace_eps1e-6,4.0,exact_sorted_order_statistics,2,2,1,P2,0.4583333333333333,0.4583333333333333,1.1630183591041714,0.0035477010533213,1.2318406435143616e-05,0,288,288,False
s2_to_s1,no_ra,W2,oas_trace_eps1e-6,,trial_tangent,2,2,1,B1,0.4375,0.4375,0.2268122259993106,0.0231468291021883,8.037093438259844e-05,0,288,288,False
s2_to_s1,no_ra,W2,oas_trace_eps1e-6,,airm_nearest_class_mean,2,2,1,B2,0.4548611111111111,0.4548611111111111,0.1893296400085091,0.0881559608969837,0.0003060970864478,0,288,288,False
s2_to_s1,no_ra,W2,oas_trace_eps1e-6,,mean_decision_score,2,2,1,B3,0.4201388888888889,0.4201388888888889,0.8035159911960363,0.1109934849664568,0.0003853940450224,0,288,288,False
s2_to_s1,no_ra,W2,oas_trace_eps1e-6,,majority_vote_secondary,2,2,1,B3_majority,0.4201388888888889,0.4201388888888889,0.0,0.0,0.0,0,288,288,False
s2_to_s1,no_ra,W2,oas_trace_eps1e-6,,mean_window_log_svec,2,2,1,B4,0.46875,0.46875,0.0215869119856506,0.0008671779651194,3.0110346011093093e-06,0,288,288,False
s2_to_s1,no_ra,W2,oas_trace_eps1e-6,0.0,mean_std_projection_moments,2,2,1,B5,0.4166666666666667,0.4166666666666666,0.0470932289026677,0.0014428191352635,5.009788664109591e-06,0,288,288,False
s2_to_s1,no_ra,W2,oas_trace_eps1e-6,1.0,mean_std_projection_moments,2,2,1,B5,0.4375,0.4375,0.0486775108147412,0.001329428050667,4.6160696203716925e-06,0,288,288,False
s2_to_s1,no_ra,W2,oas_trace_eps1e-6,2.0,mean_std_projection_moments,2,2,1,B5,0.3472222222222222,0.3472222222222222,0.0504459650255739,0.0012438921257853,4.319069881199135e-06,0,288,288,False
s2_to_s1,no_ra,W2,oas_trace_eps1e-6,3.0,mean_std_projection_moments,2,2,1,B5,0.4201388888888889,0.4201388888888889,0.0548374119680374,0.0013231430202722,4.594246598167552e-06,0,288,288,False
s2_to_s1,no_ra,W2,oas_trace_eps1e-6,4.0,mean_std_projection_moments,2,2,1,B5,0.3576388888888889,0.3576388888888889,0.0496234621386975,0.001138905994594,3.954534703451726e-06,0,288,288,False
s2_to_s1,no_ra,W2,oas_trace_eps1e-6,0.0,pooled_class_measure,2,2,1,P1,0.3993055555555556,0.3993055555555556,0.0016277208924293,0.1633662320673465,0.0005672438613449,0,288,288,False
s2_to_s1,no_ra,W2,oas_trace_eps1e-6,1.0,pooled_class_measure,2,2,1,P1,0.375,0.375,0.0016127619892358,0.1658083300571888,0.0005757233682541,0,288,288,False
s2_to_s1,no_ra,W2,oas_trace_eps1e-6,2.0,pooled_class_measure,2,2,1,P1,0.46875,0.46875,0.001707614865154,0.1781329519581049,0.0006185171942989,0,288,288,False
s2_to_s1,no_ra,W2,oas_trace_eps1e-6,3.0,pooled_class_measure,2,2,1,P1,0.3680555555555556,0.3680555555555555,0.0016214679926633,0.1703822610434144,0.0005916050730674,0,288,288,False
s2_to_s1,no_ra,W2,oas_trace_eps1e-6,4.0,pooled_class_measure,2,2,1,P1,0.3958333333333333,0.3958333333333333,0.0019676079973578,0.1797757409512996,0.0006242213227475,0,288,288,False
s2_to_s1,no_ra,W2,oas_trace_eps1e-6,0.0,exact_sorted_order_statistics,2,2,1,P2,0.3541666666666667,0.3541666666666666,0.2527302871458232,0.0020678739529103,7.180117892049667e-06,0,288,288,False
s2_to_s1,no_ra,W2,oas_trace_eps1e-6,1.0,exact_sorted_order_statistics,2,2,1,P2,0.4652777777777778,0.4652777777777777,0.2330472839530557,0.0019222700502723,6.6745487856678665e-06,0,288,288,False
s2_to_s1,no_ra,W2,oas_trace_eps1e-6,2.0,exact_sorted_order_statistics,2,2,1,P2,0.3611111111111111,0.3611111111111111,0.240651607979089,0.0021250469144433,7.378635119595047e-06,0,288,288,False
s2_to_s1,no_ra,W2,oas_trace_eps1e-6,3.0,exact_sorted_order_statistics,2,2,1,P2,0.3958333333333333,0.3958333333333333,0.2558275060728192,0.0020395701285451,7.081840724115156e-06,0,288,288,False
s2_to_s1,no_ra,W2,oas_trace_eps1e-6,4.0,exact_sorted_order_statistics,2,2,1,P2,0.4131944444444444,0.4131944444444444,0.2275011900346726,0.0019069910049438,6.621496544943915e-06,0,288,288,False
s2_to_s1,no_ra,W2,oas_trace_eps1e-6,,ordered_nonoverlap,2,2,1,ordered_control,0.4826388888888889,0.4826388888888889,1.2365086148492992,0.0958588190842419,0.0003328431218202,0,288,288,False
s2_to_s1,no_ra,W1,oas_trace_eps1e-6,,trial_tangent,3,2,1,B1,0.7986111111111112,0.7986111111111112,0.2089945969637483,0.032668137922883,0.0001134310344544,0,288,288,False
s2_to_s1,no_ra,W1,oas_trace_eps1e-6,,airm_nearest_class_mean,3,2,1,B2,0.7847222222222222,0.7847222222222222,0.1817750020418316,0.0919067990034818,0.0003191208298732,0,288,288,False
s2_to_s1,no_ra,W1,oas_trace_eps1e-6,,mean_decision_score,3,2,1,B3,0.8194444444444444,0.8194444444444445,1.4509475210215896,0.1829301118850708,0.0006351739996009,0,288,288,False
s2_to_s1,no_ra,W1,oas_trace_eps1e-6,,majority_vote_secondary,3,2,1,B3_majority,0.7847222222222222,0.7847222222222222,0.0,0.0,0.0,0,288,288,False
s2_to_s1,no_ra,W1,oas_trace_eps1e-6,,mean_window_log_svec,3,2,1,B4,0.8298611111111112,0.829861111111111,0.0225343559868633,0.0008304559160023,2.8835274861194198e-06,0,288,288,False
s2_to_s1,no_ra,W1,oas_trace_eps1e-6,0.0,mean_std_projection_moments,3,2,1,B5,0.7430555555555556,0.7430555555555556,0.0532883799169212,0.0014235950075089,4.943038220517337e-06,0,288,288,False
s2_to_s1,no_ra,W1,oas_trace_eps1e-6,1.0,mean_std_projection_moments,3,2,1,B5,0.7708333333333334,0.7708333333333333,0.0436461151111871,0.0010434461291879,3.6230768374581294e-06,0,288,288,False
s2_to_s1,no_ra,W1,oas_trace_eps1e-6,2.0,mean_std_projection_moments,3,2,1,B5,0.8020833333333334,0.8020833333333333,0.0477490299381315,0.0014436459168791,5.0126594336082535e-06,0,288,288,False
s2_to_s1,no_ra,W1,oas_trace_eps1e-6,3.0,mean_std_projection_moments,3,2,1,B5,0.7777777777777778,0.7777777777777778,0.0459149770904332,0.0012935569975525,4.4915173526128965e-06,0,288,288,False
s2_to_s1,no_ra,W1,oas_trace_eps1e-6,4.0,mean_std_projection_moments,3,2,1,B5,0.7708333333333334,0.7708333333333333,0.048838669899851,0.0012783368583768,4.438669647141877e-06,0,288,288,False
s2_to_s1,no_ra,W1,oas_trace_eps1e-6,0.0,pooled_class_measure,3,2,1,P1,0.7951388888888888,0.7951388888888888,0.0028617191128432,0.2722190099302679,0.0009452048955912,0,288,288,False
s2_to_s1,no_ra,W1,oas_trace_eps1e-6,1.0,pooled_class_measure,3,2,1,P1,0.75,0.75,0.0034595248289406,0.3070417649578303,0.0010661172394369,0,288,288,False
s2_to_s1,no_ra,W1,oas_trace_eps1e-6,2.0,pooled_class_measure,3,2,1,P1,0.6111111111111112,0.6111111111111112,0.002973010065034,0.2796298798639327,0.0009709370828608,0,288,288,False
s2_to_s1,no_ra,W1,oas_trace_eps1e-6,3.0,pooled_class_measure,3,2,1,P1,0.7291666666666666,0.7291666666666667,0.0038856111932545,0.3241591670084744,0.0011255526632238,0,288,288,False
s2_to_s1,no_ra,W1,oas_trace_eps1e-6,4.0,pooled_class_measure,3,2,1,P1,0.7881944444444444,0.7881944444444444,0.0029765618965029,0.3025441959034651,0.0010505006802203,0,288,288,False
s2_to_s1,no_ra,W1,oas_trace_eps1e-6,0.0,exact_sorted_order_statistics,3,2,1,P2,0.7395833333333334,0.7395833333333333,1.1007970049977305,0.0030511100776493,1.059413221406026e-05,0,288,288,False
s2_to_s1,no_ra,W1,oas_trace_eps1e-6,1.0,exact_sorted_order_statistics,3,2,1,P2,0.78125,0.78125,1.0507830060087144,0.0034378301352262,1.1936910191757812e-05,0,288,288,False
s2_to_s1,no_ra,W1,oas_trace_eps1e-6,2.0,exact_sorted_order_statistics,3,2,1,P2,0.7986111111111112,0.7986111111111112,1.1291183629073205,0.0033937050029635,1.1783697926956746e-05,0,288,288,False
s2_to_s1,no_ra,W1,oas_trace_eps1e-6,3.0,exact_sorted_order_statistics,3,2,1,P2,0.7569444444444444,0.7569444444444445,1.0435153851285577,0.0040945371147245,1.4217142759460128e-05,0,288,288,False
s2_to_s1,no_ra,W1,oas_trace_eps1e-6,4.0,exact_sorted_order_statistics,3,2,1,P2,0.75,0.75,1.176347436849028,0.0035237199626863,1.2235138759327432e-05,0,288,288,False
s2_to_s1,no_ra,W2,oas_trace_eps1e-6,,trial_tangent,3,2,1,B1,0.7986111111111112,0.7986111111111112,0.2353175617754459,0.0240046789404004,8.334957965416834e-05,0,288,288,False
s2_to_s1,no_ra,W2,oas_trace_eps1e-6,,airm_nearest_class_mean,3,2,1,B2,0.7847222222222222,0.7847222222222222,0.1984880240634083,0.0956364248413592,0.000332070919588,0,288,288,False
s2_to_s1,no_ra,W2,oas_trace_eps1e-6,,mean_decision_score,3,2,1,B3,0.8055555555555556,0.8055555555555556,0.8426759990397841,0.1302957739681005,0.0004524158818336,0,288,288,False
s2_to_s1,no_ra,W2,oas_trace_eps1e-6,,majority_vote_secondary,3,2,1,B3_majority,0.75,0.75,0.0,0.0,0.0,0,288,288,False
s2_to_s1,no_ra,W2,oas_trace_eps1e-6,,mean_window_log_svec,3,2,1,B4,0.8159722222222222,0.8159722222222222,0.024371308973059,0.0008093351498246,2.8101914924465946e-06,0,288,288,False
s2_to_s1,no_ra,W2,oas_trace_eps1e-6,0.0,mean_std_projection_moments,3,2,1,B5,0.75,0.75,0.0476036129985004,0.0010833030100911,3.761468785038839e-06,0,288,288,False
s2_to_s1,no_ra,W2,oas_trace_eps1e-6,1.0,mean_std_projection_moments,3,2,1,B5,0.7534722222222222,0.7534722222222222,0.0493166509550064,0.0014308150857686,4.968107936696873e-06,0,288,288,False
s2_to_s1,no_ra,W2,oas_trace_eps1e-6,2.0,mean_std_projection_moments,3,2,1,B5,0.7986111111111112,0.7986111111111112,0.054024338023737,0.0013432470150291,4.664052135518028e-06,0,288,288,False
s2_to_s1,no_ra,W2,oas_trace_eps1e-6,3.0,mean_std_projection_moments,3,2,1,B5,0.7743055555555556,0.7743055555555556,0.0473930379375815,0.0010687559843063,3.7109582788414423e-06,0,288,288,False
s2_to_s1,no_ra,W2,oas_trace_eps1e-6,4.0,mean_std_projection_moments,3,2,1,B5,0.7326388888888888,0.732638888888889,0.0474658920429647,0.0011618279386311,4.034124786913809e-06,0,288,288,False
s2_to_s1,no_ra,W2,oas_trace_eps1e-6,0.0,pooled_class_measure,3,2,1,P1,0.7673611111111112,0.7673611111111112,0.0019050380215048,0.1815118480008095,0.000630249472225,0,288,288,False
s2_to_s1,no_ra,W2,oas_trace_eps1e-6,1.0,pooled_class_measure,3,2,1,P1,0.7118055555555556,0.7118055555555556,0.001693014986813,0.1822792741004377,0.000632914146182,0,288,288,False
s2_to_s1,no_ra,W2,oas_trace_eps1e-6,2.0,pooled_class_measure,3,2,1,P1,0.5729166666666666,0.5729166666666667,0.0016558358911424,0.1731201838701963,0.0006011117495492,0,288,288,False
s2_to_s1,no_ra,W2,oas_trace_eps1e-6,3.0,pooled_class_measure,3,2,1,P1,0.6909722222222222,0.6909722222222222,0.0016145859844982,0.1636921470053494,0.0005683755104352,0,288,288,False
s2_to_s1,no_ra,W2,oas_trace_eps1e-6,4.0,pooled_class_measure,3,2,1,P1,0.7256944444444444,0.7256944444444445,0.0016418858431279,0.1708195959217846,0.0005931235969506,0,288,288,False
s2_to_s1,no_ra,W2,oas_trace_eps1e-6,0.0,exact_sorted_order_statistics,3,2,1,P2,0.7152777777777778,0.7152777777777778,0.2395526329055428,0.0021789220627397,7.565701606735173e-06,0,288,288,False
s2_to_s1,no_ra,W2,oas_trace_eps1e-6,1.0,exact_sorted_order_statistics,3,2,1,P2,0.7430555555555556,0.7430555555555556,0.2332437799777835,0.0019660610705614,6.826600939449337e-06,0,288,288,False
s2_to_s1,no_ra,W2,oas_trace_eps1e-6,2.0,exact_sorted_order_statistics,3,2,1,P2,0.7534722222222222,0.7534722222222223,0.2290852090809494,0.0021723709069192,7.542954537914031e-06,0,288,288,False
s2_to_s1,no_ra,W2,oas_trace_eps1e-6,3.0,exact_sorted_order_statistics,3,2,1,P2,0.75,0.75,0.2606774889864027,0.001909761223942,6.631115360909866e-06,0,288,288,False
s2_to_s1,no_ra,W2,oas_trace_eps1e-6,4.0,exact_sorted_order_statistics,3,2,1,P2,0.75,0.75,0.2327041318640113,0.001866356935352,6.48040602552808e-06,0,288,288,False
s2_to_s1,no_ra,W2,oas_trace_eps1e-6,,ordered_nonoverlap,3,2,1,ordered_control,0.7951388888888888,0.7951388888888888,1.2383680660277605,0.12550925090909,0.000435796010101,0,288,288,False
s2_to_s1,no_ra,W1,oas_trace_eps1e-6,,trial_tangent,4,2,1,B1,0.5590277777777778,0.5590277777777778,0.21162855415605,0.0237706110347062,8.253684387050776e-05,0,288,288,False
s2_to_s1,no_ra,W1,oas_trace_eps1e-6,,airm_nearest_class_mean,4,2,1,B2,0.5208333333333334,0.5208333333333334,0.180537573993206,0.0905648679472506,0.000314461347039,0,288,288,False
s2_to_s1,no_ra,W1,oas_trace_eps1e-6,,mean_decision_score,4,2,1,B3,0.5763888888888888,0.5763888888888888,1.4452757881954312,0.2238032729364931,0.0007770946976961,0,288,288,False
s2_to_s1,no_ra,W1,oas_trace_eps1e-6,,majority_vote_secondary,4,2,1,B3_majority,0.5416666666666666,0.5416666666666666,0.0,0.0,0.0,0,288,288,False
s2_to_s1,no_ra,W1,oas_trace_eps1e-6,,mean_window_log_svec,4,2,1,B4,0.5416666666666666,0.5416666666666666,0.0219836309552192,0.0007037511095404,2.4435802414599397e-06,0,288,288,False
s2_to_s1,no_ra,W1,oas_trace_eps1e-6,0.0,mean_std_projection_moments,4,2,1,B5,0.5381944444444444,0.5381944444444444,0.0448951961006969,0.0011552099604159,4.011145695888748e-06,0,288,288,False
s2_to_s1,no_ra,W1,oas_trace_eps1e-6,1.0,mean_std_projection_moments,4,2,1,B5,0.4548611111111111,0.454861111111111,0.0474513070657849,0.0011073390487581,3.844927252632462e-06,0,288,288,False
s2_to_s1,no_ra,W1,oas_trace_eps1e-6,2.0,mean_std_projection_moments,4,2,1,B5,0.5104166666666666,0.5104166666666667,0.0468364369589835,0.0011775109451264,4.088579670577828e-06,0,288,288,False
s2_to_s1,no_ra,W1,oas_trace_eps1e-6,3.0,mean_std_projection_moments,4,2,1,B5,0.5034722222222222,0.5034722222222222,0.0459265708923339,0.0010630940087139,3.691298641367919e-06,0,288,288,False
s2_to_s1,no_ra,W1,oas_trace_eps1e-6,4.0,mean_std_projection_moments,4,2,1,B5,0.4930555555555556,0.4930555555555556,0.0526382701937109,0.001139961881563,3.95820097764954e-06,0,288,288,False
s2_to_s1,no_ra,W1,oas_trace_eps1e-6,0.0,pooled_class_measure,4,2,1,P1,0.4618055555555556,0.4618055555555556,0.0033382680267095,0.2849262761883437,0.0009893273478761,0,288,288,False
s2_to_s1,no_ra,W1,oas_trace_eps1e-6,1.0,pooled_class_measure,4,2,1,P1,0.4340277777777778,0.4340277777777778,0.0029401110950857,0.285382186062634,0.000990910368273,0,288,288,False
s2_to_s1,no_ra,W1,oas_trace_eps1e-6,2.0,pooled_class_measure,4,2,1,P1,0.4826388888888889,0.4826388888888889,0.002968207001686,0.2811022792011499,0.0009760495805595,0,288,288,False
s2_to_s1,no_ra,W1,oas_trace_eps1e-6,3.0,pooled_class_measure,4,2,1,P1,0.4861111111111111,0.4861111111111111,0.0029742999467998,0.2825841319281608,0.0009811949025283,0,288,288,False
s2_to_s1,no_ra,W1,oas_trace_eps1e-6,4.0,pooled_class_measure,4,2,1,P1,0.46875,0.46875,0.0034685919526964,0.2728137599769979,0.0009472699999201,0,288,288,False
s2_to_s1,no_ra,W1,oas_trace_eps1e-6,0.0,exact_sorted_order_statistics,4,2,1,P2,0.4791666666666667,0.4791666666666667,1.0920341049786657,0.0033035532105714,1.1470670870039612e-05,0,288,288,False
s2_to_s1,no_ra,W1,oas_trace_eps1e-6,1.0,exact_sorted_order_statistics,4,2,1,P2,0.4618055555555556,0.4618055555555556,1.046571264974773,0.0036897459067404,1.2811617731737592e-05,0,288,288,False
s2_to_s1,no_ra,W1,oas_trace_eps1e-6,2.0,exact_sorted_order_statistics,4,2,1,P2,0.5104166666666666,0.5104166666666667,1.0846059781033546,0.0033024679869413,1.14669027324352e-05,0,288,288,False
s2_to_s1,no_ra,W1,oas_trace_eps1e-6,3.0,exact_sorted_order_statistics,4,2,1,P2,0.5381944444444444,0.5381944444444444,1.0719269618857652,0.0035505970008671,1.232846180856642e-05,0,288,288,False
s2_to_s1,no_ra,W1,oas_trace_eps1e-6,4.0,exact_sorted_order_statistics,4,2,1,P2,0.4722222222222222,0.4722222222222222,1.2523643930908293,0.0033668838441371,1.1690568903254138e-05,0,288,288,False
s2_to_s1,no_ra,W2,oas_trace_eps1e-6,,trial_tangent,4,2,1,B1,0.5590277777777778,0.5590277777777778,0.2343126509804278,0.0245901572052389,8.538249029596854e-05,0,288,288,False
s2_to_s1,no_ra,W2,oas_trace_eps1e-6,,airm_nearest_class_mean,4,2,1,B2,0.5208333333333334,0.5208333333333334,0.1972254000138491,0.0885087680071592,0.0003073221111359,0,288,288,False
s2_to_s1,no_ra,W2,oas_trace_eps1e-6,,mean_decision_score,4,2,1,B3,0.5902777777777778,0.5902777777777778,0.8808782619889826,0.138293509138748,0.0004801857956206,0,288,288,False
s2_to_s1,no_ra,W2,oas_trace_eps1e-6,,majority_vote_secondary,4,2,1,B3_majority,0.5451388888888888,0.5451388888888888,0.0,0.0,0.0,0,288,288,False
s2_to_s1,no_ra,W2,oas_trace_eps1e-6,,mean_window_log_svec,4,2,1,B4,0.5243055555555556,0.5243055555555556,0.0236951729748398,0.0007822869811207,2.71627424000245e-06,0,288,288,False
s2_to_s1,no_ra,W2,oas_trace_eps1e-6,0.0,mean_std_projection_moments,4,2,1,B5,0.5069444444444444,0.5069444444444444,0.0461992940399795,0.0010616770014166,3.686378477141261e-06,0,288,288,False
s2_to_s1,no_ra,W2,oas_trace_eps1e-6,1.0,mean_std_projection_moments,4,2,1,B5,0.4479166666666667,0.4479166666666667,0.0462685450911521,0.0013240850530564,4.597517545334995e-06,0,288,288,False
s2_to_s1,no_ra,W2,oas_trace_eps1e-6,2.0,mean_std_projection_moments,4,2,1,B5,0.5034722222222222,0.5034722222222222,0.0468907949980348,0.0012818810064345,4.450975716786666e-06,0,288,288,False
s2_to_s1,no_ra,W2,oas_trace_eps1e-6,3.0,mean_std_projection_moments,4,2,1,B5,0.4479166666666667,0.4479166666666666,0.0478546088561415,0.0011627830099314,4.037441006706406e-06,0,288,288,False
s2_to_s1,no_ra,W2,oas_trace_eps1e-6,4.0,mean_std_projection_moments,4,2,1,B5,0.4791666666666667,0.4791666666666667,0.0522649858612567,0.0014218669384717,4.937037980804841e-06,0,288,288,False
s2_to_s1,no_ra,W2,oas_trace_eps1e-6,0.0,pooled_class_measure,4,2,1,P1,0.4409722222222222,0.4409722222222222,0.002061469014734,0.1620912991929799,0.0005628170110867,0,288,288,False
s2_to_s1,no_ra,W2,oas_trace_eps1e-6,1.0,pooled_class_measure,4,2,1,P1,0.4444444444444444,0.4444444444444444,0.0016341570299118,0.1708691460080444,0.0005932956458612,0,288,288,False
s2_to_s1,no_ra,W2,oas_trace_eps1e-6,2.0,pooled_class_measure,4,2,1,P1,0.4756944444444444,0.4756944444444445,0.0020983670838177,0.1798869199119508,0.0006246073608053,0,288,288,False
s2_to_s1,no_ra,W2,oas_trace_eps1e-6,3.0,pooled_class_measure,4,2,1,P1,0.4826388888888889,0.4826388888888889,0.0016101519577205,0.1653269052039832,0.0005740517541804,0,288,288,False
s2_to_s1,no_ra,W2,oas_trace_eps1e-6,4.0,pooled_class_measure,4,2,1,P1,0.4618055555555556,0.4618055555555555,0.0016030177939683,0.1675813519395887,0.0005818796942346,0,288,288,False
s2_to_s1,no_ra,W2,oas_trace_eps1e-6,0.0,exact_sorted_order_statistics,4,2,1,P2,0.5173611111111112,0.5173611111111112,0.2505471741314977,0.0022661699913442,7.86864580327852e-06,0,288,288,False
s2_to_s1,no_ra,W2,oas_trace_eps1e-6,1.0,exact_sorted_order_statistics,4,2,1,P2,0.4409722222222222,0.4409722222222222,0.2416709151584655,0.0019807361532002,6.877556087500933e-06,0,288,288,False
s2_to_s1,no_ra,W2,oas_trace_eps1e-6,2.0,exact_sorted_order_statistics,4,2,1,P2,0.5138888888888888,0.5138888888888888,0.2303881300613284,0.0021334190387278,7.407704995582915e-06,0,288,288,False
s2_to_s1,no_ra,W2,oas_trace_eps1e-6,3.0,exact_sorted_order_statistics,4,2,1,P2,0.4722222222222222,0.4722222222222222,0.2333213679958135,0.0019213091582059,6.671212354881896e-06,0,288,288,False
s2_to_s1,no_ra,W2,oas_trace_eps1e-6,4.0,exact_sorted_order_statistics,4,2,1,P2,0.4618055555555556,0.4618055555555555,0.2347880220040679,0.0019127230625599,6.641399522777647e-06,0,288,288,False
s2_to_s1,no_ra,W2,oas_trace_eps1e-6,,ordered_nonoverlap,4,2,1,ordered_control,0.5902777777777778,0.5902777777777778,1.3006552010774612,0.1072364069987088,0.0003723486354121,0,288,288,False
s2_to_s1,no_ra,W1,oas_trace_eps1e-6,,trial_tangent,5,2,1,B1,0.3958333333333333,0.3958333333333333,0.2215232939925044,0.0346619610209018,0.0001203540313225,0,288,288,False
s2_to_s1,no_ra,W1,oas_trace_eps1e-6,,airm_nearest_class_mean,5,2,1,B2,0.3194444444444444,0.3194444444444445,0.1891355440020561,0.0893988851457834,0.000310412795645,0,288,288,False
s2_to_s1,no_ra,W1,oas_trace_eps1e-6,,mean_decision_score,5,2,1,B3,0.3263888888888889,0.3263888888888888,1.4665863669943064,0.1887366429436952,0.0006553355657767,0,288,288,False
s2_to_s1,no_ra,W1,oas_trace_eps1e-6,,majority_vote_secondary,5,2,1,B3_majority,0.3125,0.3125,0.0,0.0,0.0,0,288,288,False
s2_to_s1,no_ra,W1,oas_trace_eps1e-6,,mean_window_log_svec,5,2,1,B4,0.3333333333333333,0.3333333333333333,0.021199018927291,0.0006274750921875,2.1787329589844576e-06,0,288,288,False
s2_to_s1,no_ra,W1,oas_trace_eps1e-6,0.0,mean_std_projection_moments,5,2,1,B5,0.3298611111111111,0.3298611111111111,0.0432681848760694,0.0010366837959736,3.5995965137974254e-06,0,288,288,False
s2_to_s1,no_ra,W1,oas_trace_eps1e-6,1.0,mean_std_projection_moments,5,2,1,B5,0.3125,0.3125,0.0461918960791081,0.0011853210162371,4.115697973045624e-06,0,288,288,False
s2_to_s1,no_ra,W1,oas_trace_eps1e-6,2.0,mean_std_projection_moments,5,2,1,B5,0.3298611111111111,0.329861111111111,0.0448723351582884,0.0011926849838346,4.141267304981335e-06,0,288,288,False
s2_to_s1,no_ra,W1,oas_trace_eps1e-6,3.0,mean_std_projection_moments,5,2,1,B5,0.3333333333333333,0.3333333333333333,0.0447811160702258,0.0011753779835999,4.081173554166324e-06,0,288,288,False
s2_to_s1,no_ra,W1,oas_trace_eps1e-6,4.0,mean_std_projection_moments,5,2,1,B5,0.3472222222222222,0.3472222222222222,0.045672200853005,0.0011662489268928,4.049475440600266e-06,0,288,288,False
s2_to_s1,no_ra,W1,oas_trace_eps1e-6,0.0,pooled_class_measure,5,2,1,P1,0.2881944444444444,0.2881944444444444,0.0040915510617196,0.2873563619796186,0.0009977651457625,0,288,288,False
s2_to_s1,no_ra,W1,oas_trace_eps1e-6,1.0,pooled_class_measure,5,2,1,P1,0.3020833333333333,0.3020833333333333,0.0030357018113136,0.2930739868897944,0.001017618010034,0,288,288,False
s2_to_s1,no_ra,W1,oas_trace_eps1e-6,2.0,pooled_class_measure,5,2,1,P1,0.2951388888888889,0.2951388888888888,0.0029304949566721,0.2863780411425978,0.0009943681984117,0,288,288,False
s2_to_s1,no_ra,W1,oas_trace_eps1e-6,3.0,pooled_class_measure,5,2,1,P1,0.3506944444444444,0.3506944444444445,0.003039410803467,0.3079706148710102,0.0010693424127465,0,288,288,False
s2_to_s1,no_ra,W1,oas_trace_eps1e-6,4.0,pooled_class_measure,5,2,1,P1,0.2881944444444444,0.2881944444444444,0.0029532080516219,0.2762478031218052,0.0009591937608396,0,288,288,False
s2_to_s1,no_ra,W1,oas_trace_eps1e-6,0.0,exact_sorted_order_statistics,5,2,1,P2,0.3125,0.3125,1.2021472649648786,0.003957092994824,1.3739906232027956e-05,0,288,288,False
s2_to_s1,no_ra,W1,oas_trace_eps1e-6,1.0,exact_sorted_order_statistics,5,2,1,P2,0.2986111111111111,0.2986111111111111,1.0806906840298325,0.0033175640273839,1.1519319539527512e-05,0,288,288,False
s2_to_s1,no_ra,W1,oas_trace_eps1e-6,2.0,exact_sorted_order_statistics,5,2,1,P2,0.3090277777777778,0.3090277777777778,1.054082527058199,0.0031902128830552,1.1077128066163925e-05,0,288,288,False
s2_to_s1,no_ra,W1,oas_trace_eps1e-6,3.0,exact_sorted_order_statistics,5,2,1,P2,0.2986111111111111,0.298611111111111,1.009895613882691,0.0035207699984312,1.2224895827886132e-05,0,288,288,False
s2_to_s1,no_ra,W1,oas_trace_eps1e-6,4.0,exact_sorted_order_statistics,5,2,1,P2,0.3090277777777778,0.3090277777777778,1.1017368959728628,0.0034834430553019,1.2095288386464948e-05,0,288,288,False
s2_to_s1,no_ra,W2,oas_trace_eps1e-6,,trial_tangent,5,2,1,B1,0.3958333333333333,0.3958333333333333,0.221984758041799,0.0253646771889179,8.807179579485414e-05,0,288,288,False
s2_to_s1,no_ra,W2,oas_trace_eps1e-6,,airm_nearest_class_mean,5,2,1,B2,0.3194444444444444,0.3194444444444445,0.1801498900167644,0.0888190302066505,0.0003083994104397,0,288,288,False
s2_to_s1,no_ra,W2,oas_trace_eps1e-6,,mean_decision_score,5,2,1,B3,0.3541666666666667,0.3541666666666666,0.8030492039397359,0.1318623090628534,0.0004578552398015,0,288,288,False
s2_to_s1,no_ra,W2,oas_trace_eps1e-6,,majority_vote_secondary,5,2,1,B3_majority,0.3194444444444444,0.3194444444444445,0.0,0.0,0.0,0,288,288,False
s2_to_s1,no_ra,W2,oas_trace_eps1e-6,,mean_window_log_svec,5,2,1,B4,0.3506944444444444,0.3506944444444444,0.0258862900082021,0.0008385968394577,2.911794581450522e-06,0,288,288,False
s2_to_s1,no_ra,W2,oas_trace_eps1e-6,0.0,mean_std_projection_moments,5,2,1,B5,0.3194444444444444,0.3194444444444444,0.0466879429295659,0.0010811579413712,3.75402062976112e-06,0,288,288,False
s2_to_s1,no_ra,W2,oas_trace_eps1e-6,1.0,mean_std_projection_moments,5,2,1,B5,0.3506944444444444,0.3506944444444445,0.0492394051980227,0.0011299399193376,3.923402497700105e-06,0,288,288,False
s2_to_s1,no_ra,W2,oas_trace_eps1e-6,2.0,mean_std_projection_moments,5,2,1,B5,0.3194444444444444,0.3194444444444445,0.048159500118345,0.0013701040297746,4.757305658939812e-06,0,288,288,False
s2_to_s1,no_ra,W2,oas_trace_eps1e-6,3.0,mean_std_projection_moments,5,2,1,B5,0.3715277777777778,0.3715277777777778,0.052855416201055,0.0013646509032696,4.738371191908502e-06,0,288,288,False
s2_to_s1,no_ra,W2,oas_trace_eps1e-6,4.0,mean_std_projection_moments,5,2,1,B5,0.3229166666666667,0.3229166666666666,0.0471320531796664,0.0012204239610582,4.237583198118955e-06,0,288,288,False
s2_to_s1,no_ra,W2,oas_trace_eps1e-6,0.0,pooled_class_measure,5,2,1,P1,0.2743055555555556,0.2743055555555556,0.0015529608353972,0.1619047950953245,0.0005621694274143,0,288,288,False
s2_to_s1,no_ra,W2,oas_trace_eps1e-6,1.0,pooled_class_measure,5,2,1,P1,0.2916666666666667,0.2916666666666667,0.0015819929540157,0.1766829709522426,0.0006134825380286,0,288,288,False
s2_to_s1,no_ra,W2,oas_trace_eps1e-6,2.0,pooled_class_measure,5,2,1,P1,0.2881944444444444,0.2881944444444444,0.0016110390424728,0.1653045699931681,0.0005739742013651,0,288,288,False
s2_to_s1,no_ra,W2,oas_trace_eps1e-6,3.0,pooled_class_measure,5,2,1,P1,0.3194444444444444,0.3194444444444444,0.0019977460615336,0.1821774628479033,0.0006325606348885,0,288,288,False
s2_to_s1,no_ra,W2,oas_trace_eps1e-6,4.0,pooled_class_measure,5,2,1,P1,0.2986111111111111,0.2986111111111111,0.0015859671402722,0.1711200880818069,0.0005941669725062,0,288,288,False
s2_to_s1,no_ra,W2,oas_trace_eps1e-6,0.0,exact_sorted_order_statistics,5,2,1,P2,0.2951388888888889,0.2951388888888889,0.2339322241023183,0.0016448448877781,5.711266971451954e-06,0,288,288,False
s2_to_s1,no_ra,W2,oas_trace_eps1e-6,1.0,exact_sorted_order_statistics,5,2,1,P2,0.3090277777777778,0.3090277777777778,0.2252133758738637,0.0018090300727635,6.281354419317924e-06,0,288,288,False
s2_to_s1,no_ra,W2,oas_trace_eps1e-6,2.0,exact_sorted_order_statistics,5,2,1,P2,0.3194444444444444,0.3194444444444444,0.2331936091650277,0.0019399318844079,6.735874598638879e-06,0,288,288,False
s2_to_s1,no_ra,W2,oas_trace_eps1e-6,3.0,exact_sorted_order_statistics,5,2,1,P2,0.3159722222222222,0.3159722222222222,0.2242446991149336,0.001888106111437,6.555923998045425e-06,0,288,288,False
s2_to_s1,no_ra,W2,oas_trace_eps1e-6,4.0,exact_sorted_order_statistics,5,2,1,P2,0.3159722222222222,0.3159722222222222,0.2261505560018122,0.0018855480011552,6.547041670677976e-06,0,288,288,False
s2_to_s1,no_ra,W2,oas_trace_eps1e-6,,ordered_nonoverlap,5,2,1,ordered_control,0.3611111111111111,0.3611111111111111,1.32233878900297,0.1026850920170545,0.0003565454583925,0,288,288,False
s2_to_s1,no_ra,W1,oas_trace_eps1e-6,,trial_tangent,6,2,1,B1,0.46875,0.46875,0.2336800701450556,0.0339432079344987,0.0001178583608836,0,288,288,False
s2_to_s1,no_ra,W1,oas_trace_eps1e-6,,airm_nearest_class_mean,6,2,1,B2,0.3611111111111111,0.361111111111111,0.2072405850049108,0.0930700527969747,0.000323159905545,0,288,288,False
s2_to_s1,no_ra,W1,oas_trace_eps1e-6,,mean_decision_score,6,2,1,B3,0.5104166666666666,0.5104166666666667,1.594901705859229,0.1892106460873037,0.0006569814100253,0,288,288,False
s2_to_s1,no_ra,W1,oas_trace_eps1e-6,,majority_vote_secondary,6,2,1,B3_majority,0.4652777777777778,0.4652777777777778,0.0,0.0,0.0,0,288,288,False
s2_to_s1,no_ra,W1,oas_trace_eps1e-6,,mean_window_log_svec,6,2,1,B4,0.4583333333333333,0.4583333333333333,0.0258648679591715,0.0009234729222953,3.206503202414347e-06,0,288,288,False
s2_to_s1,no_ra,W1,oas_trace_eps1e-6,0.0,mean_std_projection_moments,6,2,1,B5,0.3993055555555556,0.3993055555555555,0.0467545590363442,0.0012035290710628,4.178920385634734e-06,0,288,288,False
s2_to_s1,no_ra,W1,oas_trace_eps1e-6,1.0,mean_std_projection_moments,6,2,1,B5,0.4097222222222222,0.4097222222222222,0.048823821125552,0.001049319980666,3.6434721550904206e-06,0,288,288,False
s2_to_s1,no_ra,W1,oas_trace_eps1e-6,2.0,mean_std_projection_moments,6,2,1,B5,0.46875,0.46875,0.0477194269187748,0.0010411159601062,3.6149859725911583e-06,0,288,288,False
s2_to_s1,no_ra,W1,oas_trace_eps1e-6,3.0,mean_std_projection_moments,6,2,1,B5,0.4201388888888889,0.4201388888888889,0.0439277098048478,0.0011566928587853,4.016294648560385e-06,0,288,288,False
s2_to_s1,no_ra,W1,oas_trace_eps1e-6,4.0,mean_std_projection_moments,6,2,1,B5,0.4722222222222222,0.4722222222222222,0.0466422690078616,0.0010983229149132,3.813621232337836e-06,0,288,288,False
s2_to_s1,no_ra,W1,oas_trace_eps1e-6,0.0,pooled_class_measure,6,2,1,P1,0.3576388888888889,0.3576388888888889,0.0029906160198152,0.2920891321264207,0.0010141983754389,0,288,288,False
s2_to_s1,no_ra,W1,oas_trace_eps1e-6,1.0,pooled_class_measure,6,2,1,P1,0.3402777777777778,0.3402777777777778,0.0034921818878501,0.3044572051148861,0.0010571430733155,0,288,288,False
s2_to_s1,no_ra,W1,oas_trace_eps1e-6,2.0,pooled_class_measure,6,2,1,P1,0.3993055555555556,0.3993055555555555,0.0029335820581763,0.2739210049621761,0.0009511146005631,0,288,288,False
s2_to_s1,no_ra,W1,oas_trace_eps1e-6,3.0,pooled_class_measure,6,2,1,P1,0.3819444444444444,0.3819444444444444,0.0030141270253807,0.2850153418257832,0.0009896366035617,0,288,288,False
s2_to_s1,no_ra,W1,oas_trace_eps1e-6,4.0,pooled_class_measure,6,2,1,P1,0.3784722222222222,0.3784722222222222,0.0034825969487428,0.2768556871451437,0.0009613044692539,0,288,288,False
s2_to_s1,no_ra,W1,oas_trace_eps1e-6,0.0,exact_sorted_order_statistics,6,2,1,P2,0.4236111111111111,0.4236111111111111,1.054304065182805,0.0032314481213688,1.1220305976975296e-05,0,288,288,False
s2_to_s1,no_ra,W1,oas_trace_eps1e-6,1.0,exact_sorted_order_statistics,6,2,1,P2,0.4097222222222222,0.4097222222222222,0.9890583539381624,0.0036488629411906,1.266966299024514e-05,0,288,288,False
s2_to_s1,no_ra,W1,oas_trace_eps1e-6,2.0,exact_sorted_order_statistics,6,2,1,P2,0.4930555555555556,0.4930555555555555,1.0175171219743788,0.0033664349466562,1.1689010231445232e-05,0,288,288,False
s2_to_s1,no_ra,W1,oas_trace_eps1e-6,3.0,exact_sorted_order_statistics,6,2,1,P2,0.4131944444444444,0.4131944444444445,0.9972444258164614,0.003112570149824,1.0807535242444525e-05,0,288,288,False
s2_to_s1,no_ra,W1,oas_trace_eps1e-6,4.0,exact_sorted_order_statistics,6,2,1,P2,0.4583333333333333,0.4583333333333333,1.1289728309493512,0.0036710640415549,1.2746750144287944e-05,0,288,288,False
s2_to_s1,no_ra,W2,oas_trace_eps1e-6,,trial_tangent,6,2,1,B1,0.46875,0.46875,0.2452318819705397,0.0335712439846247,0.000116566819391,0,288,288,False
s2_to_s1,no_ra,W2,oas_trace_eps1e-6,,airm_nearest_class_mean,6,2,1,B2,0.3611111111111111,0.361111111111111,0.2115687639452517,0.1036718219984322,0.0003599716041612,0,288,288,False
s2_to_s1,no_ra,W2,oas_trace_eps1e-6,,mean_decision_score,6,2,1,B3,0.5138888888888888,0.513888888888889,0.9324847909156232,0.1081643439829349,0.0003755706388296,0,288,288,False
s2_to_s1,no_ra,W2,oas_trace_eps1e-6,,majority_vote_secondary,6,2,1,B3_majority,0.4548611111111111,0.4548611111111111,0.0,0.0,0.0,0,288,288,False
s2_to_s1,no_ra,W2,oas_trace_eps1e-6,,mean_window_log_svec,6,2,1,B4,0.4409722222222222,0.4409722222222222,0.0273230208549648,0.0009454879909753,3.282944413108958e-06,0,288,288,False
s2_to_s1,no_ra,W2,oas_trace_eps1e-6,0.0,mean_std_projection_moments,6,2,1,B5,0.4131944444444444,0.4131944444444445,0.0452672489918768,0.001251955050975,4.347066149219043e-06,0,288,288,False
s2_to_s1,no_ra,W2,oas_trace_eps1e-6,1.0,mean_std_projection_moments,6,2,1,B5,0.3993055555555556,0.3993055555555555,0.0542519791051745,0.0012204081285744,4.237528224216981e-06,0,288,288,False
s2_to_s1,no_ra,W2,oas_trace_eps1e-6,2.0,mean_std_projection_moments,6,2,1,B5,0.4305555555555556,0.4305555555555555,0.0558130980934947,0.0014589640777558,5.065847492207669e-06,0,288,288,False
s2_to_s1,no_ra,W2,oas_trace_eps1e-6,3.0,mean_std_projection_moments,6,2,1,B5,0.4166666666666667,0.4166666666666666,0.0537203149870038,0.0012840670533478,4.458566157457729e-06,0,288,288,False
s2_to_s1,no_ra,W2,oas_trace_eps1e-6,4.0,mean_std_projection_moments,6,2,1,B5,0.4618055555555556,0.4618055555555555,0.0546404751949012,0.0013696611858904,4.755768006564014e-06,0,288,288,False
s2_to_s1,no_ra,W2,oas_trace_eps1e-6,0.0,pooled_class_measure,6,2,1,P1,0.3611111111111111,0.3611111111111111,0.0016606620047241,0.1849644971080124,0.0006422378371805,0,288,288,False
s2_to_s1,no_ra,W2,oas_trace_eps1e-6,1.0,pooled_class_measure,6,2,1,P1,0.3333333333333333,0.3333333333333333,0.0016218898817896,0.1786748811136931,0.0006203988927558,0,288,288,False
s2_to_s1,no_ra,W2,oas_trace_eps1e-6,2.0,pooled_class_measure,6,2,1,P1,0.3611111111111111,0.3611111111111111,0.0016599849332123,0.1713285678997635,0.000594890860763,0,288,288,False
s2_to_s1,no_ra,W2,oas_trace_eps1e-6,3.0,pooled_class_measure,6,2,1,P1,0.3958333333333333,0.3958333333333333,0.0020711489487439,0.1713506320957094,0.0005949674725545,0,288,288,False
s2_to_s1,no_ra,W2,oas_trace_eps1e-6,4.0,pooled_class_measure,6,2,1,P1,0.375,0.375,0.0021794799249619,0.1666627000086009,0.0005786899305854,0,288,288,False
s2_to_s1,no_ra,W2,oas_trace_eps1e-6,0.0,exact_sorted_order_statistics,6,2,1,P2,0.4548611111111111,0.4548611111111111,0.2400451370049268,0.001978859771043,6.871040871677299e-06,0,288,288,False
s2_to_s1,no_ra,W2,oas_trace_eps1e-6,1.0,exact_sorted_order_statistics,6,2,1,P2,0.4097222222222222,0.4097222222222222,0.2396044798661023,0.0019343220628798,6.716396051665975e-06,0,288,288,False
s2_to_s1,no_ra,W2,oas_trace_eps1e-6,2.0,exact_sorted_order_statistics,6,2,1,P2,0.4618055555555556,0.4618055555555555,0.2379588189069181,0.0020196859259158,7.012798353874435e-06,0,288,288,False
s2_to_s1,no_ra,W2,oas_trace_eps1e-6,3.0,exact_sorted_order_statistics,6,2,1,P2,0.4305555555555556,0.4305555555555556,0.2435983580071479,0.002121833153069,7.367476225934095e-06,0,288,288,False
s2_to_s1,no_ra,W2,oas_trace_eps1e-6,4.0,exact_sorted_order_statistics,6,2,1,P2,0.46875,0.46875,0.24629822303541,0.0021753478795289,7.553291248364581e-06,0,288,288,False
s2_to_s1,no_ra,W2,oas_trace_eps1e-6,,ordered_nonoverlap,6,2,1,ordered_control,0.5173611111111112,0.517361111111111,1.2633147989399731,0.0983661990612745,0.000341549302296,0,288,288,False
s2_to_s1,no_ra,W1,oas_trace_eps1e-6,,trial_tangent,7,2,1,B1,0.6840277777777778,0.6840277777777778,0.2333643580786883,0.0244606691412627,8.493287896271795e-05,0,288,288,False
s2_to_s1,no_ra,W1,oas_trace_eps1e-6,,airm_nearest_class_mean,7,2,1,B2,0.6944444444444444,0.6944444444444444,0.2019915957935154,0.0912684360519051,0.0003169042918468,0,288,288,False
s2_to_s1,no_ra,W1,oas_trace_eps1e-6,,mean_decision_score,7,2,1,B3,0.6944444444444444,0.6944444444444444,1.5916540429461747,0.1845171910244971,0.0006406846910572,0,288,288,False
s2_to_s1,no_ra,W1,oas_trace_eps1e-6,,majority_vote_secondary,7,2,1,B3_majority,0.6979166666666666,0.6979166666666666,0.0,0.0,0.0,0,288,288,False
s2_to_s1,no_ra,W1,oas_trace_eps1e-6,,mean_window_log_svec,7,2,1,B4,0.7152777777777778,0.7152777777777778,0.0270086911041289,0.0008475920185446,2.943027842169007e-06,0,288,288,False
s2_to_s1,no_ra,W1,oas_trace_eps1e-6,0.0,mean_std_projection_moments,7,2,1,B5,0.6979166666666666,0.6979166666666667,0.0454702139832079,0.0010332621168345,3.587715683453199e-06,0,288,288,False
s2_to_s1,no_ra,W1,oas_trace_eps1e-6,1.0,mean_std_projection_moments,7,2,1,B5,0.7465277777777778,0.7465277777777778,0.0511508451309055,0.001209596870467,4.199989133566204e-06,0,288,288,False
s2_to_s1,no_ra,W1,oas_trace_eps1e-6,2.0,mean_std_projection_moments,7,2,1,B5,0.7013888888888888,0.7013888888888888,0.0506847358774393,0.0010737809352576,3.728406025200255e-06,0,288,288,False
s2_to_s1,no_ra,W1,oas_trace_eps1e-6,3.0,mean_std_projection_moments,7,2,1,B5,0.7395833333333334,0.7395833333333334,0.0431140600703656,0.0011866041459143,4.1201532844247086e-06,0,288,288,False
s2_to_s1,no_ra,W1,oas_trace_eps1e-6,4.0,mean_std_projection_moments,7,2,1,B5,0.7118055555555556,0.7118055555555556,0.0538859809748828,0.0013939340133219,4.840048657368041e-06,0,288,288,False
s2_to_s1,no_ra,W1,oas_trace_eps1e-6,0.0,pooled_class_measure,7,2,1,P1,0.6701388888888888,0.670138888888889,0.0035553979687392,0.2851539389230311,0.0009901178434827,0,288,288,False
s2_to_s1,no_ra,W1,oas_trace_eps1e-6,1.0,pooled_class_measure,7,2,1,P1,0.6527777777777778,0.6527777777777779,0.0029191088397055,0.3033791659399867,0.001053399881736,0,288,288,False
s2_to_s1,no_ra,W1,oas_trace_eps1e-6,2.0,pooled_class_measure,7,2,1,P1,0.6388888888888888,0.638888888888889,0.0034136278554797,0.2878812118433416,0.0009995875411227,0,288,288,False
s2_to_s1,no_ra,W1,oas_trace_eps1e-6,3.0,pooled_class_measure,7,2,1,P1,0.6840277777777778,0.6840277777777778,0.0030077411793172,0.3104027730878442,0.001077787406555,0,288,288,False
s2_to_s1,no_ra,W1,oas_trace_eps1e-6,4.0,pooled_class_measure,7,2,1,P1,0.6666666666666666,0.6666666666666667,0.0029850029386579,0.2974338040221482,0.0010327562639657,0,288,288,False
s2_to_s1,no_ra,W1,oas_trace_eps1e-6,0.0,exact_sorted_order_statistics,7,2,1,P2,0.7013888888888888,0.7013888888888888,1.108122426085174,0.0034378040581941,1.1936819646507502e-05,0,288,288,False
s2_to_s1,no_ra,W1,oas_trace_eps1e-6,1.0,exact_sorted_order_statistics,7,2,1,P2,0.7048611111111112,0.7048611111111112,1.0839219188783318,0.00324142514728,1.1254948428055892e-05,0,288,288,False
s2_to_s1,no_ra,W1,oas_trace_eps1e-6,2.0,exact_sorted_order_statistics,7,2,1,P2,0.6909722222222222,0.6909722222222222,1.0860408369917425,0.0034845420159399,1.209910422201372e-05,0,288,288,False
s2_to_s1,no_ra,W1,oas_trace_eps1e-6,3.0,exact_sorted_order_statistics,7,2,1,P2,0.6597222222222222,0.6597222222222222,1.0936588051263243,0.0034187480341643,1.1870652896403852e-05,0,288,288,False
s2_to_s1,no_ra,W1,oas_trace_eps1e-6,4.0,exact_sorted_order_statistics,7,2,1,P2,0.7291666666666666,0.7291666666666666,1.248096862109378,0.0033554381225258,1.1650826814325734e-05,0,288,288,False
s2_to_s1,no_ra,W2,oas_trace_eps1e-6,,trial_tangent,7,2,1,B1,0.6840277777777778,0.6840277777777778,0.2216257830150425,0.0258916460443288,8.990154876503059e-05,0,288,288,False
s2_to_s1,no_ra,W2,oas_trace_eps1e-6,,airm_nearest_class_mean,7,2,1,B2,0.6944444444444444,0.6944444444444444,0.199674183037132,0.1199203601572662,0.0004163901394349,0,288,288,False
s2_to_s1,no_ra,W2,oas_trace_eps1e-6,,mean_decision_score,7,2,1,B3,0.6875,0.6875,0.8895198309328407,0.1355987130664289,0.0004708288648139,0,288,288,False
s2_to_s1,no_ra,W2,oas_trace_eps1e-6,,majority_vote_secondary,7,2,1,B3_majority,0.6666666666666666,0.6666666666666666,0.0,0.0,0.0,0,288,288,False
s2_to_s1,no_ra,W2,oas_trace_eps1e-6,,mean_window_log_svec,7,2,1,B4,0.6805555555555556,0.6805555555555556,0.0268012390006333,0.0008622449822723,2.9939061884457865e-06,0,288,288,False
s2_to_s1,no_ra,W2,oas_trace_eps1e-6,0.0,mean_std_projection_moments,7,2,1,B5,0.6666666666666666,0.6666666666666666,0.0471857921220362,0.0013076469767838,4.540440891610666e-06,0,288,288,False
s2_to_s1,no_ra,W2,oas_trace_eps1e-6,1.0,mean_std_projection_moments,7,2,1,B5,0.7430555555555556,0.7430555555555556,0.0493564789649099,0.0011468487791717,3.982113816568421e-06,0,288,288,False
s2_to_s1,no_ra,W2,oas_trace_eps1e-6,2.0,mean_std_projection_moments,7,2,1,B5,0.7048611111111112,0.7048611111111112,0.0479914229363203,0.0011730731930583,4.073170809230457e-06,0,288,288,False
s2_to_s1,no_ra,W2,oas_trace_eps1e-6,3.0,mean_std_projection_moments,7,2,1,B5,0.6979166666666666,0.6979166666666666,0.0531828089151531,0.0013132970780134,4.5600592986577085e-06,0,288,288,False
s2_to_s1,no_ra,W2,oas_trace_eps1e-6,4.0,mean_std_projection_moments,7,2,1,B5,0.7534722222222222,0.7534722222222222,0.0456605697982013,0.0011908991727977,4.1350665722145804e-06,0,288,288,False
s2_to_s1,no_ra,W2,oas_trace_eps1e-6,0.0,pooled_class_measure,7,2,1,P1,0.6527777777777778,0.6527777777777778,0.0016695449594408,0.1746613490395248,0.0006064630174983,0,288,288,False
s2_to_s1,no_ra,W2,oas_trace_eps1e-6,1.0,pooled_class_measure,7,2,1,P1,0.65625,0.65625,0.0020275299903005,0.1798245401587337,0.00062439076444,0,288,288,False
s2_to_s1,no_ra,W2,oas_trace_eps1e-6,2.0,pooled_class_measure,7,2,1,P1,0.6354166666666666,0.6354166666666666,0.0016840470489114,0.1784472581930458,0.0006196085353925,0,288,288,False
s2_to_s1,no_ra,W2,oas_trace_eps1e-6,3.0,pooled_class_measure,7,2,1,P1,0.6701388888888888,0.6701388888888888,0.0016347439959645,0.175492875976488,0.0006093502638072,0,288,288,False
s2_to_s1,no_ra,W2,oas_trace_eps1e-6,4.0,pooled_class_measure,7,2,1,P1,0.6736111111111112,0.673611111111111,0.0016477529425173,0.1800717038568109,0.000625248971725,0,288,288,False
s2_to_s1,no_ra,W2,oas_trace_eps1e-6,0.0,exact_sorted_order_statistics,7,2,1,P2,0.6458333333333334,0.6458333333333334,0.2490405461285263,0.0018504550680518,6.425191208513246e-06,0,288,288,False
s2_to_s1,no_ra,W2,oas_trace_eps1e-6,1.0,exact_sorted_order_statistics,7,2,1,P2,0.7465277777777778,0.7465277777777779,0.2374538641888648,0.002245363080874,7.796399586368352e-06,0,288,288,False
s2_to_s1,no_ra,W2,oas_trace_eps1e-6,2.0,exact_sorted_order_statistics,7,2,1,P2,0.7152777777777778,0.7152777777777778,0.2469119671732187,0.0020796409808099,7.220975627812247e-06,0,288,288,False
s2_to_s1,no_ra,W2,oas_trace_eps1e-6,3.0,exact_sorted_order_statistics,7,2,1,P2,0.7048611111111112,0.7048611111111112,0.2312120769638568,0.0018246520776301,6.3355974917713966e-06,0,288,288,False
s2_to_s1,no_ra,W2,oas_trace_eps1e-6,4.0,exact_sorted_order_statistics,7,2,1,P2,0.75,0.75,0.2332313610240817,0.0018874269444495,6.553565779338695e-06,0,288,288,False
s2_to_s1,no_ra,W2,oas_trace_eps1e-6,,ordered_nonoverlap,7,2,1,ordered_control,0.7361111111111112,0.7361111111111112,1.3056341807823628,0.1061099669896066,0.0003684373853805,0,288,288,False
s2_to_s1,no_ra,W1,oas_trace_eps1e-6,,trial_tangent,8,2,1,B1,0.75,0.75,0.2361188498325646,0.0329825829248875,0.000114522857378,0,288,288,False
s2_to_s1,no_ra,W1,oas_trace_eps1e-6,,airm_nearest_class_mean,8,2,1,B2,0.7569444444444444,0.7569444444444444,0.2022605219390243,0.1133212051354348,0.0003934764067202,0,288,288,False
s2_to_s1,no_ra,W1,oas_trace_eps1e-6,,mean_decision_score,8,2,1,B3,0.7743055555555556,0.7743055555555556,1.5517502310685811,0.2091701258905232,0.000726285159342,0,288,288,False
s2_to_s1,no_ra,W1,oas_trace_eps1e-6,,majority_vote_secondary,8,2,1,B3_majority,0.7708333333333334,0.7708333333333333,0.0,0.0,0.0,0,288,288,False
s2_to_s1,no_ra,W1,oas_trace_eps1e-6,,mean_window_log_svec,8,2,1,B4,0.7708333333333334,0.7708333333333333,0.0329556209035217,0.0010464168153703,3.633391720035838e-06,0,288,288,False
s2_to_s1,no_ra,W1,oas_trace_eps1e-6,0.0,mean_std_projection_moments,8,2,1,B5,0.8229166666666666,0.8229166666666667,0.0453696609474718,0.0010819400195032,3.75673617883068e-06,0,288,288,False
s2_to_s1,no_ra,W1,oas_trace_eps1e-6,1.0,mean_std_projection_moments,8,2,1,B5,0.7916666666666666,0.7916666666666666,0.044841495109722,0.0010557470377534,3.665788325532857e-06,0,288,288,False
s2_to_s1,no_ra,W1,oas_trace_eps1e-6,2.0,mean_std_projection_moments,8,2,1,B5,0.7673611111111112,0.7673611111111112,0.0516803851351141,0.0012586200609803,4.370208545070555e-06,0,288,288,False
s2_to_s1,no_ra,W1,oas_trace_eps1e-6,3.0,mean_std_projection_moments,8,2,1,B5,0.7673611111111112,0.7673611111111112,0.045233923010528,0.0010175940115004,3.5333125399322144e-06,0,288,288,False
s2_to_s1,no_ra,W1,oas_trace_eps1e-6,4.0,mean_std_projection_moments,8,2,1,B5,0.7916666666666666,0.7916666666666666,0.0487452449742704,0.0012393160723149,4.303180806649228e-06,0,288,288,False
s2_to_s1,no_ra,W1,oas_trace_eps1e-6,0.0,pooled_class_measure,8,2,1,P1,0.7673611111111112,0.767361111111111,0.0029846539255231,0.2640849680174142,0.0009169616945049,0,288,288,False
s2_to_s1,no_ra,W1,oas_trace_eps1e-6,1.0,pooled_class_measure,8,2,1,P1,0.7673611111111112,0.7673611111111112,0.0030662969220429,0.2872487721033394,0.0009973915698032,0,288,288,False
s2_to_s1,no_ra,W1,oas_trace_eps1e-6,2.0,pooled_class_measure,8,2,1,P1,0.75,0.75,0.0036199898459017,0.2775353449396789,0.0009636643921516,0,288,288,False
s2_to_s1,no_ra,W1,oas_trace_eps1e-6,3.0,pooled_class_measure,8,2,1,P1,0.7291666666666666,0.7291666666666666,0.0033817789517343,0.292540238937363,0.0010157647185325,0,288,288,False
s2_to_s1,no_ra,W1,oas_trace_eps1e-6,4.0,pooled_class_measure,8,2,1,P1,0.7395833333333334,0.7395833333333334,0.0029563929419964,0.2879033908247947,0.0009996645514749,0,288,288,False
s2_to_s1,no_ra,W1,oas_trace_eps1e-6,0.0,exact_sorted_order_statistics,8,2,1,P2,0.7743055555555556,0.7743055555555555,1.058707172051072,0.0034636398777365,1.2026527353251972e-05,0,288,288,False
s2_to_s1,no_ra,W1,oas_trace_eps1e-6,1.0,exact_sorted_order_statistics,8,2,1,P2,0.7777777777777778,0.7777777777777778,1.023076122161001,0.0035644881427288,1.2376694940030576e-05,0,288,288,False
s2_to_s1,no_ra,W1,oas_trace_eps1e-6,2.0,exact_sorted_order_statistics,8,2,1,P2,0.78125,0.78125,1.0894202690105883,0.0033752839080989,1.1719735792010197e-05,0,288,288,False
s2_to_s1,no_ra,W1,oas_trace_eps1e-6,3.0,exact_sorted_order_statistics,8,2,1,P2,0.7847222222222222,0.7847222222222222,1.0756894061341882,0.0034646040294319,1.2029875102194232e-05,0,288,288,False
s2_to_s1,no_ra,W1,oas_trace_eps1e-6,4.0,exact_sorted_order_statistics,8,2,1,P2,0.7708333333333334,0.7708333333333333,1.1543627469800413,0.0032433599699288,1.1261666562252987e-05,0,288,288,False
s2_to_s1,no_ra,W2,oas_trace_eps1e-6,,trial_tangent,8,2,1,B1,0.75,0.75,0.2268098061904311,0.0242397410329431,8.416576747549698e-05,0,288,288,False
s2_to_s1,no_ra,W2,oas_trace_eps1e-6,,airm_nearest_class_mean,8,2,1,B2,0.7569444444444444,0.7569444444444444,0.1871166699565947,0.087591883027926,0.0003041384827358,0,288,288,False
s2_to_s1,no_ra,W2,oas_trace_eps1e-6,,mean_decision_score,8,2,1,B3,0.7604166666666666,0.7604166666666667,0.8383261309936643,0.1172589571215212,0.0004071491566719,0,288,288,False
s2_to_s1,no_ra,W2,oas_trace_eps1e-6,,majority_vote_secondary,8,2,1,B3_majority,0.6944444444444444,0.6944444444444444,0.0,0.0,0.0,0,288,288,False
s2_to_s1,no_ra,W2,oas_trace_eps1e-6,,mean_window_log_svec,8,2,1,B4,0.7534722222222222,0.7534722222222222,0.0267522670328617,0.0008866728749126,3.0787252601132623e-06,0,288,288,False
s2_to_s1,no_ra,W2,oas_trace_eps1e-6,0.0,mean_std_projection_moments,8,2,1,B5,0.7847222222222222,0.7847222222222222,0.047885175794363,0.0012302680406719,4.271764030110919e-06,0,288,288,False
s2_to_s1,no_ra,W2,oas_trace_eps1e-6,1.0,mean_std_projection_moments,8,2,1,B5,0.7847222222222222,0.7847222222222222,0.0557685059029608,0.0015265319962054,5.30045832015781e-06,0,288,288,False
s2_to_s1,no_ra,W2,oas_trace_eps1e-6,2.0,mean_std_projection_moments,8,2,1,B5,0.7708333333333334,0.7708333333333334,0.0466492651030421,0.0013675361406058,4.748389377103497e-06,0,288,288,False
s2_to_s1,no_ra,W2,oas_trace_eps1e-6,3.0,mean_std_projection_moments,8,2,1,B5,0.7881944444444444,0.7881944444444444,0.0457481329794973,0.001292326953262,4.487246365493371e-06,0,288,288,False
s2_to_s1,no_ra,W2,oas_trace_eps1e-6,4.0,mean_std_projection_moments,8,2,1,B5,0.7604166666666666,0.7604166666666667,0.0472736340016126,0.0011441858951002,3.972867691320264e-06,0,288,288,False
s2_to_s1,no_ra,W2,oas_trace_eps1e-6,0.0,pooled_class_measure,8,2,1,P1,0.75,0.75,0.0015835249796509,0.1658657020889222,0.0005759225766976,0,288,288,False
s2_to_s1,no_ra,W2,oas_trace_eps1e-6,1.0,pooled_class_measure,8,2,1,P1,0.7534722222222222,0.7534722222222222,0.0019894049037247,0.1742849498987198,0.0006051560760372,0,288,288,False
s2_to_s1,no_ra,W2,oas_trace_eps1e-6,2.0,pooled_class_measure,8,2,1,P1,0.7118055555555556,0.7118055555555556,0.0016363570466637,0.1676829678472131,0.0005822325272472,0,288,288,False
s2_to_s1,no_ra,W2,oas_trace_eps1e-6,3.0,pooled_class_measure,8,2,1,P1,0.7361111111111112,0.7361111111111112,0.0016022119671106,0.1717989579774439,0.0005965241596439,0,288,288,False
s2_to_s1,no_ra,W2,oas_trace_eps1e-6,4.0,pooled_class_measure,8,2,1,P1,0.71875,0.71875,0.0018898739945143,0.1616012419108301,0.0005611154233014,0,288,288,False
s2_to_s1,no_ra,W2,oas_trace_eps1e-6,0.0,exact_sorted_order_statistics,8,2,1,P2,0.7534722222222222,0.7534722222222222,0.2476380120497197,0.0017381119541823,6.035110952022175e-06,0,288,288,False
s2_to_s1,no_ra,W2,oas_trace_eps1e-6,1.0,exact_sorted_order_statistics,8,2,1,P2,0.7743055555555556,0.7743055555555555,0.2500092019326985,0.0019750990904867,6.857982953079045e-06,0,288,288,False
s2_to_s1,no_ra,W2,oas_trace_eps1e-6,2.0,exact_sorted_order_statistics,8,2,1,P2,0.7604166666666666,0.7604166666666667,0.2381617228966206,0.0018831950146704,6.538871578716983e-06,0,288,288,False
s2_to_s1,no_ra,W2,oas_trace_eps1e-6,3.0,exact_sorted_order_statistics,8,2,1,P2,0.7777777777777778,0.7777777777777778,0.2299861889332533,0.0018560639582574,6.444666521727211e-06,0,288,288,False
s2_to_s1,no_ra,W2,oas_trace_eps1e-6,4.0,exact_sorted_order_statistics,8,2,1,P2,0.7395833333333334,0.7395833333333334,0.2478595410939306,0.0021127820946276,7.336048939679232e-06,0,288,288,False
s2_to_s1,no_ra,W2,oas_trace_eps1e-6,,ordered_nonoverlap,8,2,1,ordered_control,0.8159722222222222,0.8159722222222223,1.3461072461213917,0.1293925899080932,0.0004492798260697,0,288,288,False
s2_to_s1,no_ra,W1,oas_trace_eps1e-6,,trial_tangent,9,2,1,B1,0.6493055555555556,0.6493055555555555,0.2502073268406093,0.0242013381794095,8.403242423406077e-05,0,288,288,False
s2_to_s1,no_ra,W1,oas_trace_eps1e-6,,airm_nearest_class_mean,9,2,1,B2,0.6388888888888888,0.6388888888888888,0.2117195760365575,0.1090949932113289,0.0003788020597615,0,288,288,False
s2_to_s1,no_ra,W1,oas_trace_eps1e-6,,mean_decision_score,9,2,1,B3,0.7048611111111112,0.7048611111111112,1.5461417469196022,0.2016326710581779,0.0007001134411742,0,288,288,False
s2_to_s1,no_ra,W1,oas_trace_eps1e-6,,majority_vote_secondary,9,2,1,B3_majority,0.7013888888888888,0.7013888888888888,0.0,0.0,0.0,0,288,288,False
s2_to_s1,no_ra,W1,oas_trace_eps1e-6,,mean_window_log_svec,9,2,1,B4,0.65625,0.65625,0.0258870869874954,0.0008235310669988,2.859482871523748e-06,0,288,288,False
s2_to_s1,no_ra,W1,oas_trace_eps1e-6,0.0,mean_std_projection_moments,9,2,1,B5,0.6666666666666666,0.6666666666666667,0.0534277490805834,0.0013080730568617,4.541920336325549e-06,0,288,288,False
s2_to_s1,no_ra,W1,oas_trace_eps1e-6,1.0,mean_std_projection_moments,9,2,1,B5,0.6875,0.6875,0.0508954680990427,0.0010754878167062,3.734332696896874e-06,0,288,288,False
s2_to_s1,no_ra,W1,oas_trace_eps1e-6,2.0,mean_std_projection_moments,9,2,1,B5,0.6736111111111112,0.6736111111111112,0.0520681769121438,0.0011769600678235,4.086666902165032e-06,0,288,288,False
s2_to_s1,no_ra,W1,oas_trace_eps1e-6,3.0,mean_std_projection_moments,9,2,1,B5,0.6597222222222222,0.6597222222222222,0.0438555770087987,0.001140529057011,3.960170336843778e-06,0,288,288,False
s2_to_s1,no_ra,W1,oas_trace_eps1e-6,4.0,mean_std_projection_moments,9,2,1,B5,0.6979166666666666,0.6979166666666666,0.0476386439986527,0.0012029130011796,4.176781254096164e-06,0,288,288,False
s2_to_s1,no_ra,W1,oas_trace_eps1e-6,0.0,pooled_class_measure,9,2,1,P1,0.6770833333333334,0.6770833333333333,0.0028818000573664,0.2928578390274197,0.0010168674966229,0,288,288,False
s2_to_s1,no_ra,W1,oas_trace_eps1e-6,1.0,pooled_class_measure,9,2,1,P1,0.6840277777777778,0.6840277777777778,0.0028367310296744,0.2876555328257382,0.0009988039334227,0,288,288,False
s2_to_s1,no_ra,W1,oas_trace_eps1e-6,2.0,pooled_class_measure,9,2,1,P1,0.6736111111111112,0.6736111111111112,0.0033482131548225,0.277473600115627,0.0009634500004014,0,288,288,False
s2_to_s1,no_ra,W1,oas_trace_eps1e-6,3.0,pooled_class_measure,9,2,1,P1,0.6666666666666666,0.6666666666666666,0.0028598678763955,0.2824857870582491,0.0009808534272855,0,288,288,False
s2_to_s1,no_ra,W1,oas_trace_eps1e-6,4.0,pooled_class_measure,9,2,1,P1,0.6423611111111112,0.6423611111111112,0.002824111841619,0.2711979339364916,0.000941659492835,0,288,288,False
s2_to_s1,no_ra,W1,oas_trace_eps1e-6,0.0,exact_sorted_order_statistics,9,2,1,P2,0.6319444444444444,0.6319444444444444,1.053802684880793,0.0029280439484864,1.0166819265577942e-05,0,288,288,False
s2_to_s1,no_ra,W1,oas_trace_eps1e-6,1.0,exact_sorted_order_statistics,9,2,1,P2,0.6805555555555556,0.6805555555555556,1.1093046180903912,0.0030975730624049,1.075546202223955e-05,0,288,288,False
s2_to_s1,no_ra,W1,oas_trace_eps1e-6,2.0,exact_sorted_order_statistics,9,2,1,P2,0.6701388888888888,0.6701388888888888,1.021027442999184,0.0032863221131265,1.1410840670578182e-05,0,288,288,False
s2_to_s1,no_ra,W1,oas_trace_eps1e-6,3.0,exact_sorted_order_statistics,9,2,1,P2,0.6423611111111112,0.642361111111111,0.992905399063602,0.0029401020146906,1.0208687551009158e-05,0,288,288,False
s2_to_s1,no_ra,W1,oas_trace_eps1e-6,4.0,exact_sorted_order_statistics,9,2,1,P2,0.6736111111111112,0.673611111111111,0.9927662038244308,0.0029392789583653,1.0205829716546254e-05,0,288,288,False
s2_to_s1,no_ra,W2,oas_trace_eps1e-6,,trial_tangent,9,2,1,B1,0.6493055555555556,0.6493055555555555,0.2174117001704871,0.0260166199877858,9.033548606870076e-05,0,288,288,False
s2_to_s1,no_ra,W2,oas_trace_eps1e-6,,airm_nearest_class_mean,9,2,1,B2,0.6388888888888888,0.6388888888888888,0.2087024990469217,0.0901054569985717,0.0003128661701339,0,288,288,False
s2_to_s1,no_ra,W2,oas_trace_eps1e-6,,mean_decision_score,9,2,1,B3,0.65625,0.65625,0.8402498450595886,0.1032738890498876,0.0003585898925343,0,288,288,False
s2_to_s1,no_ra,W2,oas_trace_eps1e-6,,majority_vote_secondary,9,2,1,B3_majority,0.6354166666666666,0.6354166666666666,0.0,0.0,0.0,0,288,288,False
s2_to_s1,no_ra,W2,oas_trace_eps1e-6,,mean_window_log_svec,9,2,1,B4,0.6215277777777778,0.6215277777777778,0.0233159558847546,0.0007949639111757,2.760291358249055e-06,0,288,288,False
s2_to_s1,no_ra,W2,oas_trace_eps1e-6,0.0,mean_std_projection_moments,9,2,1,B5,0.6493055555555556,0.6493055555555556,0.0498984111472964,0.0010089478455483,3.503291130376359e-06,0,288,288,False
s2_to_s1,no_ra,W2,oas_trace_eps1e-6,1.0,mean_std_projection_moments,9,2,1,B5,0.6631944444444444,0.6631944444444444,0.0460897949524223,0.001313199987635,4.559722179288252e-06,0,288,288,False
s2_to_s1,no_ra,W2,oas_trace_eps1e-6,2.0,mean_std_projection_moments,9,2,1,B5,0.6284722222222222,0.6284722222222223,0.0505964879412204,0.0014129038900136,4.9059162847697735e-06,0,288,288,False
s2_to_s1,no_ra,W2,oas_trace_eps1e-6,3.0,mean_std_projection_moments,9,2,1,B5,0.6215277777777778,0.6215277777777778,0.042640300001949,0.0009646120015531,3.3493472276152006e-06,0,288,288,False
s2_to_s1,no_ra,W2,oas_trace_eps1e-6,4.0,mean_std_projection_moments,9,2,1,B5,0.65625,0.65625,0.0481412799563258,0.0011675050482153,4.053836972970102e-06,0,288,288,False
s2_to_s1,no_ra,W2,oas_trace_eps1e-6,0.0,pooled_class_measure,9,2,1,P1,0.6388888888888888,0.6388888888888888,0.0019709148909896,0.1756477288436144,0.0006098879473736,0,288,288,False
s2_to_s1,no_ra,W2,oas_trace_eps1e-6,1.0,pooled_class_measure,9,2,1,P1,0.6284722222222222,0.6284722222222222,0.0015998091548681,0.1736798051279038,0.0006030548789163,0,288,288,False
s2_to_s1,no_ra,W2,oas_trace_eps1e-6,2.0,pooled_class_measure,9,2,1,P1,0.625,0.625,0.0015832239296287,0.1629515720997005,0.0005658040697906,0,288,288,False
s2_to_s1,no_ra,W2,oas_trace_eps1e-6,3.0,pooled_class_measure,9,2,1,P1,0.6284722222222222,0.6284722222222223,0.0015766869764775,0.1653924800921231,0.0005742794447643,0,288,288,False
s2_to_s1,no_ra,W2,oas_trace_eps1e-6,4.0,pooled_class_measure,9,2,1,P1,0.6076388888888888,0.6076388888888888,0.0015881049912422,0.173209086060524,0.0006014204377101,0,288,288,False
s2_to_s1,no_ra,W2,oas_trace_eps1e-6,0.0,exact_sorted_order_statistics,9,2,1,P2,0.6041666666666666,0.6041666666666666,0.2290647469926625,0.0021861668210476,7.59085701752661e-06,0,288,288,False
s2_to_s1,no_ra,W2,oas_trace_eps1e-6,1.0,exact_sorted_order_statistics,9,2,1,P2,0.6631944444444444,0.6631944444444444,0.2399250180460512,0.0019215040374547,6.671889018940015e-06,0,288,288,False
s2_to_s1,no_ra,W2,oas_trace_eps1e-6,2.0,exact_sorted_order_statistics,9,2,1,P2,0.625,0.625,0.2388725760392844,0.0017282541375607,6.0008824220858514e-06,0,288,288,False
s2_to_s1,no_ra,W2,oas_trace_eps1e-6,3.0,exact_sorted_order_statistics,9,2,1,P2,0.625,0.625,0.2197373749222606,0.0016891930717974,5.865253721519063e-06,0,288,288,False
s2_to_s1,no_ra,W2,oas_trace_eps1e-6,4.0,exact_sorted_order_statistics,9,2,1,P2,0.65625,0.65625,0.2205094350501895,0.001867450075224,6.484201650083479e-06,0,288,288,False
s2_to_s1,no_ra,W2,oas_trace_eps1e-6,,ordered_nonoverlap,9,2,1,ordered_control,0.6631944444444444,0.6631944444444444,1.2934164700563997,0.0956150339916348,0.0003319966458042,0,288,288,False
within_session,no_ra,W1,oas_trace_eps1e-6,,trial_tangent,1,1,1,B1,0.8275862068965517,0.8222943722943723,0.1925930089782923,0.0058028250932693,0.0001000487085046,0,230,58,False
within_session,no_ra,W1,oas_trace_eps1e-6,,trial_tangent,1,2,2,B1,0.7413793103448276,0.7469834087481146,0.1732387440279126,0.0058799940161406,0.0001013792071748,0,230,58,False
within_session,no_ra,W1,oas_trace_eps1e-6,,airm_nearest_class_mean,1,1,1,B2,0.6896551724137931,0.6953102453102453,0.130668566096574,0.0201661090832203,0.0003476915359175,0,230,58,False
within_session,no_ra,W1,oas_trace_eps1e-6,,airm_nearest_class_mean,1,2,2,B2,0.7241379310344828,0.734238310708899,0.1382062039338052,0.0209919591434299,0.0003619303300591,0,230,58,False
within_session,no_ra,W1,oas_trace_eps1e-6,,mean_decision_score,1,1,1,B3,0.8448275862068966,0.8526695526695527,1.140214055078104,0.0347203670535236,0.0005986270181642,0,230,58,False
within_session,no_ra,W1,oas_trace_eps1e-6,,mean_decision_score,1,2,2,B3,0.7586206896551724,0.7701357466063349,1.1939189650584012,0.0352927960921078,0.0006084964843466,0,230,58,False
within_session,no_ra,W1,oas_trace_eps1e-6,,majority_vote_secondary,1,1,1,B3_majority,0.8793103448275862,0.8727994227994229,0.0,0.0,0.0,0,230,58,False
within_session,no_ra,W1,oas_trace_eps1e-6,,majority_vote_secondary,1,2,2,B3_majority,0.8103448275862069,0.8187782805429864,0.0,0.0,0.0,0,230,58,False
within_session,no_ra,W1,oas_trace_eps1e-6,,mean_window_log_svec,1,1,1,B4,0.8275862068965517,0.8238816738816739,0.0206233281642198,0.0003902981989085,6.729279291527024e-06,0,230,58,False
within_session,no_ra,W1,oas_trace_eps1e-6,,mean_window_log_svec,1,2,2,B4,0.7931034482758621,0.7981900452488687,0.0219935120549052,0.000436812872067,7.531256414949894e-06,0,230,58,False
within_session,no_ra,W1,oas_trace_eps1e-6,0.0,mean_std_projection_moments,1,1,1,B5,0.8448275862068966,0.8422438672438672,0.0425013939384371,0.0005015661008656,8.647691394234525e-06,0,230,58,False
within_session,no_ra,W1,oas_trace_eps1e-6,0.0,mean_std_projection_moments,1,2,2,B5,0.7586206896551724,0.7636500754147812,0.0460430900566279,0.0005409440491348,9.326621536807768e-06,0,230,58,False
within_session,no_ra,W1,oas_trace_eps1e-6,1.0,mean_std_projection_moments,1,1,1,B5,0.7241379310344828,0.7237734487734487,0.0430618089158088,0.0004781130701303,8.243328795350832e-06,0,230,58,False
within_session,no_ra,W1,oas_trace_eps1e-6,1.0,mean_std_projection_moments,1,2,2,B5,0.7758620689655172,0.780920060331825,0.0495722570922225,0.0004900109488517,8.448464635374217e-06,0,230,58,False
within_session,no_ra,W1,oas_trace_eps1e-6,2.0,mean_std_projection_moments,1,1,1,B5,0.7413793103448276,0.7537518037518038,0.047761159017682,0.0005697109736502,9.82260299396926e-06,0,230,58,False
within_session,no_ra,W1,oas_trace_eps1e-6,2.0,mean_std_projection_moments,1,2,2,B5,0.7586206896551724,0.7642533936651583,0.0425169388763606,0.0005598820280283,9.653138414282224e-06,0,230,58,False
within_session,no_ra,W1,oas_trace_eps1e-6,3.0,mean_std_projection_moments,1,1,1,B5,0.7241379310344828,0.7338023088023089,0.046552135143429,0.0004966270644217,8.562535593478844e-06,0,230,58,False
within_session,no_ra,W1,oas_trace_eps1e-6,3.0,mean_std_projection_moments,1,2,2,B5,0.6724137931034483,0.6822775263951735,0.0440674780402332,0.0004889168776571,8.42960133891681e-06,0,230,58,False
within_session,no_ra,W1,oas_trace_eps1e-6,4.0,mean_std_projection_moments,1,1,1,B5,0.7931034482758621,0.7784271284271284,0.0475896331481635,0.0005779978819191,9.96548072274389e-06,0,230,58,False
within_session,no_ra,W1,oas_trace_eps1e-6,4.0,mean_std_projection_moments,1,2,2,B5,0.6724137931034483,0.6797134238310709,0.0528008309192955,0.000600951956585,1.0361240630776718e-05,0,230,58,False
within_session,no_ra,W1,oas_trace_eps1e-6,0.0,pooled_class_measure,1,1,1,P1,0.6896551724137931,0.6923160173160173,0.0021746819838881,0.036870660027489,0.0006357010349567,0,216,58,False
within_session,no_ra,W1,oas_trace_eps1e-6,0.0,pooled_class_measure,1,2,2,P1,0.7413793103448276,0.7560331825037707,0.0021233891602605,0.0391920250840485,0.0006757245704146,0,220,58,False
within_session,no_ra,W1,oas_trace_eps1e-6,1.0,pooled_class_measure,1,1,1,P1,0.6724137931034483,0.6546897546897545,0.0021252350416034,0.032458540983498,0.0005596300169568,0,216,58,False
within_session,no_ra,W1,oas_trace_eps1e-6,1.0,pooled_class_measure,1,2,2,P1,0.6896551724137931,0.7028657616892912,0.0019946158863604,0.0302506589796394,0.0005215630858558,0,220,58,False
within_session,no_ra,W1,oas_trace_eps1e-6,2.0,pooled_class_measure,1,1,1,P1,0.7586206896551724,0.7378427128427129,0.0024577500298619,0.0319694629870355,0.0005511976377075,0,216,58,False
within_session,no_ra,W1,oas_trace_eps1e-6,2.0,pooled_class_measure,1,2,2,P1,0.7931034482758621,0.7975867269984918,0.0024301707744598,0.0368269579485058,0.0006349475508363,0,220,58,False
within_session,no_ra,W1,oas_trace_eps1e-6,3.0,pooled_class_measure,1,1,1,P1,0.7068965517241379,0.6961760461760461,0.002206850098446,0.0372207930777221,0.0006417378116848,0,216,58,False
within_session,no_ra,W1,oas_trace_eps1e-6,3.0,pooled_class_measure,1,2,2,P1,0.6896551724137931,0.7009049773755657,0.0023564249277114,0.0380947880912572,0.0006568066912285,0,220,58,False
within_session,no_ra,W1,oas_trace_eps1e-6,4.0,pooled_class_measure,1,1,1,P1,0.6379310344827587,0.6229437229437229,0.0021929119247943,0.0367421039845794,0.0006334845514582,0,216,58,False
within_session,no_ra,W1,oas_trace_eps1e-6,4.0,pooled_class_measure,1,2,2,P1,0.6551724137931034,0.6695324283559577,0.0019667709711939,0.0281369329895824,0.0004851195343031,0,220,58,False
within_session,no_ra,W1,oas_trace_eps1e-6,0.0,exact_sorted_order_statistics,1,1,1,P2,0.7931034482758621,0.7865800865800867,1.2451455211266875,0.0009221958462148,1.5899928383015353e-05,0,230,58,False
within_session,no_ra,W1,oas_trace_eps1e-6,0.0,exact_sorted_order_statistics,1,2,2,P2,0.7068965517241379,0.7124434389140271,1.3344066829886287,0.0010046998504549,1.7322411214740113e-05,0,230,58,False
within_session,no_ra,W1,oas_trace_eps1e-6,1.0,exact_sorted_order_statistics,1,1,1,P2,0.7931034482758621,0.7981962481962482,1.07079139794223,0.0009958851151168,1.717043301925577e-05,0,230,58,False
within_session,no_ra,W1,oas_trace_eps1e-6,1.0,exact_sorted_order_statistics,1,2,2,P2,0.8103448275862069,0.8103318250377074,1.1853860600385815,0.0008538900874555,1.4722242887163984e-05,0,230,58,False
within_session,no_ra,W1,oas_trace_eps1e-6,2.0,exact_sorted_order_statistics,1,1,1,P2,0.8275862068965517,0.8387806637806638,0.994263372849673,0.0010266539175063,1.7700929612178227e-05,0,230,58,False
within_session,no_ra,W1,oas_trace_eps1e-6,2.0,exact_sorted_order_statistics,1,2,2,P2,0.8103448275862069,0.8142533936651584,0.9679758511483668,0.0010221949778497,1.7624051342236583e-05,0,230,58,False
within_session,no_ra,W1,oas_trace_eps1e-6,3.0,exact_sorted_order_statistics,1,1,1,P2,0.7758620689655172,0.791955266955267,0.9990767291747034,0.00105547090061,1.819777414844981e-05,0,230,58,False
within_session,no_ra,W1,oas_trace_eps1e-6,3.0,exact_sorted_order_statistics,1,2,2,P2,0.6551724137931034,0.6650075414781297,1.2979847700335083,0.0009611479472368,1.6571516331670613e-05,0,230,58,False
within_session,no_ra,W1,oas_trace_eps1e-6,4.0,exact_sorted_order_statistics,1,1,1,P2,0.7068965517241379,0.6894300144300144,1.2217433389741927,0.0010284099262207,1.7731205624496115e-05,0,230,58,False
within_session,no_ra,W1,oas_trace_eps1e-6,4.0,exact_sorted_order_statistics,1,2,2,P2,0.6379310344827587,0.6483408748114631,1.1651294471230358,0.0008441829122602,1.4554877797591276e-05,0,230,58,False
within_session,no_ra,W2,oas_trace_eps1e-6,,trial_tangent,1,1,1,B1,0.8275862068965517,0.8222943722943723,0.2046046420000493,0.0058625249657779,0.0001010780166513,0,230,58,False
within_session,no_ra,W2,oas_trace_eps1e-6,,trial_tangent,1,2,2,B1,0.7413793103448276,0.7469834087481146,0.1716955560259521,0.0059176480863243,0.0001020284152814,0,230,58,False
within_session,no_ra,W2,oas_trace_eps1e-6,,airm_nearest_class_mean,1,1,1,B2,0.6896551724137931,0.6953102453102453,0.1294662009458989,0.0201929290778934,0.0003481539496188,0,230,58,False
within_session,no_ra,W2,oas_trace_eps1e-6,,airm_nearest_class_mean,1,2,2,B2,0.7241379310344828,0.734238310708899,0.1360771439503878,0.0205603998620063,0.0003544896527932,0,230,58,False
within_session,no_ra,W2,oas_trace_eps1e-6,,mean_decision_score,1,1,1,B3,0.8103448275862069,0.8132756132756134,0.7105847178027034,0.0209046418312937,0.0003604248591602,0,230,58,False
within_session,no_ra,W2,oas_trace_eps1e-6,,mean_decision_score,1,2,2,B3,0.7586206896551724,0.7701357466063349,0.638080608099699,0.0213357561733573,0.0003678578650578,0,230,58,False
within_session,no_ra,W2,oas_trace_eps1e-6,,majority_vote_secondary,1,1,1,B3_majority,0.7068965517241379,0.6927128427128427,0.0,0.0,0.0,0,230,58,False
within_session,no_ra,W2,oas_trace_eps1e-6,,majority_vote_secondary,1,2,2,B3_majority,0.8103448275862069,0.8187782805429865,0.0,0.0,0.0,0,230,58,False
within_session,no_ra,W2,oas_trace_eps1e-6,,mean_window_log_svec,1,1,1,B4,0.8103448275862069,0.8044372294372295,0.0236458040308207,0.0003808881156146,6.567036476114701e-06,0,230,58,False
within_session,no_ra,W2,oas_trace_eps1e-6,,mean_window_log_svec,1,2,2,B4,0.7758620689655172,0.7828808446455505,0.0230826791375875,0.0003977080341428,6.85703507142848e-06,0,230,58,False
within_session,no_ra,W2,oas_trace_eps1e-6,0.0,mean_std_projection_moments,1,1,1,B5,0.7586206896551724,0.7548340548340549,0.0486885951831936,0.0006868550553917,1.1842328541237733e-05,0,230,58,False
within_session,no_ra,W2,oas_trace_eps1e-6,0.0,mean_std_projection_moments,1,2,2,B5,0.7586206896551724,0.7636500754147814,0.0506917741149663,0.0006053070537745,1.043632851335509e-05,0,230,58,False
within_session,no_ra,W2,oas_trace_eps1e-6,1.0,mean_std_projection_moments,1,1,1,B5,0.7413793103448276,0.7372655122655122,0.0436415199656039,0.0005471759941428,9.434068864532586e-06,0,230,58,False
within_session,no_ra,W2,oas_trace_eps1e-6,1.0,mean_std_projection_moments,1,2,2,B5,0.7241379310344828,0.7368024132730016,0.0478575900197029,0.0005636650603264,9.718363109076844e-06,0,230,58,False
within_session,no_ra,W2,oas_trace_eps1e-6,2.0,mean_std_projection_moments,1,1,1,B5,0.7068965517241379,0.7115800865800865,0.0433523100800812,0.0005668110679835,9.772604620405313e-06,0,230,58,False
within_session,no_ra,W2,oas_trace_eps1e-6,2.0,mean_std_projection_moments,1,2,2,B5,0.6551724137931034,0.6624434389140271,0.0494658558163791,0.0005116909742355,8.822258176474736e-06,0,230,58,False
within_session,no_ra,W2,oas_trace_eps1e-6,3.0,mean_std_projection_moments,1,1,1,B5,0.6206896551724138,0.6183982683982684,0.0546553470194339,0.0007188441231846,1.2393864192839327e-05,0,230,58,False
within_session,no_ra,W2,oas_trace_eps1e-6,3.0,mean_std_projection_moments,1,2,2,B5,0.7241379310344828,0.7303167420814479,0.0476839388720691,0.0005610049702227,9.672499486598476e-06,0,230,58,False
within_session,no_ra,W2,oas_trace_eps1e-6,4.0,mean_std_projection_moments,1,1,1,B5,0.7586206896551724,0.7627705627705628,0.054165513953194,0.0006222280208021,1.0728069324174832e-05,0,230,58,False
within_session,no_ra,W2,oas_trace_eps1e-6,4.0,mean_std_projection_moments,1,2,2,B5,0.7413793103448276,0.7450226244343892,0.0496307520661503,0.0005753531586378,9.919882045480711e-06,0,230,58,False
within_session,no_ra,W2,oas_trace_eps1e-6,0.0,pooled_class_measure,1,1,1,P1,0.5862068965517241,0.5778138528138529,0.0017260629683732,0.0225060901138931,0.0003880360364464,0,216,58,False
within_session,no_ra,W2,oas_trace_eps1e-6,0.0,pooled_class_measure,1,2,2,P1,0.7586206896551724,0.7610859728506788,0.0021067168563604,0.0260562151670455,0.0004492450890869,0,220,58,False
within_session,no_ra,W2,oas_trace_eps1e-6,1.0,pooled_class_measure,1,1,1,P1,0.6551724137931034,0.634054834054834,0.001337053021416,0.0179547728039324,0.0003095650483436,0,216,58,False
within_session,no_ra,W2,oas_trace_eps1e-6,1.0,pooled_class_measure,1,2,2,P1,0.6896551724137931,0.698340874811463,0.0013074588496237,0.0202309689484536,0.000348809809456,0,220,58,False
within_session,no_ra,W2,oas_trace_eps1e-6,2.0,pooled_class_measure,1,1,1,P1,0.6551724137931034,0.6321789321789323,0.0017421040683984,0.0247372149024158,0.000426503705214,0,216,58,False
within_session,no_ra,W2,oas_trace_eps1e-6,2.0,pooled_class_measure,1,2,2,P1,0.7241379310344828,0.7232277526395172,0.0015713761094957,0.0248435491230338,0.0004283370538454,0,220,58,False
within_session,no_ra,W2,oas_trace_eps1e-6,3.0,pooled_class_measure,1,1,1,P1,0.6896551724137931,0.6767316017316017,0.0012969020754098,0.0224719659890979,0.0003874476894672,0,216,58,False
within_session,no_ra,W2,oas_trace_eps1e-6,3.0,pooled_class_measure,1,2,2,P1,0.6551724137931034,0.6650075414781298,0.0013589989393949,0.0219464879482984,0.0003783877232465,0,220,58,False
within_session,no_ra,W2,oas_trace_eps1e-6,4.0,pooled_class_measure,1,1,1,P1,0.6206896551724138,0.6062770562770563,0.0016239660326391,0.0202145050279796,0.0003485259487582,0,216,58,False
within_session,no_ra,W2,oas_trace_eps1e-6,4.0,pooled_class_measure,1,2,2,P1,0.7068965517241379,0.7124434389140271,0.001437960891053,0.0227250352036207,0.0003918109517865,0,220,58,False
within_session,no_ra,W2,oas_trace_eps1e-6,0.0,exact_sorted_order_statistics,1,1,1,P2,0.7758620689655172,0.7699134199134199,0.2583866000641137,0.0007275841198861,1.2544553791140689e-05,0,230,58,False
within_session,no_ra,W2,oas_trace_eps1e-6,0.0,exact_sorted_order_statistics,1,2,2,P2,0.7413793103448276,0.7463800904977376,0.252903358079493,0.0008037909865379,1.385846528513678e-05,0,230,58,False
within_session,no_ra,W2,oas_trace_eps1e-6,1.0,exact_sorted_order_statistics,1,1,1,P2,0.7931034482758621,0.7872655122655122,0.239045021822676,0.000640301965177,1.1039689054776882e-05,0,230,58,False
within_session,no_ra,W2,oas_trace_eps1e-6,1.0,exact_sorted_order_statistics,1,2,2,P2,0.7758620689655172,0.7848416289592761,0.2513157760258764,0.0010087229311466,1.7391774674941752e-05,0,230,58,False
within_session,no_ra,W2,oas_trace_eps1e-6,2.0,exact_sorted_order_statistics,1,1,1,P2,0.7068965517241379,0.7143578643578643,0.2417335389181971,0.0007381350733339,1.272646678162032e-05,0,230,58,False
within_session,no_ra,W2,oas_trace_eps1e-6,2.0,exact_sorted_order_statistics,1,2,2,P2,0.7586206896551724,0.7681749622926094,0.2343975910916924,0.0007682139985263,1.324506894010922e-05,0,230,58,False
within_session,no_ra,W2,oas_trace_eps1e-6,3.0,exact_sorted_order_statistics,1,1,1,P2,0.7241379310344828,0.7322150072150073,0.2565939438063651,0.0007534029427915,1.2989705910199674e-05,0,230,58,False
within_session,no_ra,W2,oas_trace_eps1e-6,3.0,exact_sorted_order_statistics,1,2,2,P2,0.6896551724137931,0.6963800904977375,0.2424938301555812,0.0007730219513177,1.3327964677892882e-05,0,230,58,False
within_session,no_ra,W2,oas_trace_eps1e-6,4.0,exact_sorted_order_statistics,1,1,1,P2,0.6551724137931034,0.647077922077922,0.2485466408543288,0.00069309794344,1.194996454207034e-05,0,230,58,False
within_session,no_ra,W2,oas_trace_eps1e-6,4.0,exact_sorted_order_statistics,1,2,2,P2,0.6724137931034483,0.6791101055806938,0.2497702811378985,0.0007347711361944,1.2668467865421852e-05,0,230,58,False
within_session,no_ra,W2,oas_trace_eps1e-6,,ordered_nonoverlap,1,1,1,ordered_control,0.7241379310344828,0.7254689754689754,1.2240373690146953,0.020087192999199,0.0003463309137792,0,230,58,False
within_session,no_ra,W2,oas_trace_eps1e-6,,ordered_nonoverlap,1,2,2,ordered_control,0.7413793103448276,0.7579939668174962,1.1058741810265929,0.0206289219204336,0.0003556710675936,0,230,58,False
within_session,no_ra,W1,oas_trace_eps1e-6,,trial_tangent,1,1,1,B1,0.8275862068965517,0.8223096348096348,0.1924230919685214,0.0056733440142124,9.781627610711188e-05,1,230,58,False
within_session,no_ra,W1,oas_trace_eps1e-6,,trial_tangent,1,2,2,B1,0.8103448275862069,0.8291754201680672,0.1942733870819211,0.0082867101300507,0.000142874312587,1,230,58,False
within_session,no_ra,W1,oas_trace_eps1e-6,,airm_nearest_class_mean,1,1,1,B2,0.8620689655172413,0.8341224747474747,0.1331388028338551,0.0202486081980168,0.0003491139344485,1,230,58,False
within_session,no_ra,W1,oas_trace_eps1e-6,,airm_nearest_class_mean,1,2,2,B2,0.8448275862068966,0.8554359243697478,0.1504199239425361,0.0217839998658746,0.000375586204584,1,230,58,False
within_session,no_ra,W1,oas_trace_eps1e-6,,mean_decision_score,1,1,1,B3,0.8620689655172413,0.8553200271950272,1.176082425983623,0.0350909819826483,0.0006050169307353,1,230,58,False
within_session,no_ra,W1,oas_trace_eps1e-6,,mean_decision_score,1,2,2,B3,0.8448275862068966,0.8626575630252101,1.1806685889605433,0.0349314529448747,0.000602266430084,1,230,58,False
within_session,no_ra,W1,oas_trace_eps1e-6,,majority_vote_secondary,1,1,1,B3_majority,0.8103448275862069,0.8101811383061382,0.0,0.0,0.0,1,230,58,False
within_session,no_ra,W1,oas_trace_eps1e-6,,majority_vote_secondary,1,2,2,B3_majority,0.8103448275862069,0.8243052902979373,0.0,0.0,0.0,1,230,58,False
within_session,no_ra,W1,oas_trace_eps1e-6,,mean_window_log_svec,1,1,1,B4,0.7931034482758621,0.7803515928515928,0.020361604867503,0.0003838071133941,6.617364024036917e-06,1,230,58,False
within_session,no_ra,W1,oas_trace_eps1e-6,,mean_window_log_svec,1,2,2,B4,0.8620689655172413,0.8751313025210085,0.0205019148997962,0.0004406948573887,7.598187196357497e-06,1,230,58,False
within_session,no_ra,W1,oas_trace_eps1e-6,0.0,mean_std_projection_moments,1,1,1,B5,0.7241379310344828,0.7106157731157731,0.0435680630616843,0.0004982089158147,8.589808893357886e-06,1,230,58,False
within_session,no_ra,W1,oas_trace_eps1e-6,0.0,mean_std_projection_moments,1,2,2,B5,0.7413793103448276,0.7672006302521008,0.0424802380148321,0.0005192379467189,8.95237839170571e-06,1,230,58,False
within_session,no_ra,W1,oas_trace_eps1e-6,1.0,mean_std_projection_moments,1,1,1,B5,0.7758620689655172,0.7735649766899767,0.048550397856161,0.0005931549239903,1.0226809034316704e-05,1,230,58,False
within_session,no_ra,W1,oas_trace_eps1e-6,1.0,mean_std_projection_moments,1,2,2,B5,0.8275862068965517,0.8398109243697478,0.0498690840322524,0.000535923987627,9.240068752190162e-06,1,230,58,False
within_session,no_ra,W1,oas_trace_eps1e-6,2.0,mean_std_projection_moments,1,1,1,B5,0.7758620689655172,0.768198815073815,0.041486145928502,0.0005063549615442,8.730257957659918e-06,1,230,58,False
within_session,no_ra,W1,oas_trace_eps1e-6,2.0,mean_std_projection_moments,1,2,2,B5,0.8275862068965517,0.8420430672268908,0.0484965450596064,0.0005594929680228,9.646430483152128e-06,1,230,58,False
within_session,no_ra,W1,oas_trace_eps1e-6,3.0,mean_std_projection_moments,1,1,1,B5,0.8448275862068966,0.839670745920746,0.0425979702267795,0.0005052778869867,8.711687706667802e-06,1,230,58,False
within_session,no_ra,W1,oas_trace_eps1e-6,3.0,mean_std_projection_moments,1,2,2,B5,0.7931034482758621,0.8103991596638656,0.0434350289870053,0.000495882006362,8.549689764863459e-06,1,230,58,False
within_session,no_ra,W1,oas_trace_eps1e-6,4.0,mean_std_projection_moments,1,1,1,B5,0.8103448275862069,0.7994730963480964,0.0492967320606112,0.000666877022013,1.1497879689880486e-05,1,230,58,False
within_session,no_ra,W1,oas_trace_eps1e-6,4.0,mean_std_projection_moments,1,2,2,B5,0.7758620689655172,0.7938550420168067,0.0533454550895839,0.0006415699608623,1.1061551049351692e-05,1,230,58,False
within_session,no_ra,W1,oas_trace_eps1e-6,0.0,pooled_class_measure,1,1,1,P1,0.6724137931034483,0.6653433372183372,0.0020813418086618,0.0355746219865977,0.000613355551493,1,216,58,False
within_session,no_ra,W1,oas_trace_eps1e-6,0.0,pooled_class_measure,1,2,2,P1,0.7931034482758621,0.807641806722689,0.0025200510863214,0.042178972158581,0.0007272236579065,1,220,58,False
within_session,no_ra,W1,oas_trace_eps1e-6,1.0,pooled_class_measure,1,1,1,P1,0.7931034482758621,0.7890564296814297,0.0020491168834269,0.0262872939929366,0.0004532292067747,1,216,58,False
within_session,no_ra,W1,oas_trace_eps1e-6,1.0,pooled_class_measure,1,2,2,P1,0.7586206896551724,0.7795430672268908,0.0021176100708544,0.0374987300019711,0.0006465298276201,1,220,58,False
within_session,no_ra,W1,oas_trace_eps1e-6,2.0,pooled_class_measure,1,1,1,P1,0.7758620689655172,0.755754662004662,0.0021242010407149,0.0297394799999892,0.0005127496551722,1,216,58,False
within_session,no_ra,W1,oas_trace_eps1e-6,2.0,pooled_class_measure,1,2,2,P1,0.7413793103448276,0.7629989495798319,0.0024405298754572,0.0372123538982123,0.0006415923085898,1,220,58,False
within_session,no_ra,W1,oas_trace_eps1e-6,3.0,pooled_class_measure,1,1,1,P1,0.7758620689655172,0.766329156954157,0.0022794881369918,0.0363350128754973,0.0006264657392327,1,216,58,False
within_session,no_ra,W1,oas_trace_eps1e-6,3.0,pooled_class_measure,1,2,2,P1,0.7413793103448276,0.7639180672268908,0.0021330458112061,0.0352424611337482,0.000607628640237,1,220,58,False
within_session,no_ra,W1,oas_trace_eps1e-6,4.0,pooled_class_measure,1,1,1,P1,0.7931034482758621,0.7873203185703186,0.002212842926383,0.0403799931518733,0.0006962067784805,1,216,58,False
within_session,no_ra,W1,oas_trace_eps1e-6,4.0,pooled_class_measure,1,2,2,P1,0.7413793103448276,0.7639180672268908,0.0021312250755727,0.0396458960603922,0.0006835499320757,1,220,58,False
within_session,no_ra,W1,oas_trace_eps1e-6,0.0,exact_sorted_order_statistics,1,1,1,P2,0.6724137931034483,0.6602442696192696,1.3561558339279145,0.0009116409346461,1.57179471490712e-05,1,230,58,False
within_session,no_ra,W1,oas_trace_eps1e-6,0.0,exact_sorted_order_statistics,1,2,2,P2,0.7931034482758621,0.80106474407945,1.109745655907318,0.0011257571168243,1.9409605462489457e-05,1,230,58,False
within_session,no_ra,W1,oas_trace_eps1e-6,1.0,exact_sorted_order_statistics,1,1,1,P2,0.7931034482758621,0.792795745920746,1.1889662111643702,0.0008321101777255,1.4346727202164716e-05,1,230,58,False
within_session,no_ra,W1,oas_trace_eps1e-6,1.0,exact_sorted_order_statistics,1,2,2,P2,0.8275862068965517,0.837578781512605,1.0359366410411894,0.0010314269457012,1.7783223201745544e-05,1,230,58,False
within_session,no_ra,W1,oas_trace_eps1e-6,2.0,exact_sorted_order_statistics,1,1,1,P2,0.7413793103448276,0.735212703962704,1.0075883420649916,0.0008988608606159,1.549760104510291e-05,1,230,58,False
within_session,no_ra,W1,oas_trace_eps1e-6,2.0,exact_sorted_order_statistics,1,2,2,P2,0.8275862068965517,0.8420430672268908,1.1031682949978858,0.001120617846027,1.932099734529339e-05,1,230,58,False
within_session,no_ra,W1,oas_trace_eps1e-6,3.0,exact_sorted_order_statistics,1,1,1,P2,0.8448275862068966,0.8485091297591297,1.0716914411168543,0.0012214640155434,2.105972440592174e-05,1,230,58,False
within_session,no_ra,W1,oas_trace_eps1e-6,3.0,exact_sorted_order_statistics,1,2,2,P2,0.7241379310344828,0.7497373949579832,0.9840766540728508,0.0010630178730934,1.832789436368079e-05,1,230,58,False
within_session,no_ra,W1,oas_trace_eps1e-6,4.0,exact_sorted_order_statistics,1,1,1,P2,0.8275862068965517,0.8239364801864802,1.078248923877254,0.0010763939935714,1.855851713054139e-05,1,230,58,False
within_session,no_ra,W1,oas_trace_eps1e-6,4.0,exact_sorted_order_statistics,1,2,2,P2,0.7758620689655172,0.7929359243697478,1.1014502979815006,0.0010420831385999,1.79669506655171e-05,1,230,58,False
within_session,no_ra,W2,oas_trace_eps1e-6,,trial_tangent,1,1,1,B1,0.8275862068965517,0.8223096348096348,0.2108642919920385,0.0056159030646085,9.682591490704438e-05,1,230,58,False
within_session,no_ra,W2,oas_trace_eps1e-6,,trial_tangent,1,2,2,B1,0.8103448275862069,0.8291754201680672,0.2013743219431489,0.0060226379428058,0.0001038385852207,1,230,58,False
within_session,no_ra,W2,oas_trace_eps1e-6,,airm_nearest_class_mean,1,1,1,B2,0.8620689655172413,0.8341224747474747,0.1339475570712238,0.0280345268547534,0.0004833539112888,1,230,58,False
within_session,no_ra,W2,oas_trace_eps1e-6,,airm_nearest_class_mean,1,2,2,B2,0.8448275862068966,0.8554359243697478,0.1588671850040555,0.0202777960803359,0.0003496171737988,1,230,58,False
within_session,no_ra,W2,oas_trace_eps1e-6,,mean_decision_score,1,1,1,B3,0.896551724137931,0.8901757964257964,0.7236542941536754,0.0203795249108225,0.0003513711191521,1,230,58,False
within_session,no_ra,W2,oas_trace_eps1e-6,,mean_decision_score,1,2,2,B3,0.8275862068965517,0.8438813025210085,0.7408503780607134,0.021323231048882,0.0003676419146358,1,230,58,False
within_session,no_ra,W2,oas_trace_eps1e-6,,majority_vote_secondary,1,1,1,B3_majority,0.7068965517241379,0.7269813519813519,0.0,0.0,0.0,1,230,58,False
within_session,no_ra,W2,oas_trace_eps1e-6,,majority_vote_secondary,1,2,2,B3_majority,0.7758620689655172,0.7814887318563789,0.0,0.0,0.0,1,230,58,False
within_session,no_ra,W2,oas_trace_eps1e-6,,mean_window_log_svec,1,1,1,B4,0.7758620689655172,0.7647023115773115,0.0208804078865796,0.0003793418873101,6.540377367416333e-06,1,230,58,False
within_session,no_ra,W2,oas_trace_eps1e-6,,mean_window_log_svec,1,2,2,B4,0.7758620689655172,0.7895101222307105,0.0205167420208454,0.0004060850478708,7.001466342601283e-06,1,230,58,False
within_session,no_ra,W2,oas_trace_eps1e-6,0.0,mean_std_projection_moments,1,1,1,B5,0.7068965517241379,0.6878885003885004,0.0471267839893698,0.0005930659826844,1.0225275563525745e-05,1,230,58,False
within_session,no_ra,W2,oas_trace_eps1e-6,0.0,mean_std_projection_moments,1,2,2,B5,0.8448275862068966,0.8572741596638656,0.0482652359642088,0.0005423100665211,9.350173560709789e-06,1,230,58,False
within_session,no_ra,W2,oas_trace_eps1e-6,1.0,mean_std_projection_moments,1,1,1,B5,0.6551724137931034,0.6446192696192696,0.0436058088671416,0.0005177562125027,8.926831250046862e-06,1,230,58,False
within_session,no_ra,W2,oas_trace_eps1e-6,1.0,mean_std_projection_moments,1,2,2,B5,0.7758620689655172,0.7916228991596639,0.047578718047589,0.0005417719949036,9.340896463856616e-06,1,230,58,False
within_session,no_ra,W2,oas_trace_eps1e-6,2.0,mean_std_projection_moments,1,1,1,B5,0.7241379310344828,0.7159576534576535,0.0428550948854535,0.0005182977765798,8.93616856172167e-06,1,230,58,False
within_session,no_ra,W2,oas_trace_eps1e-6,2.0,mean_std_projection_moments,1,2,2,B5,0.8103448275862069,0.8170836516424751,0.051920142956078,0.0005785210523754,9.974500903024757e-06,1,230,58,False
within_session,no_ra,W2,oas_trace_eps1e-6,3.0,mean_std_projection_moments,1,1,1,B5,0.7586206896551724,0.7667540792540792,0.0470449130516499,0.0005904219578951,1.0179688929226892e-05,1,230,58,False
within_session,no_ra,W2,oas_trace_eps1e-6,3.0,mean_std_projection_moments,1,2,2,B5,0.7413793103448276,0.7635241596638656,0.0460862859617918,0.0006500370800495,1.1207535862922668e-05,1,230,58,False
within_session,no_ra,W2,oas_trace_eps1e-6,4.0,mean_std_projection_moments,1,1,1,B5,0.7413793103448276,0.7316069347319348,0.0477969241328537,0.0006117599550634,1.054758543212866e-05,1,230,58,False
within_session,no_ra,W2,oas_trace_eps1e-6,4.0,mean_std_projection_moments,1,2,2,B5,0.7241379310344828,0.7456670168067228,0.0483275628648698,0.0006469578947871,1.1154446461848144e-05,1,230,58,False
within_session,no_ra,W2,oas_trace_eps1e-6,0.0,pooled_class_measure,1,1,1,P1,0.6724137931034483,0.6830201048951049,0.0015255641192197,0.0192880500108003,0.0003325525863931,1,216,58,False
within_session,no_ra,W2,oas_trace_eps1e-6,0.0,pooled_class_measure,1,2,2,P1,0.7758620689655172,0.7871466768525592,0.001593155786395,0.0210810620337724,0.0003634665867891,1,220,58,False
within_session,no_ra,W2,oas_trace_eps1e-6,1.0,pooled_class_measure,1,1,1,P1,0.7586206896551724,0.7577821484071484,0.0014340691268444,0.018003589939326,0.0003104067230918,1,216,58,False
within_session,no_ra,W2,oas_trace_eps1e-6,1.0,pooled_class_measure,1,2,2,P1,0.7413793103448276,0.7639180672268908,0.001287774881348,0.020158200059086,0.0003475551734325,1,220,58,False
within_session,no_ra,W2,oas_trace_eps1e-6,2.0,pooled_class_measure,1,1,1,P1,0.7413793103448276,0.7369245337995337,0.0016329600475728,0.0236451660748571,0.0004076752771527,1,216,58,False
within_session,no_ra,W2,oas_trace_eps1e-6,2.0,pooled_class_measure,1,2,2,P1,0.7241379310344828,0.7473739495798319,0.0013204000424593,0.0205746940337121,0.0003547361040295,1,220,58,False
within_session,no_ra,W2,oas_trace_eps1e-6,3.0,pooled_class_measure,1,1,1,P1,0.7413793103448276,0.7492351398601399,0.0012823520228266,0.0238719100598245,0.0004115846562038,1,216,58,False
within_session,no_ra,W2,oas_trace_eps1e-6,3.0,pooled_class_measure,1,2,2,P1,0.7241379310344828,0.7482930672268908,0.0016326471231877,0.0242318699602037,0.0004177908613828,1,220,58,False
within_session,no_ra,W2,oas_trace_eps1e-6,4.0,pooled_class_measure,1,1,1,P1,0.7413793103448276,0.7403117715617715,0.0014909000601619,0.0176462610252201,0.0003042458797451,1,216,58,False
within_session,no_ra,W2,oas_trace_eps1e-6,4.0,pooled_class_measure,1,2,2,P1,0.7413793103448276,0.7661502100840336,0.0012871590442955,0.0234820861369371,0.0004048635540851,1,220,58,False
within_session,no_ra,W2,oas_trace_eps1e-6,0.0,exact_sorted_order_statistics,1,1,1,P2,0.6896551724137931,0.6776053807303807,0.2564519229345023,0.0006510659586638,1.1225275149376228e-05,1,230,58,False
within_session,no_ra,W2,oas_trace_eps1e-6,0.0,exact_sorted_order_statistics,1,2,2,P2,0.7931034482758621,0.8042160045836516,0.2459254250861704,0.000833640107885,1.4373105308362124e-05,1,230,58,False
within_session,no_ra,W2,oas_trace_eps1e-6,1.0,exact_sorted_order_statistics,1,1,1,P2,0.6551724137931034,0.6516972610722611,0.2392948269844055,0.0007090519648045,1.2225033875940175e-05,1,230,58,False
within_session,no_ra,W2,oas_trace_eps1e-6,1.0,exact_sorted_order_statistics,1,2,2,P2,0.7586206896551724,0.7617933537051185,0.2429647468961775,0.0006816380191594,1.1752379640679936e-05,1,230,58,False
within_session,no_ra,W2,oas_trace_eps1e-6,2.0,exact_sorted_order_statistics,1,1,1,P2,0.7241379310344828,0.7106157731157731,0.2438659609761089,0.0007431888952851,1.281360164284706e-05,1,230,58,False
within_session,no_ra,W2,oas_trace_eps1e-6,2.0,exact_sorted_order_statistics,1,2,2,P2,0.8275862068965517,0.8398109243697478,0.2347580429632216,0.0006937060970813,1.1960449949677647e-05,1,230,58,False
within_session,no_ra,W2,oas_trace_eps1e-6,3.0,exact_sorted_order_statistics,1,1,1,P2,0.7931034482758621,0.8033702408702409,0.2531641079112887,0.0007432911079376,1.2815363929960234e-05,1,230,58,False
within_session,no_ra,W2,oas_trace_eps1e-6,3.0,exact_sorted_order_statistics,1,2,2,P2,0.7586206896551724,0.7823004201680672,0.249625057214871,0.0007900360506027,1.3621311217289546e-05,1,230,58,False
within_session,no_ra,W2,oas_trace_eps1e-6,4.0,exact_sorted_order_statistics,1,1,1,P2,0.7586206896551724,0.7525980963480964,0.2556592440232634,0.0006535879801958,1.126875827923931e-05,1,230,58,False
within_session,no_ra,W2,oas_trace_eps1e-6,4.0,exact_sorted_order_statistics,1,2,2,P2,0.7413793103448276,0.7612920168067228,0.233279287116602,0.0007708349730819,1.3290258156585284e-05,1,230,58,False
within_session,no_ra,W2,oas_trace_eps1e-6,,ordered_nonoverlap,1,1,1,ordered_control,0.8448275862068966,0.8308323620823621,1.2438693379517645,0.0199960048776119,0.0003447587047864,1,230,58,False
within_session,no_ra,W2,oas_trace_eps1e-6,,ordered_nonoverlap,1,2,2,ordered_control,0.8448275862068966,0.8604254201680672,1.133471550885588,0.020985827082768,0.0003618246048753,1,230,58,False
within_session,no_ra,W1,oas_trace_eps1e-6,,trial_tangent,1,1,1,B1,0.7413793103448276,0.738106684981685,0.1927705819252878,0.0057131540961563,9.850265683028205e-05,2,230,58,False
within_session,no_ra,W1,oas_trace_eps1e-6,,trial_tangent,1,2,2,B1,0.7413793103448276,0.775219298245614,0.1780798467807471,0.0058366709854453,0.0001006322583697,2,230,58,False
within_session,no_ra,W1,oas_trace_eps1e-6,,airm_nearest_class_mean,1,1,1,B2,0.7241379310344828,0.7149725274725275,0.134523716988042,0.0201140341814607,0.0003467936927838,2,230,58,False
within_session,no_ra,W1,oas_trace_eps1e-6,,airm_nearest_class_mean,1,2,2,B2,0.7586206896551724,0.7660818713450291,0.1401388950180262,0.0208416709210723,0.0003593391538115,2,230,58,False
within_session,no_ra,W1,oas_trace_eps1e-6,,mean_decision_score,1,1,1,B3,0.8275862068965517,0.8277586996336996,1.133541843853891,0.0347987590357661,0.0005999786040649,2,230,58,False
within_session,no_ra,W1,oas_trace_eps1e-6,,mean_decision_score,1,2,2,B3,0.7413793103448276,0.7744883040935673,1.1423838757909834,0.0356635148636996,0.0006148881873051,2,230,58,False
within_session,no_ra,W1,oas_trace_eps1e-6,,majority_vote_secondary,1,1,1,B3_majority,0.8793103448275862,0.8803228021978022,0.0,0.0,0.0,2,230,58,False
within_session,no_ra,W1,oas_trace_eps1e-6,,majority_vote_secondary,1,2,2,B3_majority,0.7413793103448276,0.7737573099415205,0.0,0.0,0.0,2,230,58,False
within_session,no_ra,W1,oas_trace_eps1e-6,,mean_window_log_svec,1,1,1,B4,0.8103448275862069,0.8047733516483516,0.020335302921012,0.0003789919428527,6.534343842288543e-06,2,230,58,False
within_session,no_ra,W1,oas_trace_eps1e-6,,mean_window_log_svec,1,2,2,B4,0.7586206896551724,0.7960526315789473,0.0213157588150352,0.0004148101434111,7.151899024330337e-06,2,230,58,False
within_session,no_ra,W1,oas_trace_eps1e-6,0.0,mean_std_projection_moments,1,1,1,B5,0.7586206896551724,0.7587110805860806,0.0436845391523093,0.0004823389463126,8.316188729528722e-06,2,230,58,False
within_session,no_ra,W1,oas_trace_eps1e-6,0.0,mean_std_projection_moments,1,2,2,B5,0.7413793103448276,0.7668128654970761,0.0447684419341385,0.0005549499765038,9.56810304316981e-06,2,230,58,False
within_session,no_ra,W1,oas_trace_eps1e-6,1.0,mean_std_projection_moments,1,1,1,B5,0.7758620689655172,0.7726648351648352,0.0443192340899258,0.0005350101273506,9.224312540529103e-06,2,230,58,False
within_session,no_ra,W1,oas_trace_eps1e-6,1.0,mean_std_projection_moments,1,2,2,B5,0.7586206896551724,0.7814327485380117,0.0529288609977811,0.0006450479850172,1.112151698305689e-05,2,230,58,False
within_session,no_ra,W1,oas_trace_eps1e-6,2.0,mean_std_projection_moments,1,1,1,B5,0.7586206896551724,0.7592719780219781,0.0517301911022514,0.0005846938583999,1.0080928593103227e-05,2,230,58,False
within_session,no_ra,W1,oas_trace_eps1e-6,2.0,mean_std_projection_moments,1,2,2,B5,0.8275862068965517,0.8424707602339181,0.0443273049313575,0.0004716231487691,8.131433599467936e-06,2,230,58,False
within_session,no_ra,W1,oas_trace_eps1e-6,3.0,mean_std_projection_moments,1,1,1,B5,0.8275862068965517,0.826717032967033,0.0463081218767911,0.0005751010030508,9.915534535358692e-06,2,230,58,False
within_session,no_ra,W1,oas_trace_eps1e-6,3.0,mean_std_projection_moments,1,2,2,B5,0.7413793103448276,0.7737573099415205,0.043134907959029,0.000556186074391,9.589415075707023e-06,2,230,58,False
within_session,no_ra,W1,oas_trace_eps1e-6,4.0,mean_std_projection_moments,1,1,1,B5,0.7586206896551724,0.7594207875457876,0.0460119950585067,0.0005757110193371,9.92605205753754e-06,2,230,58,False
within_session,no_ra,W1,oas_trace_eps1e-6,4.0,mean_std_projection_moments,1,2,2,B5,0.7241379310344828,0.7390350877192982,0.0454045708756893,0.0005081489216536,8.761188304372903e-06,2,230,58,False
within_session,no_ra,W1,oas_trace_eps1e-6,0.0,pooled_class_measure,1,1,1,P1,0.6896551724137931,0.6864697802197802,0.0021374190691858,0.0400479319505393,0.0006904815853541,2,224,58,False
within_session,no_ra,W1,oas_trace_eps1e-6,0.0,pooled_class_measure,1,2,2,P1,0.7758620689655172,0.772295321637427,0.00241698208265,0.0433473298326134,0.0007473677557347,2,212,58,False
within_session,no_ra,W1,oas_trace_eps1e-6,1.0,pooled_class_measure,1,1,1,P1,0.7068965517241379,0.7007211538461539,0.0020515690557658,0.0321772911120206,0.0005547808812417,2,224,58,False
within_session,no_ra,W1,oas_trace_eps1e-6,1.0,pooled_class_measure,1,2,2,P1,0.7413793103448276,0.7306286549707602,0.0020123999565839,0.0347440801560878,0.0005990358647601,2,212,58,False
within_session,no_ra,W1,oas_trace_eps1e-6,2.0,pooled_class_measure,1,1,1,P1,0.7241379310344828,0.7199519230769231,0.0021196398884058,0.0303706300910562,0.000523631553294,2,224,58,False
within_session,no_ra,W1,oas_trace_eps1e-6,2.0,pooled_class_measure,1,2,2,P1,0.7068965517241379,0.6750730994152047,0.0020202100276947,0.028052964946255,0.0004836718094181,2,212,58,False
within_session,no_ra,W1,oas_trace_eps1e-6,3.0,pooled_class_measure,1,1,1,P1,0.7241379310344828,0.7163461538461539,0.0021934430114924,0.0350332150701433,0.0006040209494852,2,224,58,False
within_session,no_ra,W1,oas_trace_eps1e-6,3.0,pooled_class_measure,1,2,2,P1,0.7413793103448276,0.7236842105263157,0.0024199350737035,0.0350841239560395,0.0006048986888972,2,212,58,False
within_session,no_ra,W1,oas_trace_eps1e-6,4.0,pooled_class_measure,1,1,1,P1,0.6896551724137931,0.6873282967032968,0.0020642639137804,0.0302886131685227,0.0005222174684228,2,224,58,False
within_session,no_ra,W1,oas_trace_eps1e-6,4.0,pooled_class_measure,1,2,2,P1,0.7241379310344828,0.7244152046783626,0.0020423980895429,0.0382702909409999,0.000659832602431,2,212,58,False
within_session,no_ra,W1,oas_trace_eps1e-6,0.0,exact_sorted_order_statistics,1,1,1,P2,0.7931034482758621,0.7935668498168499,1.3862115878146142,0.0009214458987116,1.5886998253649678e-05,2,230,58,False
within_session,no_ra,W1,oas_trace_eps1e-6,0.0,exact_sorted_order_statistics,1,2,2,P2,0.7413793103448276,0.7397660818713451,1.2983400039374828,0.0011648249346762,2.0083188528901543e-05,2,230,58,False
within_session,no_ra,W1,oas_trace_eps1e-6,1.0,exact_sorted_order_statistics,1,1,1,P2,0.7241379310344828,0.7221840659340659,1.295669245067984,0.000850420910865,1.4662429497673591e-05,2,230,58,False
within_session,no_ra,W1,oas_trace_eps1e-6,1.0,exact_sorted_order_statistics,1,2,2,P2,0.7931034482758621,0.8300438596491228,1.2448120471090078,0.0008426140993833,1.4527829299713002e-05,2,230,58,False
within_session,no_ra,W1,oas_trace_eps1e-6,2.0,exact_sorted_order_statistics,1,1,1,P2,0.6896551724137931,0.6878090659340659,1.127611842006445,0.0008541198913007,1.4726205022427542e-05,2,230,58,False
within_session,no_ra,W1,oas_trace_eps1e-6,2.0,exact_sorted_order_statistics,1,2,2,P2,0.7931034482758621,0.8015350877192983,0.9668589201755822,0.0009084129706025,1.566229259659504e-05,2,230,58,False
within_session,no_ra,W1,oas_trace_eps1e-6,3.0,exact_sorted_order_statistics,1,1,1,P2,0.8275862068965517,0.8292811355311356,1.404473553877324,0.0009571767877787,1.6503048065150605e-05,2,230,58,False
within_session,no_ra,W1,oas_trace_eps1e-6,3.0,exact_sorted_order_statistics,1,2,2,P2,0.7413793103448276,0.775219298245614,1.0380856900010258,0.0009842079598456,1.6969102755959692e-05,2,230,58,False
within_session,no_ra,W1,oas_trace_eps1e-6,4.0,exact_sorted_order_statistics,1,1,1,P2,0.6896551724137931,0.694654304029304,1.262570414924994,0.0009082928299903,1.566022120673081e-05,2,230,58,False
within_session,no_ra,W1,oas_trace_eps1e-6,4.0,exact_sorted_order_statistics,1,2,2,P2,0.7068965517241379,0.7474415204678362,1.2333878790959716,0.000903152860701,1.5571601046570415e-05,2,230,58,False
within_session,no_ra,W2,oas_trace_eps1e-6,,trial_tangent,1,1,1,B1,0.7413793103448276,0.738106684981685,0.2107663068454712,0.0055759579408913,9.613720587743767e-05,2,230,58,False
within_session,no_ra,W2,oas_trace_eps1e-6,,trial_tangent,1,2,2,B1,0.7413793103448276,0.775219298245614,0.1842053870204836,0.0064896780531853,0.0001118910009169,2,230,58,False
within_session,no_ra,W2,oas_trace_eps1e-6,,airm_nearest_class_mean,1,1,1,B2,0.7241379310344828,0.7149725274725275,0.1396253078710287,0.0276945759542286,0.000477492688866,2,230,58,False
within_session,no_ra,W2,oas_trace_eps1e-6,,airm_nearest_class_mean,1,2,2,B2,0.7586206896551724,0.7660818713450291,0.1400235639885068,0.0203482368960976,0.0003508316706223,2,230,58,False
within_session,no_ra,W2,oas_trace_eps1e-6,,mean_decision_score,1,1,1,B3,0.8103448275862069,0.8085279304029305,0.7173909789416939,0.020554760005325,0.0003543924138849,2,230,58,False
within_session,no_ra,W2,oas_trace_eps1e-6,,mean_decision_score,1,2,2,B3,0.7241379310344828,0.7605994152046784,0.6621573441661894,0.027399345068261,0.0004724025011769,2,230,58,False
within_session,no_ra,W2,oas_trace_eps1e-6,,majority_vote_secondary,1,1,1,B3_majority,0.6724137931034483,0.6769803113553113,0.0,0.0,0.0,2,230,58,False
within_session,no_ra,W2,oas_trace_eps1e-6,,majority_vote_secondary,1,2,2,B3_majority,0.6896551724137931,0.7342836257309941,0.0,0.0,0.0,2,230,58,False
within_session,no_ra,W2,oas_trace_eps1e-6,,mean_window_log_svec,1,1,1,B4,0.7758620689655172,0.7736721611721612,0.0213715468998998,0.0004027059767395,6.943206495509065e-06,2,230,58,False
within_session,no_ra,W2,oas_trace_eps1e-6,,mean_window_log_svec,1,2,2,B4,0.7586206896551724,0.7960526315789473,0.0220329139847308,0.0003949040547013,6.808690598298764e-06,2,230,58,False
within_session,no_ra,W2,oas_trace_eps1e-6,0.0,mean_std_projection_moments,1,1,1,B5,0.7758620689655172,0.7692078754578755,0.0482687340117991,0.0005948231555521,1.0255571647450842e-05,2,230,58,False
within_session,no_ra,W2,oas_trace_eps1e-6,0.0,mean_std_projection_moments,1,2,2,B5,0.6896551724137931,0.6973684210526316,0.0496104711201041,0.0006096169818192,1.0510637617573657e-05,2,230,58,False
within_session,no_ra,W2,oas_trace_eps1e-6,1.0,mean_std_projection_moments,1,1,1,B5,0.7413793103448276,0.7393315018315019,0.0446011680178344,0.0005227499641478,9.012930416341486e-06,2,230,58,False
within_session,no_ra,W2,oas_trace_eps1e-6,1.0,mean_std_projection_moments,1,2,2,B5,0.6896551724137931,0.7119883040935673,0.0456832519266754,0.0005406639538705,9.32179230811267e-06,2,230,58,False
within_session,no_ra,W2,oas_trace_eps1e-6,2.0,mean_std_projection_moments,1,1,1,B5,0.7586206896551724,0.7506868131868132,0.0436528092250227,0.0005212950054556,8.987844921648502e-06,2,230,58,False
within_session,no_ra,W2,oas_trace_eps1e-6,2.0,mean_std_projection_moments,1,2,2,B5,0.7413793103448276,0.7543859649122807,0.0461074810009449,0.0006084109190851,1.04898434325025e-05,2,230,58,False
within_session,no_ra,W2,oas_trace_eps1e-6,3.0,mean_std_projection_moments,1,1,1,B5,0.7758620689655172,0.7715888278388279,0.0473212159704417,0.0005632969550788,9.712016466876556e-06,2,230,58,False
within_session,no_ra,W2,oas_trace_eps1e-6,3.0,mean_std_projection_moments,1,2,2,B5,0.6896551724137931,0.7258771929824561,0.0538252990227192,0.0006560829933732,1.1311775747815085e-05,2,230,58,False
within_session,no_ra,W2,oas_trace_eps1e-6,4.0,mean_std_projection_moments,1,1,1,B5,0.7931034482758621,0.7925709706959707,0.0507023280952125,0.0005875420756638,1.0130035787306982e-05,2,230,58,False
within_session,no_ra,W2,oas_trace_eps1e-6,4.0,mean_std_projection_moments,1,2,2,B5,0.7241379310344828,0.7467105263157895,0.0479789080563932,0.0005851660389453,1.008906963698823e-05,2,230,58,False
within_session,no_ra,W2,oas_trace_eps1e-6,0.0,pooled_class_measure,1,1,1,P1,0.6896551724137931,0.6850961538461539,0.0015323411207646,0.0206834319978952,0.0003566108965154,2,224,58,False
within_session,no_ra,W2,oas_trace_eps1e-6,0.0,pooled_class_measure,1,2,2,P1,0.7758620689655172,0.758406432748538,0.0016832358669489,0.0209023978095501,0.0003603861691301,2,212,58,False
within_session,no_ra,W2,oas_trace_eps1e-6,1.0,pooled_class_measure,1,1,1,P1,0.7241379310344828,0.7185782967032968,0.001306323101744,0.0194052138831466,0.0003345726531577,2,224,58,False
within_session,no_ra,W2,oas_trace_eps1e-6,1.0,pooled_class_measure,1,2,2,P1,0.7931034482758621,0.7861842105263158,0.0012675870675593,0.0214140878524631,0.0003692084112493,2,212,58,False
within_session,no_ra,W2,oas_trace_eps1e-6,2.0,pooled_class_measure,1,1,1,P1,0.7586206896551724,0.7556662087912088,0.0016912799328565,0.0244751540012657,0.0004219854138149,2,224,58,False
within_session,no_ra,W2,oas_trace_eps1e-6,2.0,pooled_class_measure,1,2,2,P1,0.7413793103448276,0.7167397660818713,0.001933678984642,0.0262398719787597,0.0004524115858406,2,212,58,False
within_session,no_ra,W2,oas_trace_eps1e-6,3.0,pooled_class_measure,1,1,1,P1,0.7586206896551724,0.7556662087912088,0.0011792508885264,0.0219175810925662,0.0003778893291821,2,224,58,False
within_session,no_ra,W2,oas_trace_eps1e-6,3.0,pooled_class_measure,1,2,2,P1,0.7068965517241379,0.6611842105263158,0.0012427601031959,0.022850336972624,0.0003939713271142,2,212,58,False
within_session,no_ra,W2,oas_trace_eps1e-6,4.0,pooled_class_measure,1,1,1,P1,0.6896551724137931,0.6873282967032968,0.0014936649240553,0.0203961809165775,0.0003516582916651,2,224,58,False
within_session,no_ra,W2,oas_trace_eps1e-6,4.0,pooled_class_measure,1,2,2,P1,0.7241379310344828,0.731359649122807,0.0013176191132515,0.0198349878191947,0.0003419825486068,2,212,58,False
within_session,no_ra,W2,oas_trace_eps1e-6,0.0,exact_sorted_order_statistics,1,1,1,P2,0.7758620689655172,0.7714400183150183,0.2585305680986494,0.0006704020779579,1.155865651651703e-05,2,230,58,False
within_session,no_ra,W2,oas_trace_eps1e-6,0.0,exact_sorted_order_statistics,1,2,2,P2,0.7758620689655172,0.7730263157894737,0.2538128409069031,0.0007024030201137,1.2110396898512182e-05,2,230,58,False
within_session,no_ra,W2,oas_trace_eps1e-6,1.0,exact_sorted_order_statistics,1,1,1,P2,0.7586206896551724,0.7549565018315019,0.2378971851430833,0.0007488960400223,1.2912000690040918e-05,2,230,58,False
within_session,no_ra,W2,oas_trace_eps1e-6,1.0,exact_sorted_order_statistics,1,2,2,P2,0.7586206896551724,0.7821637426900585,0.2451881389133632,0.000754551962018,1.3009516586517466e-05,2,230,58,False
within_session,no_ra,W2,oas_trace_eps1e-6,2.0,exact_sorted_order_statistics,1,1,1,P2,0.7931034482758621,0.7917124542124543,0.2457401151768863,0.0007105490658432,1.2250845962814216e-05,2,230,58,False
within_session,no_ra,W2,oas_trace_eps1e-6,2.0,exact_sorted_order_statistics,1,2,2,P2,0.7413793103448276,0.731359649122807,0.2469948709476739,0.0008745989762246,1.5079292693528635e-05,2,230,58,False
within_session,no_ra,W2,oas_trace_eps1e-6,3.0,exact_sorted_order_statistics,1,1,1,P2,0.7758620689655172,0.7715888278388279,0.2565946148242801,0.0007523600943386,1.2971725764459578e-05,2,230,58,False
within_session,no_ra,W2,oas_trace_eps1e-6,3.0,exact_sorted_order_statistics,1,2,2,P2,0.7413793103448276,0.7821637426900585,0.2454967799130827,0.0007248208858072,1.2496911824263376e-05,2,230,58,False
within_session,no_ra,W2,oas_trace_eps1e-6,4.0,exact_sorted_order_statistics,1,1,1,P2,0.8275862068965517,0.8274267399267399,0.2562977347988635,0.0006596609018743,1.137346382541903e-05,2,230,58,False
within_session,no_ra,W2,oas_trace_eps1e-6,4.0,exact_sorted_order_statistics,1,2,2,P2,0.6724137931034483,0.698830409356725,0.2490634359419345,0.0006934399716556,1.195586158026909e-05,2,230,58,False
within_session,no_ra,W2,oas_trace_eps1e-6,,ordered_nonoverlap,1,1,1,ordered_control,0.8275862068965517,0.8226304945054945,1.2170858741737902,0.0200279059354215,0.0003453087230245,2,230,58,False
within_session,no_ra,W2,oas_trace_eps1e-6,,ordered_nonoverlap,1,2,2,ordered_control,0.7758620689655172,0.8084795321637427,1.1537772319279611,0.0201681139878928,0.0003477261032395,2,230,58,False
within_session,no_ra,W1,oas_trace_eps1e-6,,trial_tangent,1,1,1,B1,0.7192982456140351,0.7152874902874903,0.2226199319120496,0.00556052592583,9.75530864180703e-05,3,231,57,False
within_session,no_ra,W1,oas_trace_eps1e-6,,trial_tangent,1,2,2,B1,0.7192982456140351,0.7172348484848485,0.1730690950062126,0.0055875619873404,9.802740328667456e-05,3,231,57,False
within_session,no_ra,W1,oas_trace_eps1e-6,,airm_nearest_class_mean,1,1,1,B2,0.7543859649122807,0.7546814296814297,0.1309554299805313,0.0197383540216833,0.0003462869126611,3,231,57,False
within_session,no_ra,W1,oas_trace_eps1e-6,,airm_nearest_class_mean,1,2,2,B2,0.5964912280701754,0.5823863636363636,0.1405773009173572,0.020035222871229,0.0003514951380917,3,231,57,False
within_session,no_ra,W1,oas_trace_eps1e-6,,mean_decision_score,1,1,1,B3,0.7894736842105263,0.7931429681429683,1.1250267419964075,0.033665332943201,0.0005906198761965,3,231,57,False
within_session,no_ra,W1,oas_trace_eps1e-6,,mean_decision_score,1,2,2,B3,0.7192982456140351,0.7172348484848485,1.08927292493172,0.0403297750744968,0.0007075399135876,3,231,57,False
within_session,no_ra,W1,oas_trace_eps1e-6,,majority_vote_secondary,1,1,1,B3_majority,0.7719298245614035,0.7736985236985237,0.0,0.0,0.0,3,231,57,False
within_session,no_ra,W1,oas_trace_eps1e-6,,majority_vote_secondary,1,2,2,B3_majority,0.8070175438596491,0.8066287878787879,0.0,0.0,0.0,3,231,57,False
within_session,no_ra,W1,oas_trace_eps1e-6,,mean_window_log_svec,1,1,1,B4,0.7719298245614035,0.7739121989121989,0.0201725088991224,0.0004078401252627,7.155089916890128e-06,3,231,57,False
within_session,no_ra,W1,oas_trace_eps1e-6,,mean_window_log_svec,1,2,2,B4,0.7017543859649122,0.7016098484848485,0.0240550520829856,0.0005355898756533,9.396313607954145e-06,3,231,57,False
within_session,no_ra,W1,oas_trace_eps1e-6,0.0,mean_std_projection_moments,1,1,1,B5,0.7543859649122807,0.7605283605283606,0.0425869252067059,0.0005530768539756,9.703102701327255e-06,3,231,57,False
within_session,no_ra,W1,oas_trace_eps1e-6,0.0,mean_std_projection_moments,1,2,2,B5,0.8070175438596491,0.8066287878787879,0.0478277939837425,0.0006305889692157,1.1062964372206152e-05,3,231,57,False
within_session,no_ra,W1,oas_trace_eps1e-6,1.0,mean_std_projection_moments,1,1,1,B5,0.6842105263157895,0.6926379176379177,0.0443711110856384,0.0004986571148037,8.748370435154229e-06,3,231,57,False
within_session,no_ra,W1,oas_trace_eps1e-6,1.0,mean_std_projection_moments,1,2,2,B5,0.6666666666666666,0.6622159090909091,0.0465651231352239,0.0005473550409078,9.602720015927364e-06,3,231,57,False
within_session,no_ra,W1,oas_trace_eps1e-6,2.0,mean_std_projection_moments,1,1,1,B5,0.6842105263157895,0.6882284382284383,0.0438380029518157,0.0004914889577776,8.6226132943442e-06,3,231,57,False
within_session,no_ra,W1,oas_trace_eps1e-6,2.0,mean_std_projection_moments,1,2,2,B5,0.7368421052631579,0.7288825757575758,0.0423434609547257,0.0004823438357561,8.462172557126013e-06,3,231,57,False
within_session,no_ra,W1,oas_trace_eps1e-6,3.0,mean_std_projection_moments,1,1,1,B5,0.7017543859649122,0.6897824397824398,0.0428744440432637,0.0005053079221397,8.865051265609891e-06,3,231,57,False
within_session,no_ra,W1,oas_trace_eps1e-6,3.0,mean_std_projection_moments,1,2,2,B5,0.7192982456140351,0.7040719696969697,0.0499317748472094,0.0005516940727829,9.678843382157778e-06,3,231,57,False
within_session,no_ra,W1,oas_trace_eps1e-6,4.0,mean_std_projection_moments,1,1,1,B5,0.7192982456140351,0.732964257964258,0.0445635530631989,0.0005139198619872,9.016137929600582e-06,3,231,57,False
within_session,no_ra,W1,oas_trace_eps1e-6,4.0,mean_std_projection_moments,1,2,2,B5,0.631578947368421,0.6228219696969697,0.0461906248237937,0.0005732588469982,1.0057172754354643e-05,3,231,57,False
within_session,no_ra,W1,oas_trace_eps1e-6,0.0,pooled_class_measure,1,1,1,P1,0.6666666666666666,0.6708430458430458,0.0020980769768357,0.0361000089906156,0.0006333334910634,3,216,57,False
within_session,no_ra,W1,oas_trace_eps1e-6,0.0,pooled_class_measure,1,2,2,P1,0.6140350877192983,0.6122159090909091,0.0021272581070661,0.0339386889245361,0.0005954155951673,3,224,57,False
within_session,no_ra,W1,oas_trace_eps1e-6,1.0,pooled_class_measure,1,1,1,P1,0.6666666666666666,0.6496697746697747,0.0024308420252054,0.0356371928937733,0.000625213910417,3,216,57,False
within_session,no_ra,W1,oas_trace_eps1e-6,1.0,pooled_class_measure,1,2,2,P1,0.6491228070175439,0.6566287878787879,0.0020544719882309,0.0299168759956955,0.0005248574736086,3,224,57,False
within_session,no_ra,W1,oas_trace_eps1e-6,2.0,pooled_class_measure,1,1,1,P1,0.6491228070175439,0.6394910644910645,0.0020546079613268,0.0312224831432104,0.0005477628621615,3,216,57,False
within_session,no_ra,W1,oas_trace_eps1e-6,2.0,pooled_class_measure,1,2,2,P1,0.631578947368421,0.6399621212121213,0.0020925952121615,0.0363356550224125,0.0006374676319721,3,224,57,False
within_session,no_ra,W1,oas_trace_eps1e-6,3.0,pooled_class_measure,1,1,1,P1,0.6491228070175439,0.6471833721833723,0.0021878699772059,0.033750785049051,0.0005921190359482,3,216,57,False
within_session,no_ra,W1,oas_trace_eps1e-6,3.0,pooled_class_measure,1,2,2,P1,0.6140350877192983,0.6172348484848484,0.0021668779663741,0.0336365238763392,0.0005901144539708,3,224,57,False
within_session,no_ra,W1,oas_trace_eps1e-6,4.0,pooled_class_measure,1,1,1,P1,0.6491228070175439,0.6418414918414919,0.0020594459492713,0.0273530420381575,0.0004798779304939,3,216,57,False
within_session,no_ra,W1,oas_trace_eps1e-6,4.0,pooled_class_measure,1,2,2,P1,0.5263157894736842,0.5238636363636364,0.0020378441549837,0.0272151010576635,0.0004774579132923,3,224,57,False
within_session,no_ra,W1,oas_trace_eps1e-6,0.0,exact_sorted_order_statistics,1,1,1,P2,0.7017543859649122,0.6984071484071483,1.343518923036754,0.000916298944503,1.6075420079001208e-05,3,231,57,False
within_session,no_ra,W1,oas_trace_eps1e-6,0.0,exact_sorted_order_statistics,1,2,2,P2,0.7543859649122807,0.7587121212121213,1.2243169250432402,0.0008724629878997,1.5306368208768074e-05,3,231,57,False
within_session,no_ra,W1,oas_trace_eps1e-6,1.0,exact_sorted_order_statistics,1,1,1,P2,0.7017543859649122,0.7065268065268066,1.267328484915197,0.0009542370680719,1.6741001194244937e-05,3,231,57,False
within_session,no_ra,W1,oas_trace_eps1e-6,1.0,exact_sorted_order_statistics,1,2,2,P2,0.7017543859649122,0.6884469696969696,1.1972055528312922,0.0008383719250559,1.470827938694703e-05,3,231,57,False
within_session,no_ra,W1,oas_trace_eps1e-6,2.0,exact_sorted_order_statistics,1,1,1,P2,0.7017543859649122,0.6986208236208236,1.1137459201272577,0.0009111471008509,1.598503685703403e-05,3,231,57,False
within_session,no_ra,W1,oas_trace_eps1e-6,2.0,exact_sorted_order_statistics,1,2,2,P2,0.7017543859649122,0.690530303030303,0.9807198150083424,0.0008692590054124,1.525015798969227e-05,3,231,57,False
within_session,no_ra,W1,oas_trace_eps1e-6,3.0,exact_sorted_order_statistics,1,1,1,P2,0.7017543859649122,0.7044677544677544,1.2746366639621556,0.0009934189729392,1.742840303402198e-05,3,231,57,False
within_session,no_ra,W1,oas_trace_eps1e-6,3.0,exact_sorted_order_statistics,1,2,2,P2,0.7017543859649122,0.6915719696969697,1.120017196983099,0.0009197378531098,1.6135751808944503e-05,3,231,57,False
within_session,no_ra,W1,oas_trace_eps1e-6,4.0,exact_sorted_order_statistics,1,1,1,P2,0.7192982456140351,0.7239121989121988,1.1590739421080798,0.0008760429918766,1.536917529608074e-05,3,231,57,False
within_session,no_ra,W1,oas_trace_eps1e-6,4.0,exact_sorted_order_statistics,1,2,2,P2,0.6140350877192983,0.6153409090909091,1.23785753082484,0.0008042531553655,1.4109704480098004e-05,3,231,57,False
within_session,no_ra,W2,oas_trace_eps1e-6,,trial_tangent,1,1,1,B1,0.7192982456140351,0.7152874902874903,0.1928826081566512,0.0056641539558768,9.93711220329268e-05,3,231,57,False
within_session,no_ra,W2,oas_trace_eps1e-6,,trial_tangent,1,2,2,B1,0.7192982456140351,0.7172348484848485,0.2237243931740522,0.0057540910784155,0.0001009489662879,3,231,57,False
within_session,no_ra,W2,oas_trace_eps1e-6,,airm_nearest_class_mean,1,1,1,B2,0.7543859649122807,0.7546814296814297,0.1313664230983704,0.0198782919906079,0.0003487419647475,3,231,57,False
within_session,no_ra,W2,oas_trace_eps1e-6,,airm_nearest_class_mean,1,2,2,B2,0.5964912280701754,0.5823863636363636,0.1645917871501296,0.0201182479504495,0.0003529517184289,3,231,57,False
within_session,no_ra,W2,oas_trace_eps1e-6,,mean_decision_score,1,1,1,B3,0.7543859649122807,0.7546814296814297,0.6852332630660385,0.0198006778955459,0.0003473803139569,3,231,57,False
within_session,no_ra,W2,oas_trace_eps1e-6,,mean_decision_score,1,2,2,B3,0.7368421052631579,0.7328598484848485,0.6612820350565016,0.0284275121521204,0.0004987282833705,3,231,57,False
within_session,no_ra,W2,oas_trace_eps1e-6,,majority_vote_secondary,1,1,1,B3_majority,0.7017543859649122,0.7074592074592074,0.0,0.0,0.0,3,231,57,False
within_session,no_ra,W2,oas_trace_eps1e-6,,majority_vote_secondary,1,2,2,B3_majority,0.7543859649122807,0.7334280303030304,0.0,0.0,0.0,3,231,57,False
within_session,no_ra,W2,oas_trace_eps1e-6,,mean_window_log_svec,1,1,1,B4,0.7543859649122807,0.7607420357420358,0.0203767709899693,0.0004159780219197,7.297860033679426e-06,3,231,57,False
within_session,no_ra,W2,oas_trace_eps1e-6,,mean_window_log_svec,1,2,2,B4,0.7192982456140351,0.7193181818181817,0.0276326539460569,0.000525397947058,9.21750784312424e-06,3,231,57,False
within_session,no_ra,W2,oas_trace_eps1e-6,0.0,mean_std_projection_moments,1,1,1,B5,0.7368421052631579,0.7387334887334888,0.0474841389805078,0.000554583966732,9.72954327600044e-06,3,231,57,False
within_session,no_ra,W2,oas_trace_eps1e-6,0.0,mean_std_projection_moments,1,2,2,B5,0.7368421052631579,0.7410037878787878,0.0534525909461081,0.0005898931995034,1.034900350006003e-05,3,231,57,False
within_session,no_ra,W2,oas_trace_eps1e-6,1.0,mean_std_projection_moments,1,1,1,B5,0.7192982456140351,0.732964257964258,0.044860198860988,0.0005204849876463,9.13131557274283e-06,3,231,57,False
within_session,no_ra,W2,oas_trace_eps1e-6,1.0,mean_std_projection_moments,1,2,2,B5,0.7368421052631579,0.7288825757575758,0.0480297431349754,0.000602276995778,1.0566263083826032e-05,3,231,57,False
within_session,no_ra,W2,oas_trace_eps1e-6,2.0,mean_std_projection_moments,1,1,1,B5,0.6666666666666666,0.6806138306138306,0.0431461879052221,0.0005122011061757,8.985984318873339e-06,3,231,57,False
within_session,no_ra,W2,oas_trace_eps1e-6,2.0,mean_std_projection_moments,1,2,2,B5,0.6491228070175439,0.6284090909090909,0.0468364900443702,0.0005436569917947,9.53784196131062e-06,3,231,57,False
within_session,no_ra,W2,oas_trace_eps1e-6,3.0,mean_std_projection_moments,1,1,1,B5,0.5964912280701754,0.5981157731157731,0.0492075819056481,0.0005667558871209,9.943085738964247e-06,3,231,57,False
within_session,no_ra,W2,oas_trace_eps1e-6,3.0,mean_std_projection_moments,1,2,2,B5,0.7192982456140351,0.6980113636363636,0.0532596060074865,0.0006207760889083,1.0890808577338854e-05,3,231,57,False
within_session,no_ra,W2,oas_trace_eps1e-6,4.0,mean_std_projection_moments,1,1,1,B5,0.6842105263157895,0.6937839937839938,0.048138499027118,0.0006249591242522,1.09641951623193e-05,3,231,57,False
within_session,no_ra,W2,oas_trace_eps1e-6,4.0,mean_std_projection_moments,1,2,2,B5,0.631578947368421,0.6299242424242424,0.0431072439532727,0.0004875259473919,8.553086796350646e-06,3,231,57,False
within_session,no_ra,W2,oas_trace_eps1e-6,0.0,pooled_class_measure,1,1,1,P1,0.6491228070175439,0.6481157731157731,0.0012935460545122,0.0235830678138881,0.0004137380318225,3,216,57,False
within_session,no_ra,W2,oas_trace_eps1e-6,0.0,pooled_class_measure,1,2,2,P1,0.6140350877192983,0.6193181818181819,0.0011684540659189,0.0215801850426942,0.0003785997375911,3,224,57,False
within_session,no_ra,W2,oas_trace_eps1e-6,1.0,pooled_class_measure,1,1,1,P1,0.6666666666666666,0.6585081585081585,0.0012283609248697,0.017929975874722,0.0003145609802582,3,216,57,False
within_session,no_ra,W2,oas_trace_eps1e-6,1.0,pooled_class_measure,1,2,2,P1,0.5789473684210527,0.5930871212121213,0.0012054920662194,0.0212823487818241,0.000373374540032,3,224,57,False
within_session,no_ra,W2,oas_trace_eps1e-6,2.0,pooled_class_measure,1,1,1,P1,0.6491228070175439,0.6306526806526808,0.001247240928933,0.0227581840008497,0.0003992663859798,3,216,57,False
within_session,no_ra,W2,oas_trace_eps1e-6,2.0,pooled_class_measure,1,2,2,P1,0.6140350877192983,0.6243371212121213,0.0014351569116115,0.0229164180345833,0.0004020424216593,3,224,57,False
within_session,no_ra,W2,oas_trace_eps1e-6,3.0,pooled_class_measure,1,1,1,P1,0.6491228070175439,0.6383449883449884,0.0012913718819618,0.0238662529736757,0.0004187061925206,3,216,57,False
within_session,no_ra,W2,oas_trace_eps1e-6,3.0,pooled_class_measure,1,2,2,P1,0.543859649122807,0.5526515151515152,0.001139739062637,0.0165062379091978,0.0002895831212139,3,224,57,False
within_session,no_ra,W2,oas_trace_eps1e-6,4.0,pooled_class_measure,1,1,1,P1,0.6666666666666666,0.6585081585081585,0.0012482870370149,0.0205096697900444,0.0003598187682463,3,216,57,False
within_session,no_ra,W2,oas_trace_eps1e-6,4.0,pooled_class_measure,1,2,2,P1,0.5614035087719298,0.5774621212121213,0.0011599708814173,0.0166246411390602,0.0002916603708607,3,224,57,False
within_session,no_ra,W2,oas_trace_eps1e-6,0.0,exact_sorted_order_statistics,1,1,1,P2,0.7192982456140351,0.7274087024087025,0.2417273900937289,0.0007152000907808,1.2547370013699197e-05,3,231,57,False
within_session,no_ra,W2,oas_trace_eps1e-6,0.0,exact_sorted_order_statistics,1,2,2,P2,0.7017543859649122,0.7097537878787878,0.2414655829779803,0.0007089481223374,1.2437686356797551e-05,3,231,57,False
within_session,no_ra,W2,oas_trace_eps1e-6,1.0,exact_sorted_order_statistics,1,1,1,P2,0.7192982456140351,0.7301864801864802,0.2365493171382695,0.0006085231434553,1.067584462202432e-05,3,231,57,False
within_session,no_ra,W2,oas_trace_eps1e-6,1.0,exact_sorted_order_statistics,1,2,2,P2,0.7017543859649122,0.696590909090909,0.2423070920631289,0.0007412920240312,1.3005123228618971e-05,3,231,57,False
within_session,no_ra,W2,oas_trace_eps1e-6,2.0,exact_sorted_order_statistics,1,1,1,P2,0.6842105263157895,0.6849456099456099,0.2287995549850165,0.0007140678353607,1.25275058835222e-05,3,231,57,False
within_session,no_ra,W2,oas_trace_eps1e-6,2.0,exact_sorted_order_statistics,1,2,2,P2,0.6666666666666666,0.6571969696969696,0.2458951238077134,0.0008312831632792,1.4583915145250787e-05,3,231,57,False
within_session,no_ra,W2,oas_trace_eps1e-6,3.0,exact_sorted_order_statistics,1,1,1,P2,0.6140350877192983,0.6087218337218337,0.2424406690988689,0.0007730568759143,1.3562401331830444e-05,3,231,57,False
within_session,no_ra,W2,oas_trace_eps1e-6,3.0,exact_sorted_order_statistics,1,2,2,P2,0.7017543859649122,0.6934659090909091,0.2336420330684632,0.0006350851617753,1.1141844943427203e-05,3,231,57,False
within_session,no_ra,W2,oas_trace_eps1e-6,4.0,exact_sorted_order_statistics,1,1,1,P2,0.6666666666666666,0.679895104895105,0.2412566349375993,0.0006838149856775,1.1996754134694736e-05,3,231,57,False
within_session,no_ra,W2,oas_trace_eps1e-6,4.0,exact_sorted_order_statistics,1,2,2,P2,0.7543859649122807,0.7516098484848486,0.225044374121353,0.0006533428095281,1.146215455312478e-05,3,231,57,False
within_session,no_ra,W2,oas_trace_eps1e-6,,ordered_nonoverlap,1,1,1,ordered_control,0.631578947368421,0.6463480963480963,1.2039781180210412,0.0197134430054575,0.0003458498772887,3,231,57,False
within_session,no_ra,W2,oas_trace_eps1e-6,,ordered_nonoverlap,1,2,2,ordered_control,0.7368421052631579,0.7267992424242423,1.101339195854962,0.0260445631574839,0.0004569221606576,3,231,57,False
within_session,no_ra,W1,oas_trace_eps1e-6,,trial_tangent,1,1,1,B1,0.7368421052631579,0.7359775641025641,0.176286316011101,0.0057916161604225,0.00010160730106,4,231,57,False
within_session,no_ra,W1,oas_trace_eps1e-6,,trial_tangent,1,2,2,B1,0.8596491228070176,0.8565772462831286,0.2514876530040055,0.0058041361626237,0.0001018269502214,4,231,57,False
within_session,no_ra,W1,oas_trace_eps1e-6,,airm_nearest_class_mean,1,1,1,B2,0.6842105263157895,0.6750801282051282,0.131424113176763,0.0196720189414918,0.0003451231393244,4,231,57,False
within_session,no_ra,W1,oas_trace_eps1e-6,,airm_nearest_class_mean,1,2,2,B2,0.7192982456140351,0.727698771816419,0.1802015111315995,0.0327213141135871,0.0005740581423436,4,231,57,False
within_session,no_ra,W1,oas_trace_eps1e-6,,mean_decision_score,1,1,1,B3,0.7368421052631579,0.7235576923076923,1.1783674468751997,0.0428584450855851,0.0007519025453611,4,231,57,False
within_session,no_ra,W1,oas_trace_eps1e-6,,mean_decision_score,1,2,2,B3,0.8421052631578947,0.8369424692954104,1.170587755041197,0.0467123109847307,0.0008195142278022,4,231,57,False
within_session,no_ra,W1,oas_trace_eps1e-6,,majority_vote_secondary,1,1,1,B3_majority,0.7017543859649122,0.6975160256410257,0.0,0.0,0.0,4,231,57,False
within_session,no_ra,W1,oas_trace_eps1e-6,,majority_vote_secondary,1,2,2,B3_majority,0.7543859649122807,0.7575145442792501,0.0,0.0,0.0,4,231,57,False
within_session,no_ra,W1,oas_trace_eps1e-6,,mean_window_log_svec,1,1,1,B4,0.7368421052631579,0.7411858974358974,0.0207609250210225,0.0004456790629774,7.818930929428653e-06,4,231,57,False
within_session,no_ra,W1,oas_trace_eps1e-6,,mean_window_log_svec,1,2,2,B4,0.8421052631578947,0.8414673561732385,0.0234184728469699,0.000472943065688,8.297246766456387e-06,4,231,57,False
within_session,no_ra,W1,oas_trace_eps1e-6,0.0,mean_std_projection_moments,1,1,1,B5,0.7543859649122807,0.7463942307692308,0.0433797859586775,0.000511280959472,8.96984139424667e-06,4,231,57,False
within_session,no_ra,W1,oas_trace_eps1e-6,0.0,mean_std_projection_moments,1,2,2,B5,0.7719298245614035,0.7794925662572723,0.0462404571007937,0.0005650999955832,9.91403501023326e-06,4,231,57,False
within_session,no_ra,W1,oas_trace_eps1e-6,1.0,mean_std_projection_moments,1,1,1,B5,0.6842105263157895,0.6802884615384616,0.0448607699945569,0.0005411130841821,9.493212003195497e-06,4,231,57,False
within_session,no_ra,W1,oas_trace_eps1e-6,1.0,mean_std_projection_moments,1,2,2,B5,0.7543859649122807,0.7557369101486748,0.0467488300055265,0.0005117419641464,8.977929195552542e-06,4,231,57,False
within_session,no_ra,W1,oas_trace_eps1e-6,2.0,mean_std_projection_moments,1,1,1,B5,0.7192982456140351,0.7135416666666667,0.0424635307863354,0.000439858995378,7.716824480316095e-06,4,231,57,False
within_session,no_ra,W1,oas_trace_eps1e-6,2.0,mean_std_projection_moments,1,2,2,B5,0.7192982456140351,0.7281027795733678,0.046620822045952,0.0005667158402502,9.942383162285152e-06,4,231,57,False
within_session,no_ra,W1,oas_trace_eps1e-6,3.0,mean_std_projection_moments,1,1,1,B5,0.7894736842105263,0.7880608974358974,0.0428440698888152,0.0004921639338135,8.634454979185472e-06,4,231,57,False
within_session,no_ra,W1,oas_trace_eps1e-6,3.0,mean_std_projection_moments,1,2,2,B5,0.7719298245614035,0.7735940530058177,0.0420807129703462,0.0004998119547963,8.76863078590025e-06,4,231,57,False
within_session,no_ra,W1,oas_trace_eps1e-6,4.0,mean_std_projection_moments,1,1,1,B5,0.7017543859649122,0.6995192307692308,0.0457870929967612,0.0005244489293545,9.20085840972892e-06,4,231,57,False
within_session,no_ra,W1,oas_trace_eps1e-6,4.0,mean_std_projection_moments,1,2,2,B5,0.6491228070175439,0.6598254686489982,0.0430532922036945,0.0004838670138269,8.488894979420461e-06,4,231,57,False
within_session,no_ra,W1,oas_trace_eps1e-6,0.0,pooled_class_measure,1,1,1,P1,0.6140350877192983,0.6021634615384616,0.0026254439726471,0.0371869201771914,0.0006524021083717,4,224,57,False
within_session,no_ra,W1,oas_trace_eps1e-6,0.0,pooled_class_measure,1,2,2,P1,0.7017543859649122,0.7125888817065288,0.0024218270555138,0.0427530128508806,0.0007500528570329,4,220,57,False
within_session,no_ra,W1,oas_trace_eps1e-6,1.0,pooled_class_measure,1,1,1,P1,0.6666666666666666,0.6578525641025641,0.0020753310527652,0.0281473351642489,0.0004938128976184,4,224,57,False
within_session,no_ra,W1,oas_trace_eps1e-6,1.0,pooled_class_measure,1,2,2,P1,0.6842105263157895,0.6874595992243051,0.0023756760638207,0.0354747141245752,0.0006223634056943,4,220,57,False
within_session,no_ra,W1,oas_trace_eps1e-6,2.0,pooled_class_measure,1,1,1,P1,0.6491228070175439,0.6510416666666667,0.0020498889498412,0.0286962590180337,0.0005034431406672,4,224,57,False
within_session,no_ra,W1,oas_trace_eps1e-6,2.0,pooled_class_measure,1,2,2,P1,0.631578947368421,0.6338881706528765,0.0019921408966183,0.0298800820019096,0.0005242119649457,4,220,57,False
within_session,no_ra,W1,oas_trace_eps1e-6,3.0,pooled_class_measure,1,1,1,P1,0.631578947368421,0.6318108974358975,0.002190998988226,0.0329653040971607,0.0005783386683712,4,224,57,False
within_session,no_ra,W1,oas_trace_eps1e-6,3.0,pooled_class_measure,1,2,2,P1,0.7017543859649122,0.7080639948287006,0.0020107158925384,0.0312018180266022,0.0005474003162561,4,220,57,False
within_session,no_ra,W1,oas_trace_eps1e-6,4.0,pooled_class_measure,1,1,1,P1,0.7017543859649122,0.703125,0.0021571989636868,0.0378007299732416,0.0006631707012849,4,224,57,False
within_session,no_ra,W1,oas_trace_eps1e-6,4.0,pooled_class_measure,1,2,2,P1,0.6842105263157895,0.6933581124757595,0.0020789040718227,0.0395975590217858,0.000694694017926,4,220,57,False
within_session,no_ra,W1,oas_trace_eps1e-6,0.0,exact_sorted_order_statistics,1,1,1,P2,0.7894736842105263,0.7916666666666666,1.317584466887638,0.001020791940391,1.7908630533176556e-05,4,231,57,False
within_session,no_ra,W1,oas_trace_eps1e-6,0.0,exact_sorted_order_statistics,1,2,2,P2,0.7543859649122807,0.7647866839043309,1.1360858280677348,0.0011222979519516,1.9689437753537243e-05,4,231,57,False
within_session,no_ra,W1,oas_trace_eps1e-6,1.0,exact_sorted_order_statistics,1,1,1,P2,0.7017543859649122,0.7011217948717949,1.2314024560619146,0.0009834389202296,1.725331438999427e-05,4,231,57,False
within_session,no_ra,W1,oas_trace_eps1e-6,1.0,exact_sorted_order_statistics,1,2,2,P2,0.7719298245614035,0.774967679379444,1.2607434038072824,0.0010764729231595,1.888548987999297e-05,4,231,57,False
within_session,no_ra,W1,oas_trace_eps1e-6,2.0,exact_sorted_order_statistics,1,1,1,P2,0.7543859649122807,0.7411858974358975,0.960449127946049,0.0009071310050785,1.5914579036465864e-05,4,231,57,False
within_session,no_ra,W1,oas_trace_eps1e-6,2.0,exact_sorted_order_statistics,1,2,2,P2,0.7543859649122807,0.7529896574014221,1.0205696639604869,0.000875512138009,1.5359862070334585e-05,4,231,57,False
within_session,no_ra,W1,oas_trace_eps1e-6,3.0,exact_sorted_order_statistics,1,1,1,P2,0.7543859649122807,0.7516025641025641,1.152335125952959,0.0009343321435153,1.639179199149734e-05,4,231,57,False
within_session,no_ra,W1,oas_trace_eps1e-6,3.0,exact_sorted_order_statistics,1,2,2,P2,0.7894736842105263,0.7837750484809308,1.296201836084947,0.0009497120045125,1.6661614114255236e-05,4,231,57,False
within_session,no_ra,W1,oas_trace_eps1e-6,4.0,exact_sorted_order_statistics,1,1,1,P2,0.7017543859649122,0.7047275641025641,1.081731165992096,0.0010981911327689,1.9266511101210326e-05,4,231,57,False
within_session,no_ra,W1,oas_trace_eps1e-6,4.0,exact_sorted_order_statistics,1,2,2,P2,0.7017543859649122,0.7053167420814481,1.1833941510412842,0.000941848848015,1.6523664000264387e-05,4,231,57,False
within_session,no_ra,W2,oas_trace_eps1e-6,,trial_tangent,1,1,1,B1,0.7368421052631579,0.7359775641025641,0.1922206641174852,0.0055965059436857,9.818431480150474e-05,4,231,57,False
within_session,no_ra,W2,oas_trace_eps1e-6,,trial_tangent,1,2,2,B1,0.8596491228070176,0.8565772462831286,0.2201657281257212,0.0058935289271175,0.0001033952443353,4,231,57,False
within_session,no_ra,W2,oas_trace_eps1e-6,,airm_nearest_class_mean,1,1,1,B2,0.6842105263157895,0.6750801282051282,0.1396138770505786,0.0279727070592343,0.0004907492466532,4,231,57,False
within_session,no_ra,W2,oas_trace_eps1e-6,,airm_nearest_class_mean,1,2,2,B2,0.7192982456140351,0.727698771816419,0.1414455510675907,0.0201232039835304,0.0003530386663777,4,231,57,False
within_session,no_ra,W2,oas_trace_eps1e-6,,mean_decision_score,1,1,1,B3,0.7192982456140351,0.7151442307692308,0.6776027460582554,0.0217092691455036,0.0003808643709737,4,231,57,False
within_session,no_ra,W2,oas_trace_eps1e-6,,mean_decision_score,1,2,2,B3,0.8596491228070176,0.8638493859082095,0.6957522591110319,0.0205552708357572,0.0003606187865922,4,231,57,False
within_session,no_ra,W2,oas_trace_eps1e-6,,majority_vote_secondary,1,1,1,B3_majority,0.7017543859649122,0.6955128205128205,0.0,0.0,0.0,4,231,57,False
within_session,no_ra,W2,oas_trace_eps1e-6,,majority_vote_secondary,1,2,2,B3_majority,0.7719298245614035,0.7635746606334842,0.0,0.0,0.0,4,231,57,False
within_session,no_ra,W2,oas_trace_eps1e-6,,mean_window_log_svec,1,1,1,B4,0.6491228070175439,0.6422275641025641,0.0309264508541673,0.0005756239406764,1.0098665625902645e-05,4,231,57,False
within_session,no_ra,W2,oas_trace_eps1e-6,,mean_window_log_svec,1,2,2,B4,0.7543859649122807,0.7557369101486748,0.0209855639841407,0.0004493040032684,7.882526373131233e-06,4,231,57,False
within_session,no_ra,W2,oas_trace_eps1e-6,0.0,mean_std_projection_moments,1,1,1,B5,0.6491228070175439,0.6474358974358975,0.0488054919987916,0.0006108039524406,1.071585881474771e-05,4,231,57,False
within_session,no_ra,W2,oas_trace_eps1e-6,0.0,mean_std_projection_moments,1,2,2,B5,0.7719298245614035,0.7853910795087267,0.0476598341483622,0.0005473739001899,9.603050880526242e-06,4,231,57,False
within_session,no_ra,W2,oas_trace_eps1e-6,1.0,mean_std_projection_moments,1,1,1,B5,0.6491228070175439,0.6474358974358975,0.0484092279803007,0.0005519059486687,9.682560502959972e-06,4,231,57,False
within_session,no_ra,W2,oas_trace_eps1e-6,1.0,mean_std_projection_moments,1,2,2,B5,0.7017543859649122,0.7039431157078216,0.0507916409987956,0.000501160044223,8.792281477597722e-06,4,231,57,False
within_session,no_ra,W2,oas_trace_eps1e-6,2.0,mean_std_projection_moments,1,1,1,B5,0.7719298245614035,0.765625,0.0470284158363938,0.0005398509092628,9.471068583559572e-06,4,231,57,False
within_session,no_ra,W2,oas_trace_eps1e-6,2.0,mean_std_projection_moments,1,2,2,B5,0.7192982456140351,0.7340012928248223,0.0542526929639279,0.0005277739837765,9.25919269783455e-06,4,231,57,False
within_session,no_ra,W2,oas_trace_eps1e-6,3.0,mean_std_projection_moments,1,1,1,B5,0.6842105263157895,0.6891025641025641,0.046406399924308,0.0006283440161496,1.102357923069544e-05,4,231,57,False
within_session,no_ra,W2,oas_trace_eps1e-6,3.0,mean_std_projection_moments,1,2,2,B5,0.7192982456140351,0.7263251454427925,0.0556899858638644,0.0006539861205965,1.147344071221979e-05,4,231,57,False
within_session,no_ra,W2,oas_trace_eps1e-6,4.0,mean_std_projection_moments,1,1,1,B5,0.6140350877192983,0.6073717948717948,0.0495453719049692,0.000696619041264,1.2221386688843108e-05,4,231,57,False
within_session,no_ra,W2,oas_trace_eps1e-6,4.0,mean_std_projection_moments,1,2,2,B5,0.5964912280701754,0.6111829347123465,0.0554507679771631,0.0006589798722416,1.1561050390203794e-05,4,231,57,False
within_session,no_ra,W2,oas_trace_eps1e-6,0.0,pooled_class_measure,1,1,1,P1,0.631578947368421,0.6266025641025641,0.0017217809800058,0.0248694370966404,0.0004363059139761,4,224,57,False
within_session,no_ra,W2,oas_trace_eps1e-6,0.0,pooled_class_measure,1,2,2,P1,0.7017543859649122,0.7094376212023271,0.0015686720144003,0.0205579670146107,0.0003606660879756,4,220,57,False
within_session,no_ra,W2,oas_trace_eps1e-6,1.0,pooled_class_measure,1,1,1,P1,0.6140350877192983,0.6057692307692308,0.0011621420271694,0.0210944938007742,0.00037007883861,4,224,57,False
within_session,no_ra,W2,oas_trace_eps1e-6,1.0,pooled_class_measure,1,2,2,P1,0.7368421052631579,0.7392533936651584,0.0016017879825085,0.023815345019102,0.0004178130705105,4,220,57,False
within_session,no_ra,W2,oas_trace_eps1e-6,2.0,pooled_class_measure,1,1,1,P1,0.631578947368421,0.6266025641025641,0.0014769241679459,0.0232886208686977,0.000408572295942,4,224,57,False
within_session,no_ra,W2,oas_trace_eps1e-6,2.0,pooled_class_measure,1,2,2,P1,0.6140350877192983,0.6146574014221073,0.0013411447871476,0.0245131819974631,0.0004300558245168,4,220,57,False
within_session,no_ra,W2,oas_trace_eps1e-6,3.0,pooled_class_measure,1,1,1,P1,0.6491228070175439,0.6490384615384616,0.0012044610921293,0.0240195121150463,0.0004213949493867,4,224,57,False
within_session,no_ra,W2,oas_trace_eps1e-6,3.0,pooled_class_measure,1,2,2,P1,0.6666666666666666,0.6709760827407887,0.0013369130901992,0.0217558580916374,0.0003816817209059,4,220,57,False
within_session,no_ra,W2,oas_trace_eps1e-6,4.0,pooled_class_measure,1,1,1,P1,0.7017543859649122,0.6995192307692308,0.0011292558629065,0.0163908009417355,0.0002875579112585,4,224,57,False
within_session,no_ra,W2,oas_trace_eps1e-6,4.0,pooled_class_measure,1,2,2,P1,0.6491228070175439,0.6531189398836458,0.0012838221155107,0.0202110349200665,0.0003545795600011,4,220,57,False
within_session,no_ra,W2,oas_trace_eps1e-6,0.0,exact_sorted_order_statistics,1,1,1,P2,0.7017543859649122,0.703125,0.2546004680916667,0.0007335189729928,1.2868753912156089e-05,4,231,57,False
within_session,no_ra,W2,oas_trace_eps1e-6,0.0,exact_sorted_order_statistics,1,2,2,P2,0.8070175438596491,0.8089043309631545,0.2445505929645151,0.0007619077805429,1.336680316742052e-05,4,231,57,False
within_session,no_ra,W2,oas_trace_eps1e-6,1.0,exact_sorted_order_statistics,1,1,1,P2,0.6666666666666666,0.6646634615384616,0.2383514670655131,0.0006866820622235,1.204705372322024e-05,4,231,57,False
within_session,no_ra,W2,oas_trace_eps1e-6,1.0,exact_sorted_order_statistics,1,2,2,P2,0.7368421052631579,0.7396574014221073,0.2320050608832389,0.0008207580540329,1.4399264105840734e-05,4,231,57,False
within_session,no_ra,W2,oas_trace_eps1e-6,2.0,exact_sorted_order_statistics,1,1,1,P2,0.7368421052631579,0.7307692307692308,0.2401554738171398,0.0007458738982677,1.308550698715344e-05,4,231,57,False
within_session,no_ra,W2,oas_trace_eps1e-6,2.0,exact_sorted_order_statistics,1,2,2,P2,0.7719298245614035,0.7690691661279897,0.2305936322081834,0.0007879140321165,1.3823053195026884e-05,4,231,57,False
within_session,no_ra,W2,oas_trace_eps1e-6,3.0,exact_sorted_order_statistics,1,1,1,P2,0.7368421052631579,0.7359775641025641,0.2450235611759126,0.0007432191632688,1.3038932688926396e-05,4,231,57,False
within_session,no_ra,W2,oas_trace_eps1e-6,3.0,exact_sorted_order_statistics,1,2,2,P2,0.7368421052631579,0.7365061409179056,0.2368694748729467,0.0008114259690046,1.423554331587072e-05,4,231,57,False
within_session,no_ra,W2,oas_trace_eps1e-6,4.0,exact_sorted_order_statistics,1,1,1,P2,0.5964912280701754,0.5901442307692308,0.2492226369213313,0.0007333869580179,1.2866437859963953e-05,4,231,57,False
within_session,no_ra,W2,oas_trace_eps1e-6,4.0,exact_sorted_order_statistics,1,2,2,P2,0.6140350877192983,0.6394634776987719,0.233649549074471,0.0006792591884732,1.191682786795131e-05,4,231,57,False
within_session,no_ra,W2,oas_trace_eps1e-6,,ordered_nonoverlap,1,1,1,ordered_control,0.7719298245614035,0.7724358974358974,1.2635035270359367,0.0200742599554359,0.0003521799992181,4,231,57,False
within_session,no_ra,W2,oas_trace_eps1e-6,,ordered_nonoverlap,1,2,2,ordered_control,0.7719298245614035,0.7676955397543632,1.1087343089748174,0.0196544900536537,0.0003448156149763,4,231,57,False
within_session,no_ra,W1,oas_trace_eps1e-6,,trial_tangent,2,1,1,B1,0.4827586206896552,0.4773755656108597,0.1973357538226992,0.0058260459918528,0.000100449068825,0,230,58,False
within_session,no_ra,W1,oas_trace_eps1e-6,,trial_tangent,2,2,2,B1,0.6896551724137931,0.6828054298642533,0.2142199140507728,0.0080758279655128,0.0001392384131984,0,230,58,False
within_session,no_ra,W1,oas_trace_eps1e-6,,airm_nearest_class_mean,2,1,1,B2,0.5862068965517241,0.579185520361991,0.1420482120011001,0.0261782461311668,0.000451349071227,0,230,58,False
within_session,no_ra,W1,oas_trace_eps1e-6,,airm_nearest_class_mean,2,2,2,B2,0.4655172413793103,0.4418552036199095,0.1601161120925098,0.0202628870029002,0.0003493601207396,0,230,58,False
within_session,no_ra,W1,oas_trace_eps1e-6,,mean_decision_score,2,1,1,B3,0.5344827586206896,0.5285822021116139,1.1497937091626227,0.0345855511259287,0.0005963026056194,0,230,58,False
within_session,no_ra,W1,oas_trace_eps1e-6,,mean_decision_score,2,2,2,B3,0.6896551724137931,0.6918552036199095,1.176294483942911,0.0354120868723839,0.0006105532219376,0,230,58,False
within_session,no_ra,W1,oas_trace_eps1e-6,,majority_vote_secondary,2,1,1,B3_majority,0.4827586206896552,0.4844645550527903,0.0,0.0,0.0,0,230,58,False
within_session,no_ra,W1,oas_trace_eps1e-6,,majority_vote_secondary,2,2,2,B3_majority,0.6551724137931034,0.657315233785822,0.0,0.0,0.0,0,230,58,False
within_session,no_ra,W1,oas_trace_eps1e-6,,mean_window_log_svec,2,1,1,B4,0.5689655172413793,0.5670437405731523,0.0200498399790376,0.0003967459779232,6.840447895228863e-06,0,230,58,False
within_session,no_ra,W1,oas_trace_eps1e-6,,mean_window_log_svec,2,2,2,B4,0.603448275862069,0.6008295625942686,0.0196339839603751,0.0003528939560055,6.084378551820229e-06,0,230,58,False
within_session,no_ra,W1,oas_trace_eps1e-6,0.0,mean_std_projection_moments,2,1,1,B5,0.5344827586206896,0.5311463046757164,0.0417782890144735,0.0005105808377265,8.80311789183781e-06,0,230,58,False
within_session,no_ra,W1,oas_trace_eps1e-6,0.0,mean_std_projection_moments,2,2,2,B5,0.5172413793103449,0.5176470588235293,0.044694768032059,0.0006017619743943,1.0375206455074509e-05,0,230,58,False
within_session,no_ra,W1,oas_trace_eps1e-6,1.0,mean_std_projection_moments,2,1,1,B5,0.5,0.4952488687782805,0.0446794531308114,0.0005175080150365,8.92255198338936e-06,0,230,58,False
within_session,no_ra,W1,oas_trace_eps1e-6,1.0,mean_std_projection_moments,2,2,2,B5,0.4310344827586206,0.4350678733031674,0.0525027578696608,0.0006523169577121,1.124684409848575e-05,0,230,58,False
within_session,no_ra,W1,oas_trace_eps1e-6,2.0,mean_std_projection_moments,2,1,1,B5,0.4655172413793103,0.4658371040723982,0.045692770043388,0.0005546279717236,9.5625512366151e-06,0,230,58,False
within_session,no_ra,W1,oas_trace_eps1e-6,2.0,mean_std_projection_moments,2,2,2,B5,0.4482758620689655,0.4529411764705882,0.0461674740072339,0.0005913679488003,1.019599911724699e-05,0,230,58,False
within_session,no_ra,W1,oas_trace_eps1e-6,3.0,mean_std_projection_moments,2,1,1,B5,0.5344827586206896,0.5233031674208145,0.044087653979659,0.0005018699448555,8.652930083716737e-06,0,230,58,False
within_session,no_ra,W1,oas_trace_eps1e-6,3.0,mean_std_projection_moments,2,2,2,B5,0.4310344827586206,0.4407993966817496,0.0516817388124764,0.0006110090762376,1.0534639245477217e-05,0,230,58,False
within_session,no_ra,W1,oas_trace_eps1e-6,4.0,mean_std_projection_moments,2,1,1,B5,0.4827586206896552,0.4720965309200603,0.0433224309235811,0.0005303609650582,9.144154569969096e-06,0,230,58,False
within_session,no_ra,W1,oas_trace_eps1e-6,4.0,mean_std_projection_moments,2,2,2,B5,0.4827586206896552,0.4894419306184012,0.0461547339800745,0.0006095739081501,1.0509894968106828e-05,0,230,58,False
within_session,no_ra,W1,oas_trace_eps1e-6,0.0,pooled_class_measure,2,1,1,P1,0.4482758620689655,0.4355957767722473,0.0020105091389268,0.0319789410568773,0.0005513610527047,0,220,58,False
within_session,no_ra,W1,oas_trace_eps1e-6,0.0,pooled_class_measure,2,2,2,P1,0.396551724137931,0.405656108597285,0.0020469429437071,0.0389346368610858,0.0006712868424325,0,220,58,False
within_session,no_ra,W1,oas_trace_eps1e-6,1.0,pooled_class_measure,2,1,1,P1,0.4482758620689655,0.4395173453996984,0.0020925791468471,0.0331788279581815,0.0005720487578996,0,220,58,False
within_session,no_ra,W1,oas_trace_eps1e-6,1.0,pooled_class_measure,2,2,2,P1,0.3275862068965517,0.3423076923076923,0.0024638371542096,0.0403804869856685,0.0006962152928563,0,220,58,False
within_session,no_ra,W1,oas_trace_eps1e-6,2.0,pooled_class_measure,2,1,1,P1,0.4655172413793103,0.4593514328808447,0.0020151049830019,0.0357541411649435,0.0006164507097404,0,220,58,False
within_session,no_ra,W1,oas_trace_eps1e-6,2.0,pooled_class_measure,2,2,2,P1,0.3620689655172414,0.3807692307692307,0.0020599639974534,0.0332686291076242,0.0005735970535797,0,220,58,False
within_session,no_ra,W1,oas_trace_eps1e-6,3.0,pooled_class_measure,2,1,1,P1,0.5172413793103449,0.5028657616892911,0.0020374390296638,0.0352118271403014,0.0006071004679362,0,220,58,False
within_session,no_ra,W1,oas_trace_eps1e-6,3.0,pooled_class_measure,2,2,2,P1,0.3620689655172414,0.3691553544494721,0.0024616031441837,0.0386448600329458,0.0006662906902232,0,220,58,False
within_session,no_ra,W1,oas_trace_eps1e-6,4.0,pooled_class_measure,2,1,1,P1,0.5172413793103449,0.5093514328808447,0.002010486787185,0.0322704438585788,0.0005563869630789,0,220,58,False
within_session,no_ra,W1,oas_trace_eps1e-6,4.0,pooled_class_measure,2,2,2,P1,0.293103448275862,0.3038461538461539,0.0020411808509379,0.0335415902081877,0.0005783032794515,0,220,58,False
within_session,no_ra,W1,oas_trace_eps1e-6,0.0,exact_sorted_order_statistics,2,1,1,P2,0.5689655172413793,0.5656862745098039,1.1888381231110543,0.0009082029573619,1.565867167865408e-05,0,230,58,False
within_session,no_ra,W1,oas_trace_eps1e-6,0.0,exact_sorted_order_statistics,2,2,2,P2,0.5689655172413793,0.5611613876319759,1.0068826170172542,0.0009656529873609,1.664918943725783e-05,0,230,58,False
within_session,no_ra,W1,oas_trace_eps1e-6,1.0,exact_sorted_order_statistics,2,1,1,P2,0.4137931034482758,0.414630467571644,1.0525481440126896,0.0009340390097349,1.6104120857499796e-05,0,230,58,False
within_session,no_ra,W1,oas_trace_eps1e-6,1.0,exact_sorted_order_statistics,2,2,2,P2,0.5517241379310345,0.5496229260935143,1.0486562480218709,0.001080015907064,1.862096391489793e-05,0,230,58,False
within_session,no_ra,W1,oas_trace_eps1e-6,2.0,exact_sorted_order_statistics,2,1,1,P2,0.5172413793103449,0.5254901960784314,1.0535284040961417,0.0009520889725536,1.641532711299329e-05,0,230,58,False
within_session,no_ra,W1,oas_trace_eps1e-6,2.0,exact_sorted_order_statistics,2,2,2,P2,0.4827586206896552,0.4959276018099547,1.0635703331790864,0.0009029901120811,1.5568795035882242e-05,0,230,58,False
within_session,no_ra,W1,oas_trace_eps1e-6,3.0,exact_sorted_order_statistics,2,1,1,P2,0.4827586206896552,0.4791855203619909,1.084983656881377,0.0009386509191244,1.6183636536629037e-05,0,230,58,False
within_session,no_ra,W1,oas_trace_eps1e-6,3.0,exact_sorted_order_statistics,2,2,2,P2,0.4655172413793103,0.4676470588235294,1.0811886300798506,0.0011366829276084,1.9597981510491208e-05,0,230,58,False
within_session,no_ra,W1,oas_trace_eps1e-6,4.0,exact_sorted_order_statistics,2,1,1,P2,0.5172413793103449,0.5099547511312217,0.999780602985993,0.0009043819736689,1.559279264946436e-05,0,230,58,False
within_session,no_ra,W1,oas_trace_eps1e-6,4.0,exact_sorted_order_statistics,2,2,2,P2,0.5,0.5106334841628959,1.1452631710562855,0.0009713801555335,1.6747933716095728e-05,0,230,58,False
within_session,no_ra,W2,oas_trace_eps1e-6,,trial_tangent,2,1,1,B1,0.4827586206896552,0.4773755656108597,0.1953427710104733,0.0059366631321609,0.0001023562608993,0,230,58,False
within_session,no_ra,W2,oas_trace_eps1e-6,,trial_tangent,2,2,2,B1,0.6896551724137931,0.6828054298642533,0.1861582200508564,0.0058549970854073,0.0001009482256104,0,230,58,False
within_session,no_ra,W2,oas_trace_eps1e-6,,airm_nearest_class_mean,2,1,1,B2,0.5862068965517241,0.579185520361991,0.1594134108163416,0.0279087568633258,0.0004811854631607,0,230,58,False
within_session,no_ra,W2,oas_trace_eps1e-6,,airm_nearest_class_mean,2,2,2,B2,0.4655172413793103,0.4418552036199095,0.1464540169108659,0.028271306073293,0.0004874363116085,0,230,58,False
within_session,no_ra,W2,oas_trace_eps1e-6,,mean_decision_score,2,1,1,B3,0.5344827586206896,0.5285822021116139,0.7121026611421257,0.0211798618547618,0.0003651700319786,0,230,58,False
within_session,no_ra,W2,oas_trace_eps1e-6,,mean_decision_score,2,2,2,B3,0.6551724137931034,0.6514328808446455,0.639268851839006,0.0212853150442242,0.0003669881904176,0,230,58,False
within_session,no_ra,W2,oas_trace_eps1e-6,,majority_vote_secondary,2,1,1,B3_majority,0.5172413793103449,0.5138763197586727,0.0,0.0,0.0,0,230,58,False
within_session,no_ra,W2,oas_trace_eps1e-6,,majority_vote_secondary,2,2,2,B3_majority,0.5689655172413793,0.5727752639517345,0.0,0.0,0.0,0,230,58,False
within_session,no_ra,W2,oas_trace_eps1e-6,,mean_window_log_svec,2,1,1,B4,0.5862068965517241,0.5862745098039216,0.0202303789556026,0.0004245811142027,7.3203640379782385e-06,0,230,58,False
within_session,no_ra,W2,oas_trace_eps1e-6,,mean_window_log_svec,2,2,2,B4,0.5172413793103449,0.5117647058823529,0.0206487290561199,0.0004374149721115,7.5416374501997025e-06,0,230,58,False
within_session,no_ra,W2,oas_trace_eps1e-6,0.0,mean_std_projection_moments,2,1,1,B5,0.603448275862069,0.6015837104072399,0.053219276946038,0.0005648199003189,9.738274143430691e-06,0,230,58,False
within_session,no_ra,W2,oas_trace_eps1e-6,0.0,mean_std_projection_moments,2,2,2,B5,0.5172413793103449,0.52473604826546,0.0462476748507469,0.0005605272017419,9.66426209899886e-06,0,230,58,False
within_session,no_ra,W2,oas_trace_eps1e-6,1.0,mean_std_projection_moments,2,1,1,B5,0.4827586206896552,0.4831070889894419,0.0507719300221651,0.0006641868967562,1.145149821993606e-05,0,230,58,False
within_session,no_ra,W2,oas_trace_eps1e-6,1.0,mean_std_projection_moments,2,2,2,B5,0.4827586206896552,0.479788838612368,0.0451256220694631,0.0005382839590311,9.280757914329396e-06,0,230,58,False
within_session,no_ra,W2,oas_trace_eps1e-6,2.0,mean_std_projection_moments,2,1,1,B5,0.5,0.4926847662141779,0.0503933371510356,0.0006191758438944,1.0675445584387616e-05,0,230,58,False
within_session,no_ra,W2,oas_trace_eps1e-6,2.0,mean_std_projection_moments,2,2,2,B5,0.4827586206896552,0.4888386123680241,0.0448042610660195,0.0005532049108296,9.538015703959713e-06,0,230,58,False
within_session,no_ra,W2,oas_trace_eps1e-6,3.0,mean_std_projection_moments,2,1,1,B5,0.4310344827586206,0.4279788838612368,0.0470532269682735,0.0006464249454438,1.11452576800667e-05,0,230,58,False
within_session,no_ra,W2,oas_trace_eps1e-6,3.0,mean_std_projection_moments,2,2,2,B5,0.4137931034482758,0.4170437405731523,0.0450886690523475,0.0005349828861653,9.223842864920351e-06,0,230,58,False
within_session,no_ra,W2,oas_trace_eps1e-6,4.0,mean_std_projection_moments,2,1,1,B5,0.603448275862069,0.5919306184012066,0.0457216880749911,0.0006100498139858,1.0518100241134908e-05,0,230,58,False
within_session,no_ra,W2,oas_trace_eps1e-6,4.0,mean_std_projection_moments,2,2,2,B5,0.5,0.5009803921568627,0.0465733101591467,0.0005846000276505,1.0079310821561978e-05,0,230,58,False
within_session,no_ra,W2,oas_trace_eps1e-6,0.0,pooled_class_measure,2,1,1,P1,0.4482758620689655,0.4355957767722473,0.0015773219056427,0.0222953602205961,0.000384402762424,0,220,58,False
within_session,no_ra,W2,oas_trace_eps1e-6,0.0,pooled_class_measure,2,2,2,P1,0.3448275862068966,0.3615384615384615,0.0012659050989896,0.0200944179669022,0.0003464554821879,0,220,58,False
within_session,no_ra,W2,oas_trace_eps1e-6,1.0,pooled_class_measure,2,1,1,P1,0.4827586206896552,0.4669683257918552,0.0013043929357081,0.0205289591103792,0.0003539475708686,0,220,58,False
within_session,no_ra,W2,oas_trace_eps1e-6,1.0,pooled_class_measure,2,2,2,P1,0.3275862068965517,0.3423076923076923,0.0013160139787942,0.0184646400157362,0.0003183558623402,0,220,58,False
within_session,no_ra,W2,oas_trace_eps1e-6,2.0,pooled_class_measure,2,1,1,P1,0.4482758620689655,0.4401206636500754,0.0013387089129537,0.0210663259495049,0.0003632125163707,0,220,58,False
within_session,no_ra,W2,oas_trace_eps1e-6,2.0,pooled_class_measure,2,2,2,P1,0.3620689655172414,0.3807692307692307,0.0012936999555677,0.0196043190080672,0.000338005500139,0,220,58,False
within_session,no_ra,W2,oas_trace_eps1e-6,3.0,pooled_class_measure,2,1,1,P1,0.5172413793103449,0.5028657616892911,0.0013318760320544,0.0223875981755554,0.0003859930719923,0,220,58,False
within_session,no_ra,W2,oas_trace_eps1e-6,3.0,pooled_class_measure,2,2,2,P1,0.3275862068965517,0.3423076923076923,0.0012997009325772,0.021092627197504,0.0003636659861638,0,220,58,False
within_session,no_ra,W2,oas_trace_eps1e-6,4.0,pooled_class_measure,2,1,1,P1,0.5172413793103449,0.497737556561086,0.0013194910716265,0.0223715819884091,0.0003857169308346,0,220,58,False
within_session,no_ra,W2,oas_trace_eps1e-6,4.0,pooled_class_measure,2,2,2,P1,0.293103448275862,0.3064102564102564,0.0016223380807787,0.024808436166495,0.000427731658043,0,220,58,False
within_session,no_ra,W2,oas_trace_eps1e-6,0.0,exact_sorted_order_statistics,2,1,1,P2,0.5517241379310345,0.5509803921568627,0.2520690790843218,0.0007813640404492,1.347179380084934e-05,0,230,58,False
within_session,no_ra,W2,oas_trace_eps1e-6,0.0,exact_sorted_order_statistics,2,2,2,P2,0.4655172413793103,0.4650829562594268,0.2442989409901201,0.0006978651508688,1.2032157773601598e-05,0,230,58,False
within_session,no_ra,W2,oas_trace_eps1e-6,1.0,exact_sorted_order_statistics,2,1,1,P2,0.4655172413793103,0.4703619909502262,0.2282296139746904,0.0007524569518864,1.2973395722179576e-05,0,230,58,False
within_session,no_ra,W2,oas_trace_eps1e-6,1.0,exact_sorted_order_statistics,2,2,2,P2,0.6206896551724138,0.6149321266968326,0.2322608618997037,0.0007467260584235,1.2874587214198606e-05,0,230,58,False
within_session,no_ra,W2,oas_trace_eps1e-6,2.0,exact_sorted_order_statistics,2,1,1,P2,0.5172413793103449,0.5119155354449472,0.23698894190602,0.0007377450820058,1.2719742793204455e-05,0,230,58,False
within_session,no_ra,W2,oas_trace_eps1e-6,2.0,exact_sorted_order_statistics,2,2,2,P2,0.5344827586206896,0.5414027149321267,0.2317735708784312,0.0006860031280666,1.1827640139080328e-05,0,230,58,False
within_session,no_ra,W2,oas_trace_eps1e-6,3.0,exact_sorted_order_statistics,2,1,1,P2,0.5,0.4984162895927602,0.2445319630205631,0.000727750826627,1.254742804529338e-05,0,230,58,False
within_session,no_ra,W2,oas_trace_eps1e-6,3.0,exact_sorted_order_statistics,2,2,2,P2,0.4655172413793103,0.4676470588235294,0.2326469761319458,0.0007371851243078,1.2710088350135705e-05,0,230,58,False
within_session,no_ra,W2,oas_trace_eps1e-6,4.0,exact_sorted_order_statistics,2,1,1,P2,0.5517241379310345,0.5387631975867271,0.2536683999933302,0.0007430370897054,1.2810984305266676e-05,0,230,58,False
within_session,no_ra,W2,oas_trace_eps1e-6,4.0,exact_sorted_order_statistics,2,2,2,P2,0.4310344827586206,0.429788838612368,0.2437771840486675,0.0008937688544392,1.540980783515963e-05,0,230,58,False
within_session,no_ra,W2,oas_trace_eps1e-6,,ordered_nonoverlap,2,1,1,ordered_control,0.5517241379310345,0.5497737556561086,1.1638384589459747,0.0255036819726228,0.0004397186547003,0,230,58,False
within_session,no_ra,W2,oas_trace_eps1e-6,,ordered_nonoverlap,2,2,2,ordered_control,0.5344827586206896,0.5549773755656108,1.0979274399578571,0.0206452859565615,0.0003559532061476,0,230,58,False
within_session,no_ra,W1,oas_trace_eps1e-6,,trial_tangent,2,1,1,B1,0.6206896551724138,0.6400759167303285,0.1761266971006989,0.0078347020316869,0.0001350810695118,1,230,58,False
within_session,no_ra,W1,oas_trace_eps1e-6,,trial_tangent,2,2,2,B1,0.5689655172413793,0.5717747326203209,0.206605490995571,0.0058081808965653,0.0001001410499407,1,230,58,False
within_session,no_ra,W1,oas_trace_eps1e-6,,airm_nearest_class_mean,2,1,1,B2,0.5862068965517241,0.5865999809014515,0.1528199180029332,0.020679228939116,0.0003565384299847,1,230,58,False
within_session,no_ra,W1,oas_trace_eps1e-6,,airm_nearest_class_mean,2,2,2,B2,0.293103448275862,0.295335179526356,0.1559434221126139,0.0235992751549929,0.0004068840543964,1,230,58,False
within_session,no_ra,W1,oas_trace_eps1e-6,,mean_decision_score,2,1,1,B3,0.6379310344827587,0.6579330595874714,1.1522098530549556,0.0367633670102804,0.0006338511553496,1,230,58,False
within_session,no_ra,W1,oas_trace_eps1e-6,,mean_decision_score,2,2,2,B3,0.5517241379310345,0.5624522536287242,1.2523842791561035,0.036763465963304,0.0006338528614362,1,230,58,False
within_session,no_ra,W1,oas_trace_eps1e-6,,majority_vote_secondary,2,1,1,B3_majority,0.6551724137931034,0.6896008403361344,0.0,0.0,0.0,1,230,58,False
within_session,no_ra,W1,oas_trace_eps1e-6,,majority_vote_secondary,2,2,2,B3_majority,0.5172413793103449,0.5227869556913675,0.0,0.0,0.0,1,230,58,False
within_session,no_ra,W1,oas_trace_eps1e-6,,mean_window_log_svec,2,1,1,B4,0.5517241379310345,0.5652096065699006,0.0223287360277026,0.0005159501451998,8.895692158618878e-06,1,230,58,False
within_session,no_ra,W1,oas_trace_eps1e-6,,mean_window_log_svec,2,2,2,B4,0.5689655172413793,0.5758451107715814,0.0220919828861951,0.000468058977276,8.069982366829083e-06,1,230,58,False
within_session,no_ra,W1,oas_trace_eps1e-6,0.0,mean_std_projection_moments,2,1,1,B5,0.5517241379310345,0.5490474598930482,0.0463859939482063,0.0006287570577114,1.0840638926060037e-05,1,230,58,False
within_session,no_ra,W1,oas_trace_eps1e-6,0.0,mean_std_projection_moments,2,2,2,B5,0.396551724137931,0.4089596065699006,0.0481011369265615,0.0006463569588959,1.1144085498205546e-05,1,230,58,False
within_session,no_ra,W1,oas_trace_eps1e-6,1.0,mean_std_projection_moments,2,1,1,B5,0.5517241379310345,0.5699603705118411,0.0458544648718088,0.0005305320955812,9.147105096229192e-06,1,230,58,False
within_session,no_ra,W1,oas_trace_eps1e-6,1.0,mean_std_projection_moments,2,2,2,B5,0.5172413793103449,0.5347593582887701,0.0455353450961411,0.000523820053786,9.031380237690332e-06,1,230,58,False
within_session,no_ra,W1,oas_trace_eps1e-6,2.0,mean_std_projection_moments,2,1,1,B5,0.5862068965517241,0.598178475935829,0.0448939560446888,0.000531137920916,9.157550360622077e-06,1,230,58,False
within_session,no_ra,W1,oas_trace_eps1e-6,2.0,mean_std_projection_moments,2,2,2,B5,0.4482758620689655,0.4518716577540107,0.0441716911736875,0.0005273770075291,9.092707026364474e-06,1,230,58,False
within_session,no_ra,W1,oas_trace_eps1e-6,3.0,mean_std_projection_moments,2,1,1,B5,0.6206896551724138,0.6133737585943468,0.0445860631298273,0.0005898571107536,1.0169950185407852e-05,1,230,58,False
within_session,no_ra,W1,oas_trace_eps1e-6,3.0,mean_std_projection_moments,2,2,2,B5,0.4655172413793103,0.4572431245225362,0.0440463128034025,0.0005229560192674,9.016483090817928e-06,1,230,58,False
within_session,no_ra,W1,oas_trace_eps1e-6,4.0,mean_std_projection_moments,2,1,1,B5,0.5862068965517241,0.5848811115355232,0.047694823006168,0.0005258021410554,9.065554156128702e-06,1,230,58,False
within_session,no_ra,W1,oas_trace_eps1e-6,4.0,mean_std_projection_moments,2,2,2,B5,0.5,0.4920382925897631,0.0433235170785337,0.000540449982509,9.31810314670719e-06,1,230,58,False
within_session,no_ra,W1,oas_trace_eps1e-6,0.0,pooled_class_measure,2,1,1,P1,0.5517241379310345,0.5553499809014515,0.0024949731305241,0.0391247950028628,0.0006745654310838,1,220,58,False
within_session,no_ra,W1,oas_trace_eps1e-6,0.0,pooled_class_measure,2,2,2,P1,0.2758620689655172,0.279710179526356,0.0022981548681855,0.0345633740071207,0.000595920241502,1,220,58,False
within_session,no_ra,W1,oas_trace_eps1e-6,1.0,pooled_class_measure,2,1,1,P1,0.5172413793103449,0.5205548128342246,0.0020123890135437,0.032390504842624,0.0005584569800452,1,220,58,False
within_session,no_ra,W1,oas_trace_eps1e-6,1.0,pooled_class_measure,2,2,2,P1,0.2586206896551724,0.2650042971734148,0.0020520999096333,0.0323781080078333,0.0005582432415143,1,220,58,False
within_session,no_ra,W1,oas_trace_eps1e-6,2.0,pooled_class_measure,2,1,1,P1,0.5172413793103449,0.5196356951871658,0.0024752090685069,0.0362991809379309,0.0006258479472057,1,220,58,False
within_session,no_ra,W1,oas_trace_eps1e-6,2.0,pooled_class_measure,2,2,2,P1,0.2586206896551724,0.2650042971734148,0.0020059149246662,0.0325075308792293,0.0005604746703315,1,220,58,False
within_session,no_ra,W1,oas_trace_eps1e-6,3.0,pooled_class_measure,2,1,1,P1,0.5344827586206896,0.5415632161955691,0.0024047750048339,0.0366504378616809,0.0006319041010634,1,220,58,False
within_session,no_ra,W1,oas_trace_eps1e-6,3.0,pooled_class_measure,2,2,2,P1,0.2413793103448276,0.2493792971734148,0.0023327339440584,0.0340436301194131,0.0005869591399898,1,220,58,False
within_session,no_ra,W1,oas_trace_eps1e-6,4.0,pooled_class_measure,2,1,1,P1,0.4310344827586206,0.4229612299465241,0.0020362809300422,0.0334571609273552,0.0005768476021957,1,220,58,False
within_session,no_ra,W1,oas_trace_eps1e-6,4.0,pooled_class_measure,2,2,2,P1,0.2586206896551724,0.264085179526356,0.002044728025794,0.0314503000117838,0.0005422465519273,1,220,58,False
within_session,no_ra,W1,oas_trace_eps1e-6,0.0,exact_sorted_order_statistics,2,1,1,P2,0.6206896551724138,0.6240331359816653,1.2338723759166896,0.0011433218605816,1.9712445872097175e-05,1,230,58,False
within_session,no_ra,W1,oas_trace_eps1e-6,0.0,exact_sorted_order_statistics,2,2,2,P2,0.5344827586206896,0.5459200725744844,1.1862779760267586,0.0010148098226636,1.7496721080408013e-05,1,230,58,False
within_session,no_ra,W1,oas_trace_eps1e-6,1.0,exact_sorted_order_statistics,2,1,1,P2,0.5,0.5088808250572957,1.203695114934817,0.0008462779223918,1.4590998661929164e-05,1,230,58,False
within_session,no_ra,W1,oas_trace_eps1e-6,1.0,exact_sorted_order_statistics,2,2,2,P2,0.5517241379310345,0.5682415011459129,1.1362039931118488,0.0009670839644968,1.667386145684226e-05,1,230,58,False
within_session,no_ra,W1,oas_trace_eps1e-6,2.0,exact_sorted_order_statistics,2,1,1,P2,0.5,0.5129512032085561,0.9976156000047922,0.0011149190831929,1.9222742813671457e-05,1,230,58,False
within_session,no_ra,W1,oas_trace_eps1e-6,2.0,exact_sorted_order_statistics,2,2,2,P2,0.5517241379310345,0.5575821237585944,1.0544796218164263,0.0008983700536191,1.5489138855502522e-05,1,230,58,False
within_session,no_ra,W1,oas_trace_eps1e-6,3.0,exact_sorted_order_statistics,2,1,1,P2,0.5344827586206896,0.543795359052712,1.1207050839439034,0.0009655188769102,1.6646877188107063e-05,1,230,58,False
within_session,no_ra,W1,oas_trace_eps1e-6,3.0,exact_sorted_order_statistics,2,2,2,P2,0.5344827586206896,0.5419690603514133,1.1973369161132723,0.0010077299084514,1.737465359399031e-05,1,230,58,False
within_session,no_ra,W1,oas_trace_eps1e-6,4.0,exact_sorted_order_statistics,2,1,1,P2,0.5689655172413793,0.5670239686783805,1.0533247122075409,0.0008851098828017,1.5260515220720193e-05,1,230,58,False
within_session,no_ra,W1,oas_trace_eps1e-6,4.0,exact_sorted_order_statistics,2,2,2,P2,0.4827586206896552,0.4870726699770817,1.0855428979266435,0.0009903779719024,1.7075482274180855e-05,1,230,58,False
within_session,no_ra,W2,oas_trace_eps1e-6,,trial_tangent,2,1,1,B1,0.6206896551724138,0.6400759167303285,0.1849885680712759,0.0083096500020474,0.0001432698276215,1,230,58,False
within_session,no_ra,W2,oas_trace_eps1e-6,,trial_tangent,2,2,2,B1,0.5689655172413793,0.5717747326203209,0.1792327321600169,0.0060437640640884,0.0001042028286911,1,230,58,False
within_session,no_ra,W2,oas_trace_eps1e-6,,airm_nearest_class_mean,2,1,1,B2,0.5862068965517241,0.5865999809014515,0.1663851649500429,0.022018461022526,0.0003796286383194,1,230,58,False
within_session,no_ra,W2,oas_trace_eps1e-6,,airm_nearest_class_mean,2,2,2,B2,0.293103448275862,0.295335179526356,0.1792069079820066,0.0283035079482942,0.0004879915163499,1,230,58,False
within_session,no_ra,W2,oas_trace_eps1e-6,,mean_decision_score,2,1,1,B3,0.5689655172413793,0.5799154889228418,0.684947069035843,0.0211556330323219,0.0003647522936607,1,230,58,False
within_session,no_ra,W2,oas_trace_eps1e-6,,mean_decision_score,2,2,2,B3,0.5,0.4982214476699771,0.6892847749404609,0.0299355119932442,0.0005161295171249,1,230,58,False
within_session,no_ra,W2,oas_trace_eps1e-6,,majority_vote_secondary,2,1,1,B3_majority,0.5172413793103449,0.5184420359052712,0.0,0.0,0.0,1,230,58,False
within_session,no_ra,W2,oas_trace_eps1e-6,,majority_vote_secondary,2,2,2,B3_majority,0.4827586206896552,0.4897106569900687,0.0,0.0,0.0,1,230,58,False
within_session,no_ra,W2,oas_trace_eps1e-6,,mean_window_log_svec,2,1,1,B4,0.5,0.5090001909854851,0.0208538791630417,0.0004024519585072,6.938826870815507e-06,1,230,58,False
within_session,no_ra,W2,oas_trace_eps1e-6,,mean_window_log_svec,2,2,2,B4,0.5344827586206896,0.5374928380443086,0.021707311971113,0.0004468448460102,7.704221482934623e-06,1,230,58,False
within_session,no_ra,W2,oas_trace_eps1e-6,0.0,mean_std_projection_moments,2,1,1,B5,0.603448275862069,0.6093272536287242,0.0532756228931248,0.0006675380282104,1.1509276348455198e-05,1,230,58,False
within_session,no_ra,W2,oas_trace_eps1e-6,0.0,mean_std_projection_moments,2,2,2,B5,0.3620689655172414,0.3603538006111536,0.0493842179421335,0.0005530528724193,9.535394352057885e-06,1,230,58,False
within_session,no_ra,W2,oas_trace_eps1e-6,1.0,mean_std_projection_moments,2,1,1,B5,0.5862068965517241,0.6008045263559969,0.042133494047448,0.0004971919115632,8.572274337297884e-06,1,230,58,False
within_session,no_ra,W2,oas_trace_eps1e-6,1.0,mean_std_projection_moments,2,2,2,B5,0.5,0.5120320855614973,0.050283133983612,0.0005769131239503,9.946777999144176e-06,1,230,58,False
within_session,no_ra,W2,oas_trace_eps1e-6,2.0,mean_std_projection_moments,2,1,1,B5,0.5862068965517241,0.5835680863254393,0.042885165894404,0.000514050014317,8.862931281328201e-06,1,230,58,False
within_session,no_ra,W2,oas_trace_eps1e-6,2.0,mean_std_projection_moments,2,2,2,B5,0.4655172413793103,0.464345397249809,0.0501625901088118,0.0005831210874021,1.0053811851760437e-05,1,230,58,False
within_session,no_ra,W2,oas_trace_eps1e-6,3.0,mean_std_projection_moments,2,1,1,B5,0.603448275862069,0.6186616692131399,0.0508326708804816,0.0005989449564367,1.032663717994402e-05,1,230,58,False
within_session,no_ra,W2,oas_trace_eps1e-6,3.0,mean_std_projection_moments,2,2,2,B5,0.4482758620689655,0.4575415393430099,0.0443024749401956,0.0005213699769228,8.989137533152925e-06,1,230,58,False
within_session,no_ra,W2,oas_trace_eps1e-6,4.0,mean_std_projection_moments,2,1,1,B5,0.5,0.4938765278838808,0.0510524378623813,0.0006316439248621,1.0890412497623213e-05,1,230,58,False
within_session,no_ra,W2,oas_trace_eps1e-6,4.0,mean_std_projection_moments,2,2,2,B5,0.5172413793103449,0.5147655653170359,0.0430097959470003,0.0005242750048637,9.039224221788603e-06,1,230,58,False
within_session,no_ra,W2,oas_trace_eps1e-6,0.0,pooled_class_measure,2,1,1,P1,0.4827586206896552,0.4804836707410237,0.0012838579714298,0.0181589669082313,0.0003130856363488,1,220,58,False
within_session,no_ra,W2,oas_trace_eps1e-6,0.0,pooled_class_measure,2,2,2,P1,0.2758620689655172,0.279710179526356,0.001245416002348,0.0186102469451725,0.0003208663266409,1,220,58,False
within_session,no_ra,W2,oas_trace_eps1e-6,1.0,pooled_class_measure,2,1,1,P1,0.5344827586206896,0.5335418258212375,0.0015865941531956,0.0191820419859141,0.0003307248618261,1,220,58,False
within_session,no_ra,W2,oas_trace_eps1e-6,1.0,pooled_class_measure,2,2,2,P1,0.293103448275862,0.3024374522536288,0.0012457510456442,0.0189597248099744,0.0003268918070685,1,220,58,False
within_session,no_ra,W2,oas_trace_eps1e-6,2.0,pooled_class_measure,2,1,1,P1,0.4655172413793103,0.4728800611153552,0.0015690100844949,0.0209298909176141,0.0003608601882347,1,220,58,False
within_session,no_ra,W2,oas_trace_eps1e-6,2.0,pooled_class_measure,2,2,2,P1,0.2586206896551724,0.2650042971734148,0.0012875928077846,0.0195267649833112,0.0003366683617812,1,220,58,False
within_session,no_ra,W2,oas_trace_eps1e-6,3.0,pooled_class_measure,2,1,1,P1,0.5344827586206896,0.5357739686783805,0.0012797689996659,0.0202425238676369,0.0003490090322006,1,220,58,False
within_session,no_ra,W2,oas_trace_eps1e-6,3.0,pooled_class_measure,2,2,2,P1,0.293103448275862,0.2944160618792972,0.0012289499863982,0.0171194979920983,0.0002951637584844,1,220,58,False
within_session,no_ra,W2,oas_trace_eps1e-6,4.0,pooled_class_measure,2,1,1,P1,0.4827586206896552,0.476019385026738,0.0012970920652151,0.0185089430306106,0.0003191197074243,1,220,58,False
within_session,no_ra,W2,oas_trace_eps1e-6,4.0,pooled_class_measure,2,2,2,P1,0.2241379310344827,0.2315221543162719,0.0012409619521349,0.0180682290811091,0.0003115211910536,1,220,58,False
within_session,no_ra,W2,oas_trace_eps1e-6,0.0,exact_sorted_order_statistics,2,1,1,P2,0.5689655172413793,0.578996371275783,0.2407012390904128,0.0006784060969948,1.1696656844739256e-05,1,230,58,False
within_session,no_ra,W2,oas_trace_eps1e-6,0.0,exact_sorted_order_statistics,2,2,2,P2,0.4655172413793103,0.4660642666157372,0.2322768599260598,0.0007083769887685,1.2213396358078924e-05,1,230,58,False
within_session,no_ra,W2,oas_trace_eps1e-6,1.0,exact_sorted_order_statistics,2,1,1,P2,0.5344827586206896,0.5374928380443086,0.2341727940365672,0.0007463849615305,1.2868706233285624e-05,1,230,58,False
within_session,no_ra,W2,oas_trace_eps1e-6,1.0,exact_sorted_order_statistics,2,2,2,P2,0.5517241379310345,0.5544308632543926,0.2337328491266816,0.0007042859215289,1.2142860716016128e-05,1,230,58,False
within_session,no_ra,W2,oas_trace_eps1e-6,2.0,exact_sorted_order_statistics,2,1,1,P2,0.4827586206896552,0.489424178762414,0.2205171000678092,0.0008346189279109,1.4389981515705584e-05,1,230,58,False
within_session,no_ra,W2,oas_trace_eps1e-6,2.0,exact_sorted_order_statistics,2,2,2,P2,0.4482758620689655,0.4504392666157372,0.2369522859808057,0.0006815390661358,1.1750673554066952e-05,1,230,58,False
within_session,no_ra,W2,oas_trace_eps1e-6,3.0,exact_sorted_order_statistics,2,1,1,P2,0.4827586206896552,0.4814027883880825,0.2254106800537556,0.0007426829542964,1.2804878522352926e-05,1,230,58,False
within_session,no_ra,W2,oas_trace_eps1e-6,3.0,exact_sorted_order_statistics,2,2,2,P2,0.5172413793103449,0.5204354469060352,0.2389344950206577,0.0006505360361188,1.1216138553773536e-05,1,230,58,False
within_session,no_ra,W2,oas_trace_eps1e-6,4.0,exact_sorted_order_statistics,2,1,1,P2,0.5862068965517241,0.5830428762414056,0.2291654590517282,0.0007242409046739,1.2486912149550586e-05,1,230,58,False
within_session,no_ra,W2,oas_trace_eps1e-6,4.0,exact_sorted_order_statistics,2,2,2,P2,0.4655172413793103,0.4634262796027502,0.2301631339360028,0.0006941971369087,1.1968916153599476e-05,1,230,58,False
within_session,no_ra,W2,oas_trace_eps1e-6,,ordered_nonoverlap,2,1,1,ordered_control,0.5862068965517241,0.5964596065699006,1.1541885430924594,0.0200379358138889,0.0003454816519636,1,230,58,False
within_session,no_ra,W2,oas_trace_eps1e-6,,ordered_nonoverlap,2,2,2,ordered_control,0.4482758620689655,0.4535905271199388,1.1446804830338806,0.0260373759083449,0.0004489202742818,1,230,58,False
within_session,no_ra,W1,oas_trace_eps1e-6,,trial_tangent,2,1,1,B1,0.603448275862069,0.6392543859649122,0.2152938651852309,0.0062643089331686,0.0001080053264339,2,230,58,False
within_session,no_ra,W1,oas_trace_eps1e-6,,trial_tangent,2,2,2,B1,0.5517241379310345,0.5266812865497077,0.1834779041819274,0.0079352129250764,0.0001368140159495,2,230,58,False
within_session,no_ra,W1,oas_trace_eps1e-6,,airm_nearest_class_mean,2,1,1,B2,0.5172413793103449,0.5380116959064327,0.1470125908963382,0.0203941750805825,0.0003516237082859,2,230,58,False
within_session,no_ra,W1,oas_trace_eps1e-6,,airm_nearest_class_mean,2,2,2,B2,0.4310344827586206,0.4239766081871344,0.1568318589124828,0.0215130110736936,0.0003709139840292,2,230,58,False
within_session,no_ra,W1,oas_trace_eps1e-6,,mean_decision_score,2,1,1,B3,0.603448275862069,0.6107456140350878,1.177161819068715,0.0375353479757905,0.0006471611719963,2,230,58,False
within_session,no_ra,W1,oas_trace_eps1e-6,,mean_decision_score,2,2,2,B3,0.5517241379310345,0.5274122807017544,1.2085195421241224,0.0351597089320421,0.0006062018781386,2,230,58,False
within_session,no_ra,W1,oas_trace_eps1e-6,,majority_vote_secondary,2,1,1,B3_majority,0.5517241379310345,0.5782163742690059,0.0,0.0,0.0,2,230,58,False
within_session,no_ra,W1,oas_trace_eps1e-6,,majority_vote_secondary,2,2,2,B3_majority,0.4827586206896552,0.5010964912280702,0.0,0.0,0.0,2,230,58,False
within_session,no_ra,W1,oas_trace_eps1e-6,,mean_window_log_svec,2,1,1,B4,0.5689655172413793,0.5990497076023391,0.0214279419742524,0.000467323930934,8.057309154035716e-06,2,230,58,False
within_session,no_ra,W1,oas_trace_eps1e-6,,mean_window_log_svec,2,2,2,B4,0.5344827586206896,0.5303362573099415,0.0207146031316369,0.0004683299921452,8.07465503698793e-06,2,230,58,False
within_session,no_ra,W1,oas_trace_eps1e-6,0.0,mean_std_projection_moments,2,1,1,B5,0.5,0.5226608187134503,0.0451812779065221,0.0005473899655044,9.437758025938066e-06,2,230,58,False
within_session,no_ra,W1,oas_trace_eps1e-6,0.0,mean_std_projection_moments,2,2,2,B5,0.4482758620689655,0.4261695906432748,0.0498260599561035,0.0004906121175736,8.458829613338257e-06,2,230,58,False
within_session,no_ra,W1,oas_trace_eps1e-6,1.0,mean_std_projection_moments,2,1,1,B5,0.603448275862069,0.6122076023391813,0.0439912378787994,0.0005304778460413,9.146169759333134e-06,2,230,58,False
within_session,no_ra,W1,oas_trace_eps1e-6,1.0,mean_std_projection_moments,2,2,2,B5,0.5,0.4740497076023392,0.0444156939629465,0.00052903406322,9.12127695206938e-06,2,230,58,False
within_session,no_ra,W1,oas_trace_eps1e-6,2.0,mean_std_projection_moments,2,1,1,B5,0.5517241379310345,0.5851608187134503,0.0495647890493273,0.0004916370380669,8.476500656327297e-06,2,230,58,False
within_session,no_ra,W1,oas_trace_eps1e-6,2.0,mean_std_projection_moments,2,2,2,B5,0.4655172413793103,0.4448099415204678,0.0415299029555171,0.0005168679635971,8.911516613744456e-06,2,230,58,False
within_session,no_ra,W1,oas_trace_eps1e-6,3.0,mean_std_projection_moments,2,1,1,B5,0.6206896551724138,0.60453216374269,0.0438903190661221,0.0004951320588588,8.536759635497784e-06,2,230,58,False
within_session,no_ra,W1,oas_trace_eps1e-6,3.0,mean_std_projection_moments,2,2,2,B5,0.4137931034482758,0.4192251461988304,0.0482229029294103,0.0005161750596016,8.899569993132147e-06,2,230,58,False
within_session,no_ra,W1,oas_trace_eps1e-6,4.0,mean_std_projection_moments,2,1,1,B5,0.5,0.5010964912280702,0.0492609608918428,0.0005583909805864,9.627430699765682e-06,2,230,58,False
within_session,no_ra,W1,oas_trace_eps1e-6,4.0,mean_std_projection_moments,2,2,2,B5,0.4655172413793103,0.4316520467836257,0.0439339349977672,0.0005015810020267,8.647948310806833e-06,2,230,58,False
within_session,no_ra,W1,oas_trace_eps1e-6,0.0,pooled_class_measure,2,1,1,P1,0.4482758620689655,0.4802631578947368,0.0020370259881019,0.0321760999504476,0.0005547603439732,2,212,58,False
within_session,no_ra,W1,oas_trace_eps1e-6,0.0,pooled_class_measure,2,2,2,P1,0.3275862068965517,0.300438596491228,0.0020082469563931,0.0336159018334001,0.0005795845143689,2,212,58,False
within_session,no_ra,W1,oas_trace_eps1e-6,1.0,pooled_class_measure,2,1,1,P1,0.5344827586206896,0.577485380116959,0.0025198191870003,0.0370216141454875,0.0006383036921635,2,212,58,False
within_session,no_ra,W1,oas_trace_eps1e-6,1.0,pooled_class_measure,2,2,2,P1,0.3620689655172414,0.3336988304093567,0.0019986650440841,0.0314030558802187,0.0005414319979348,2,212,58,False
within_session,no_ra,W1,oas_trace_eps1e-6,2.0,pooled_class_measure,2,1,1,P1,0.4310344827586206,0.4901315789473683,0.0020221332088112,0.0327405920252203,0.000564492965952,2,212,58,False
within_session,no_ra,W1,oas_trace_eps1e-6,2.0,pooled_class_measure,2,2,2,P1,0.3275862068965517,0.3267543859649123,0.0020283409394323,0.0380119550973176,0.0006553785361606,2,212,58,False
within_session,no_ra,W1,oas_trace_eps1e-6,3.0,pooled_class_measure,2,1,1,P1,0.4827586206896552,0.5226608187134503,0.0024580790195614,0.0364889120683074,0.0006291191735915,2,212,58,False
within_session,no_ra,W1,oas_trace_eps1e-6,3.0,pooled_class_measure,2,2,2,P1,0.3103448275862069,0.29203216374269,0.0024118011351674,0.0342904780991375,0.0005912151396403,2,212,58,False
within_session,no_ra,W1,oas_trace_eps1e-6,4.0,pooled_class_measure,2,1,1,P1,0.4482758620689655,0.496345029239766,0.0025207810103893,0.0389995370060205,0.0006724058104486,2,212,58,False
within_session,no_ra,W1,oas_trace_eps1e-6,4.0,pooled_class_measure,2,2,2,P1,0.3275862068965517,0.2989766081871344,0.0020417911000549,0.0310782780870795,0.0005358323808117,2,212,58,False
within_session,no_ra,W1,oas_trace_eps1e-6,0.0,exact_sorted_order_statistics,2,1,1,P2,0.4827586206896552,0.4809941520467836,1.0821024528704584,0.0009050299413502,1.5603964506038303e-05,2,230,58,False
within_session,no_ra,W1,oas_trace_eps1e-6,0.0,exact_sorted_order_statistics,2,2,2,P2,0.5862068965517241,0.569078947368421,1.0631776710506529,0.0009697920177131,1.6720552029537742e-05,2,230,58,False
within_session,no_ra,W1,oas_trace_eps1e-6,1.0,exact_sorted_order_statistics,2,1,1,P2,0.5517241379310345,0.5727339181286549,1.0933416869957,0.0009777329396456,1.6857464476649103e-05,2,230,58,False
within_session,no_ra,W1,oas_trace_eps1e-6,1.0,exact_sorted_order_statistics,2,2,2,P2,0.5862068965517241,0.5551900584795322,1.1027576990891248,0.0008666650392115,1.4942500676060544e-05,2,230,58,False
within_session,no_ra,W1,oas_trace_eps1e-6,2.0,exact_sorted_order_statistics,2,1,1,P2,0.6206896551724138,0.653874269005848,1.0673150881193578,0.0008612698875367,1.4849480819599382e-05,2,230,58,False
within_session,no_ra,W1,oas_trace_eps1e-6,2.0,exact_sorted_order_statistics,2,2,2,P2,0.5172413793103449,0.5073099415204678,1.0393757838755846,0.0008941150736063,1.5415777131144342e-05,2,230,58,False
within_session,no_ra,W1,oas_trace_eps1e-6,3.0,exact_sorted_order_statistics,2,1,1,P2,0.5,0.5095029239766082,1.1943820358719677,0.00096699106507,1.6672259742586776e-05,2,230,58,False
within_session,no_ra,W1,oas_trace_eps1e-6,3.0,exact_sorted_order_statistics,2,2,2,P2,0.5517241379310345,0.5204678362573099,1.0022406689822674,0.0009976560249924,1.7200965948145965e-05,2,230,58,False
within_session,no_ra,W1,oas_trace_eps1e-6,4.0,exact_sorted_order_statistics,2,1,1,P2,0.5517241379310345,0.54203216374269,1.097256638808176,0.001078762114048,1.8599346793931102e-05,2,230,58,False
within_session,no_ra,W1,oas_trace_eps1e-6,4.0,exact_sorted_order_statistics,2,2,2,P2,0.5517241379310345,0.5343567251461988,0.987512377090752,0.0009663437958806,1.666109992897716e-05,2,230,58,False
within_session,no_ra,W2,oas_trace_eps1e-6,,trial_tangent,2,1,1,B1,0.603448275862069,0.6392543859649122,0.2003575630951672,0.0061166209634393,0.0001054589821282,2,230,58,False
within_session,no_ra,W2,oas_trace_eps1e-6,,trial_tangent,2,2,2,B1,0.5517241379310345,0.5266812865497077,0.1988239029888063,0.0061170409899204,0.0001054662239641,2,230,58,False
within_session,no_ra,W2,oas_trace_eps1e-6,,airm_nearest_class_mean,2,1,1,B2,0.5172413793103449,0.5380116959064327,0.147899443982169,0.0233252639882266,0.0004021597239349,2,230,58,False
within_session,no_ra,W2,oas_trace_eps1e-6,,airm_nearest_class_mean,2,2,2,B2,0.4310344827586206,0.4239766081871344,0.1587910198140889,0.021174567984417,0.000365078758352,2,230,58,False
within_session,no_ra,W2,oas_trace_eps1e-6,,mean_decision_score,2,1,1,B3,0.5689655172413793,0.5913742690058479,0.6783401970751584,0.0238049770705401,0.0004104306391472,2,230,58,False
within_session,no_ra,W2,oas_trace_eps1e-6,,mean_decision_score,2,2,2,B3,0.5344827586206896,0.5135233918128654,0.7093130219727755,0.0262900381349027,0.0004532765195672,2,230,58,False
within_session,no_ra,W2,oas_trace_eps1e-6,,majority_vote_secondary,2,1,1,B3_majority,0.5689655172413793,0.5844298245614035,0.0,0.0,0.0,2,230,58,False
within_session,no_ra,W2,oas_trace_eps1e-6,,majority_vote_secondary,2,2,2,B3_majority,0.396551724137931,0.4053362573099415,0.0,0.0,0.0,2,230,58,False
within_session,no_ra,W2,oas_trace_eps1e-6,,mean_window_log_svec,2,1,1,B4,0.5,0.5087719298245614,0.0211785407736897,0.0004458548501133,7.687152588161928e-06,2,230,58,False
within_session,no_ra,W2,oas_trace_eps1e-6,,mean_window_log_svec,2,2,2,B4,0.5,0.47953216374269,0.0270940358750522,0.0005092439241707,8.780067658116078e-06,2,230,58,False
within_session,no_ra,W2,oas_trace_eps1e-6,0.0,mean_std_projection_moments,2,1,1,B5,0.4827586206896552,0.4934210526315789,0.0481197258923202,0.0006311000324785,1.0881035042733982e-05,2,230,58,False
within_session,no_ra,W2,oas_trace_eps1e-6,0.0,mean_std_projection_moments,2,2,2,B5,0.4655172413793103,0.4601608187134502,0.0472389380447566,0.0005529739428311,9.53403349708894e-06,2,230,58,False
within_session,no_ra,W2,oas_trace_eps1e-6,1.0,mean_std_projection_moments,2,1,1,B5,0.603448275862069,0.5975877192982456,0.0471292070578783,0.0005758330225944,9.928155561973309e-06,2,230,58,False
within_session,no_ra,W2,oas_trace_eps1e-6,1.0,mean_std_projection_moments,2,2,2,B5,0.4827586206896552,0.4440789473684211,0.0426509170792996,0.0005439498927444,9.378446426627963e-06,2,230,58,False
within_session,no_ra,W2,oas_trace_eps1e-6,2.0,mean_std_projection_moments,2,1,1,B5,0.5689655172413793,0.5851608187134503,0.0481471458915621,0.0005962860304862,1.0280793629072865e-05,2,230,58,False
within_session,no_ra,W2,oas_trace_eps1e-6,2.0,mean_std_projection_moments,2,2,2,B5,0.396551724137931,0.3976608187134502,0.0434258070308715,0.0005498440004885,9.480068973939994e-06,2,230,58,False
within_session,no_ra,W2,oas_trace_eps1e-6,3.0,mean_std_projection_moments,2,1,1,B5,0.5862068965517241,0.5844298245614035,0.044219649862498,0.0005267229862511,9.081430797433032e-06,2,230,58,False
within_session,no_ra,W2,oas_trace_eps1e-6,3.0,mean_std_projection_moments,2,2,2,B5,0.3448275862068966,0.3450292397660818,0.0448218751698732,0.0005101209972053,8.795189606989251e-06,2,230,58,False
within_session,no_ra,W2,oas_trace_eps1e-6,4.0,mean_std_projection_moments,2,1,1,B5,0.5172413793103449,0.5157163742690059,0.0445340238511562,0.0005027567967772,8.66822063409049e-06,2,230,58,False
within_session,no_ra,W2,oas_trace_eps1e-6,4.0,mean_std_projection_moments,2,2,2,B5,0.4137931034482758,0.4122807017543859,0.0448810220696032,0.0005423631519079,9.351088825998635e-06,2,230,58,False
within_session,no_ra,W2,oas_trace_eps1e-6,0.0,pooled_class_measure,2,1,1,P1,0.3793103448275862,0.4199561403508771,0.0012157910969108,0.0164403331000357,0.0002834540189661,2,212,58,False
within_session,no_ra,W2,oas_trace_eps1e-6,0.0,pooled_class_measure,2,2,2,P1,0.3620689655172414,0.3413742690058479,0.0011860779486596,0.0177120610605925,0.0003053803631136,2,212,58,False
within_session,no_ra,W2,oas_trace_eps1e-6,1.0,pooled_class_measure,2,1,1,P1,0.3793103448275862,0.4269005847953215,0.0012308789882808,0.0185587659943848,0.0003199787240411,2,212,58,False
within_session,no_ra,W2,oas_trace_eps1e-6,1.0,pooled_class_measure,2,2,2,P1,0.3620689655172414,0.3614766081871344,0.001168648013845,0.0158469260204583,0.0002732228624216,2,212,58,False
within_session,no_ra,W2,oas_trace_eps1e-6,2.0,pooled_class_measure,2,1,1,P1,0.4137931034482758,0.4608918128654971,0.0012037600390613,0.0163666799198836,0.0002821841365497,2,212,58,False
within_session,no_ra,W2,oas_trace_eps1e-6,2.0,pooled_class_measure,2,2,2,P1,0.3275862068965517,0.3190789473684211,0.0011776201426982,0.0190424348693341,0.0003283178425747,2,212,58,False
within_session,no_ra,W2,oas_trace_eps1e-6,3.0,pooled_class_measure,2,1,1,P1,0.4137931034482758,0.4539473684210526,0.0014708498492836,0.0201638489961624,0.0003476525688993,2,212,58,False
within_session,no_ra,W2,oas_trace_eps1e-6,3.0,pooled_class_measure,2,2,2,P1,0.3103448275862069,0.2913011695906433,0.0011806138791143,0.0179049030411988,0.0003087052248482,2,212,58,False
within_session,no_ra,W2,oas_trace_eps1e-6,4.0,pooled_class_measure,2,1,1,P1,0.3275862068965517,0.3874269005847952,0.0011859929654747,0.0146169259678572,0.000252015964963,2,212,58,False
within_session,no_ra,W2,oas_trace_eps1e-6,4.0,pooled_class_measure,2,2,2,P1,0.3448275862068966,0.3267543859649122,0.0014681229367852,0.0190175229217857,0.0003278883262376,2,212,58,False
within_session,no_ra,W2,oas_trace_eps1e-6,0.0,exact_sorted_order_statistics,2,1,1,P2,0.5,0.4956140350877193,0.2373521798290312,0.0006584329530596,1.13522922941323e-05,2,230,58,False
within_session,no_ra,W2,oas_trace_eps1e-6,0.0,exact_sorted_order_statistics,2,2,2,P2,0.4482758620689655,0.4462719298245614,0.2483940960373729,0.0006769101601094,1.1670864829472426e-05,2,230,58,False
within_session,no_ra,W2,oas_trace_eps1e-6,1.0,exact_sorted_order_statistics,2,1,1,P2,0.5517241379310345,0.5504385964912281,0.2275883581023663,0.0007995120249688,1.3784690085670044e-05,2,230,58,False
within_session,no_ra,W2,oas_trace_eps1e-6,1.0,exact_sorted_order_statistics,2,2,2,P2,0.5862068965517241,0.5599415204678362,0.2323121710214764,0.0006579260807484,1.1343553116352394e-05,2,230,58,False
within_session,no_ra,W2,oas_trace_eps1e-6,2.0,exact_sorted_order_statistics,2,1,1,P2,0.5344827586206896,0.54203216374269,0.2323305660393089,0.0006544589996337,1.1283775855754985e-05,2,230,58,False
within_session,no_ra,W2,oas_trace_eps1e-6,2.0,exact_sorted_order_statistics,2,2,2,P2,0.396551724137931,0.3921783625730994,0.2357319199945777,0.0007129351142793,1.2291984728954987e-05,2,230,58,False
within_session,no_ra,W2,oas_trace_eps1e-6,3.0,exact_sorted_order_statistics,2,1,1,P2,0.5,0.4872076023391813,0.236753418110311,0.0007325080223381,1.262944866100262e-05,2,230,58,False
within_session,no_ra,W2,oas_trace_eps1e-6,3.0,exact_sorted_order_statistics,2,2,2,P2,0.5,0.487938596491228,0.2436406309716403,0.0006408188492059,1.1048600848378806e-05,2,230,58,False
within_session,no_ra,W2,oas_trace_eps1e-6,4.0,exact_sorted_order_statistics,2,1,1,P2,0.5344827586206896,0.54203216374269,0.2233151430264115,0.0006649540737271,1.1464725409088464e-05,2,230,58,False
within_session,no_ra,W2,oas_trace_eps1e-6,4.0,exact_sorted_order_statistics,2,2,2,P2,0.4655172413793103,0.4455409356725146,0.2422736480366438,0.00082956883125,1.4302910883621923e-05,2,230,58,False
within_session,no_ra,W2,oas_trace_eps1e-6,,ordered_nonoverlap,2,1,1,ordered_control,0.6551724137931034,0.6864035087719298,1.1192041239701211,0.0194611710030585,0.0003355374310872,2,230,58,False
within_session,no_ra,W2,oas_trace_eps1e-6,,ordered_nonoverlap,2,2,2,ordered_control,0.5172413793103449,0.5157163742690059,1.1532831059303137,0.0204058981034904,0.0003518258293705,2,230,58,False
within_session,no_ra,W1,oas_trace_eps1e-6,,trial_tangent,2,1,1,B1,0.5614035087719298,0.584753787878788,0.1883054520003497,0.0057835378684103,0.0001014655766387,3,231,57,False
within_session,no_ra,W1,oas_trace_eps1e-6,,trial_tangent,2,2,2,B1,0.6666666666666666,0.6774621212121212,0.2128554871305823,0.0059199018869549,0.0001038579278413,3,231,57,False
within_session,no_ra,W1,oas_trace_eps1e-6,,airm_nearest_class_mean,2,1,1,B2,0.5087719298245614,0.5286931818181819,0.1653851310256868,0.0274932160973548,0.0004823371245149,3,231,57,False
within_session,no_ra,W1,oas_trace_eps1e-6,,airm_nearest_class_mean,2,2,2,B2,0.3157894736842105,0.3018939393939394,0.1514714499935507,0.0206841498147696,0.0003628798213117,3,231,57,False
within_session,no_ra,W1,oas_trace_eps1e-6,,mean_decision_score,2,1,1,B3,0.543859649122807,0.5670454545454546,1.2932944248896092,0.0346059310249984,0.0006071215969297,3,231,57,False
within_session,no_ra,W1,oas_trace_eps1e-6,,mean_decision_score,2,2,2,B3,0.6140350877192983,0.6234848484848485,1.2153628529049456,0.0345680189784616,0.0006064564733063,3,231,57,False
within_session,no_ra,W1,oas_trace_eps1e-6,,majority_vote_secondary,2,1,1,B3_majority,0.5263157894736842,0.540340909090909,0.0,0.0,0.0,3,231,57,False
within_session,no_ra,W1,oas_trace_eps1e-6,,majority_vote_secondary,2,2,2,B3_majority,0.5614035087719298,0.556344696969697,0.0,0.0,0.0,3,231,57,False
within_session,no_ra,W1,oas_trace_eps1e-6,,mean_window_log_svec,2,1,1,B4,0.6140350877192983,0.6366477272727272,0.0249966699630022,0.0005228300578892,9.172457155951284e-06,3,231,57,False
within_session,no_ra,W1,oas_trace_eps1e-6,,mean_window_log_svec,2,2,2,B4,0.5263157894736842,0.5290719696969697,0.0207758508622646,0.0004147801082581,7.276844004528564e-06,3,231,57,False
within_session,no_ra,W1,oas_trace_eps1e-6,0.0,mean_std_projection_moments,2,1,1,B5,0.6491228070175439,0.6699810606060607,0.0502442971337586,0.0005700518377125,1.0000909433553091e-05,3,231,57,False
within_session,no_ra,W1,oas_trace_eps1e-6,0.0,mean_std_projection_moments,2,2,2,B5,0.3333333333333333,0.3509469696969697,0.0443186848424375,0.0005350129213184,9.3861916020774e-06,3,231,57,False
within_session,no_ra,W1,oas_trace_eps1e-6,1.0,mean_std_projection_moments,2,1,1,B5,0.5087719298245614,0.5144886363636363,0.0508392411284148,0.0005600720178335,9.825824874273516e-06,3,231,57,False
within_session,no_ra,W1,oas_trace_eps1e-6,1.0,mean_std_projection_moments,2,2,2,B5,0.3859649122807017,0.399905303030303,0.0438210661523044,0.0005338110495358,9.365106132208256e-06,3,231,57,False
within_session,no_ra,W1,oas_trace_eps1e-6,2.0,mean_std_projection_moments,2,1,1,B5,0.5087719298245614,0.5073863636363637,0.0476774661801755,0.0005042990669608,8.847352051944063e-06,3,231,57,False
within_session,no_ra,W1,oas_trace_eps1e-6,2.0,mean_std_projection_moments,2,2,2,B5,0.543859649122807,0.5649621212121212,0.0431079391855746,0.0004992708563804,8.759137831236186e-06,3,231,57,False
within_session,no_ra,W1,oas_trace_eps1e-6,3.0,mean_std_projection_moments,2,1,1,B5,0.543859649122807,0.5589015151515151,0.0463886510115116,0.0005319628398865,9.332681401518351e-06,3,231,57,False
within_session,no_ra,W1,oas_trace_eps1e-6,3.0,mean_std_projection_moments,2,2,2,B5,0.5263157894736842,0.5301136363636363,0.0432979881297796,0.0004869559779763,8.543087332917934e-06,3,231,57,False
within_session,no_ra,W1,oas_trace_eps1e-6,4.0,mean_std_projection_moments,2,1,1,B5,0.5263157894736842,0.5351325757575758,0.0503343290183693,0.0005941609852015,1.0423876933361354e-05,3,231,57,False
within_session,no_ra,W1,oas_trace_eps1e-6,4.0,mean_std_projection_moments,2,2,2,B5,0.5087719298245614,0.506344696969697,0.0475742360576987,0.0005078380927443,8.909440223585096e-06,3,231,57,False
within_session,no_ra,W1,oas_trace_eps1e-6,0.0,pooled_class_measure,2,1,1,P1,0.4035087719298245,0.4236742424242424,0.0025089900009334,0.037594529800117,0.000659553154388,3,224,57,False
within_session,no_ra,W1,oas_trace_eps1e-6,0.0,pooled_class_measure,2,2,2,P1,0.2982456140350877,0.2994318181818182,0.0020848871208727,0.0298991240561008,0.0005245460360719,3,224,57,False
within_session,no_ra,W1,oas_trace_eps1e-6,1.0,pooled_class_measure,2,1,1,P1,0.3859649122807017,0.4070075757575757,0.0020764819346368,0.0359048438258469,0.0006299095408043,3,224,57,False
within_session,no_ra,W1,oas_trace_eps1e-6,1.0,pooled_class_measure,2,2,2,P1,0.2631578947368421,0.2650568181818181,0.0021165669895708,0.0294506989885121,0.000516678929623,3,224,57,False
within_session,no_ra,W1,oas_trace_eps1e-6,2.0,pooled_class_measure,2,1,1,P1,0.3684210526315789,0.3892992424242424,0.0021481700241565,0.032895821146667,0.0005771196692397,3,224,57,False
within_session,no_ra,W1,oas_trace_eps1e-6,2.0,pooled_class_measure,2,2,2,P1,0.2807017543859649,0.2806818181818181,0.002083591884002,0.0317236129194498,0.0005565546126219,3,224,57,False
within_session,no_ra,W1,oas_trace_eps1e-6,3.0,pooled_class_measure,2,1,1,P1,0.3157894736842105,0.334280303030303,0.0021711699664592,0.033433818956837,0.0005865582273129,3,224,57,False
within_session,no_ra,W1,oas_trace_eps1e-6,3.0,pooled_class_measure,2,2,2,P1,0.3157894736842105,0.3140151515151515,0.002523839008063,0.0387819218449294,0.0006803845937706,3,224,57,False
within_session,no_ra,W1,oas_trace_eps1e-6,4.0,pooled_class_measure,2,1,1,P1,0.2982456140350877,0.3176136363636364,0.0021450768690556,0.0365744119044393,0.0006416563492006,3,224,57,False
within_session,no_ra,W1,oas_trace_eps1e-6,4.0,pooled_class_measure,2,2,2,P1,0.2631578947368421,0.2600378787878788,0.002485655946657,0.039256801828742,0.0006887158215568,3,224,57,False
within_session,no_ra,W1,oas_trace_eps1e-6,0.0,exact_sorted_order_statistics,2,1,1,P2,0.631578947368421,0.659375,1.0163917331956327,0.0009567299857735,1.6784736592518656e-05,3,231,57,False
within_session,no_ra,W1,oas_trace_eps1e-6,0.0,exact_sorted_order_statistics,2,2,2,P2,0.4035087719298245,0.4084280303030303,1.22158086579293,0.0008738909382373,1.5331419969075605e-05,3,231,57,False
within_session,no_ra,W1,oas_trace_eps1e-6,1.0,exact_sorted_order_statistics,2,1,1,P2,0.5263157894736842,0.5301136363636364,0.94985237903893,0.000867225928232,1.521448996898375e-05,3,231,57,False
within_session,no_ra,W1,oas_trace_eps1e-6,1.0,exact_sorted_order_statistics,2,2,2,P2,0.4736842105263157,0.4832386363636363,1.144598965998739,0.0009066429920494,1.5906017404376415e-05,3,231,57,False
within_session,no_ra,W1,oas_trace_eps1e-6,2.0,exact_sorted_order_statistics,2,1,1,P2,0.543859649122807,0.5446969696969697,0.9724115070421248,0.0009099680464714,1.5964351692482044e-05,3,231,57,False
within_session,no_ra,W1,oas_trace_eps1e-6,2.0,exact_sorted_order_statistics,2,2,2,P2,0.543859649122807,0.5599431818181818,1.000265640206635,0.0008599781431257,1.5087335844311796e-05,3,231,57,False
within_session,no_ra,W1,oas_trace_eps1e-6,3.0,exact_sorted_order_statistics,2,1,1,P2,0.5964912280701754,0.6139204545454545,1.1261343939695507,0.0010395268909633,1.8237313876549404e-05,3,231,57,False
within_session,no_ra,W1,oas_trace_eps1e-6,3.0,exact_sorted_order_statistics,2,2,2,P2,0.5263157894736842,0.5159090909090909,1.0330788879655302,0.0008997018449008,1.5784242892997307e-05,3,231,57,False
within_session,no_ra,W1,oas_trace_eps1e-6,4.0,exact_sorted_order_statistics,2,1,1,P2,0.5964912280701754,0.6078598484848485,1.119916425086558,0.0009032920934259,1.584722970922788e-05,3,231,57,False
within_session,no_ra,W1,oas_trace_eps1e-6,4.0,exact_sorted_order_statistics,2,2,2,P2,0.4912280701754385,0.4896780303030303,1.102308456087485,0.0010130130685865,1.7772159098010315e-05,3,231,57,False
within_session,no_ra,W2,oas_trace_eps1e-6,,trial_tangent,2,1,1,B1,0.5614035087719298,0.584753787878788,0.2046877939719706,0.0060458360239863,0.0001060672986664,3,231,57,False
within_session,no_ra,W2,oas_trace_eps1e-6,,trial_tangent,2,2,2,B1,0.6666666666666666,0.6774621212121212,0.1770328381098806,0.0060887911822646,0.0001068208979344,3,231,57,False
within_session,no_ra,W2,oas_trace_eps1e-6,,airm_nearest_class_mean,2,1,1,B2,0.5087719298245614,0.5286931818181819,0.1509617790579795,0.0245288950391113,0.0004303314919142,3,231,57,False
within_session,no_ra,W2,oas_trace_eps1e-6,,airm_nearest_class_mean,2,2,2,B2,0.3157894736842105,0.3018939393939394,0.1647724020294845,0.020885381149128,0.0003664101955987,3,231,57,False
within_session,no_ra,W2,oas_trace_eps1e-6,,mean_decision_score,2,1,1,B3,0.5964912280701754,0.622064393939394,0.6935901269316673,0.0285765619482845,0.0005013431920751,3,231,57,False
within_session,no_ra,W2,oas_trace_eps1e-6,,mean_decision_score,2,2,2,B3,0.5789473684210527,0.5851325757575757,0.6746782101690769,0.0213083890266716,0.0003738313864328,3,231,57,False
within_session,no_ra,W2,oas_trace_eps1e-6,,majority_vote_secondary,2,1,1,B3_majority,0.5614035087719298,0.5705492424242424,0.0,0.0,0.0,3,231,57,False
within_session,no_ra,W2,oas_trace_eps1e-6,,majority_vote_secondary,2,2,2,B3_majority,0.4736842105263157,0.4690340909090909,0.0,0.0,0.0,3,231,57,False
within_session,no_ra,W2,oas_trace_eps1e-6,,mean_window_log_svec,2,1,1,B4,0.5614035087719298,0.5876893939393939,0.0219741601031273,0.0004465531092137,7.834265073924734e-06,3,231,57,False
within_session,no_ra,W2,oas_trace_eps1e-6,,mean_window_log_svec,2,2,2,B4,0.5964912280701754,0.6068181818181819,0.0217903659213334,0.0004582270048558,8.03907026062932e-06,3,231,57,False
within_session,no_ra,W2,oas_trace_eps1e-6,0.0,mean_std_projection_moments,2,1,1,B5,0.6842105263157895,0.70625,0.0452526789158582,0.0005224680062383,9.16610537260248e-06,3,231,57,False
within_session,no_ra,W2,oas_trace_eps1e-6,0.0,mean_std_projection_moments,2,2,2,B5,0.3859649122807017,0.3725378787878788,0.0436254499945789,0.0004786550998687,8.39745789243464e-06,3,231,57,False
within_session,no_ra,W2,oas_trace_eps1e-6,1.0,mean_std_projection_moments,2,1,1,B5,0.5964912280701754,0.6078598484848485,0.0425107679329812,0.0004930009599775,8.649139648728204e-06,3,231,57,False
within_session,no_ra,W2,oas_trace_eps1e-6,1.0,mean_std_projection_moments,2,2,2,B5,0.4385964912280701,0.4417613636363636,0.0419605320785194,0.0004892649594694,8.583595780165573e-06,3,231,57,False
within_session,no_ra,W2,oas_trace_eps1e-6,2.0,mean_std_projection_moments,2,1,1,B5,0.5789473684210527,0.5851325757575757,0.0442385349888354,0.0004945991095155,8.67717735992189e-06,3,231,57,False
within_session,no_ra,W2,oas_trace_eps1e-6,2.0,mean_std_projection_moments,2,2,2,B5,0.4385964912280701,0.4457386363636363,0.0443730750121176,0.00051264395006,8.993753509824736e-06,3,231,57,False
within_session,no_ra,W2,oas_trace_eps1e-6,3.0,mean_std_projection_moments,2,1,1,B5,0.5614035087719298,0.5816287878787879,0.0442072451114654,0.0005011160392314,8.791509460200342e-06,3,231,57,False
within_session,no_ra,W2,oas_trace_eps1e-6,3.0,mean_std_projection_moments,2,2,2,B5,0.4912280701754385,0.4988636363636363,0.0448768599890172,0.0005107980687171,8.961369626616178e-06,3,231,57,False
within_session,no_ra,W2,oas_trace_eps1e-6,4.0,mean_std_projection_moments,2,1,1,B5,0.5964912280701754,0.6170454545454546,0.0426053958944976,0.0004858539905399,8.523754219998392e-06,3,231,57,False
within_session,no_ra,W2,oas_trace_eps1e-6,4.0,mean_std_projection_moments,2,2,2,B5,0.4385964912280701,0.4214962121212121,0.0496768949087709,0.0004954559262841,8.692209233056036e-06,3,231,57,False
within_session,no_ra,W2,oas_trace_eps1e-6,0.0,pooled_class_measure,2,1,1,P1,0.4385964912280701,0.455965909090909,0.0011231938842684,0.0165678821504116,0.00029066459913,3,224,57,False
within_session,no_ra,W2,oas_trace_eps1e-6,0.0,pooled_class_measure,2,2,2,P1,0.2982456140350877,0.2983901515151515,0.0013963850215077,0.0158626739867031,0.0002782925260825,3,224,57,False
within_session,no_ra,W2,oas_trace_eps1e-6,1.0,pooled_class_measure,2,1,1,P1,0.3508771929824561,0.3736742424242424,0.001140029868111,0.0186473729554563,0.0003271468939553,3,224,57,False
within_session,no_ra,W2,oas_trace_eps1e-6,1.0,pooled_class_measure,2,2,2,P1,0.2105263157894736,0.2160984848484848,0.0014342130161821,0.0222690759692341,0.0003906855433198,3,224,57,False
within_session,no_ra,W2,oas_trace_eps1e-6,2.0,pooled_class_measure,2,1,1,P1,0.3859649122807017,0.4059659090909091,0.0011461619287729,0.01801836094819,0.0003161115955822,3,224,57,False
within_session,no_ra,W2,oas_trace_eps1e-6,2.0,pooled_class_measure,2,2,2,P1,0.1929824561403508,0.1912878787878787,0.0014455989003181,0.021129080094397,0.0003706856156911,3,224,57,False
within_session,no_ra,W2,oas_trace_eps1e-6,3.0,pooled_class_measure,2,1,1,P1,0.3508771929824561,0.3615530303030303,0.0011731320992112,0.014121679123491,0.0002477487565524,3,224,57,False
within_session,no_ra,W2,oas_trace_eps1e-6,3.0,pooled_class_measure,2,2,2,P1,0.2280701754385964,0.2256628787878787,0.0014196308329701,0.016496721887961,0.000289416173473,3,224,57,False
within_session,no_ra,W2,oas_trace_eps1e-6,4.0,pooled_class_measure,2,1,1,P1,0.3157894736842105,0.328219696969697,0.0017028560396283,0.0192322880029678,0.0003374085614555,3,224,57,False
within_session,no_ra,W2,oas_trace_eps1e-6,4.0,pooled_class_measure,2,2,2,P1,0.2631578947368421,0.2589962121212121,0.0011335141025483,0.0183595849666744,0.0003220979818714,3,224,57,False
within_session,no_ra,W2,oas_trace_eps1e-6,0.0,exact_sorted_order_statistics,2,1,1,P2,0.631578947368421,0.6604166666666667,0.2331959118600934,0.0006464591715484,1.1341388974534838e-05,3,231,57,False
within_session,no_ra,W2,oas_trace_eps1e-6,0.0,exact_sorted_order_statistics,2,2,2,P2,0.4210526315789473,0.4148674242424243,0.2364625970367342,0.0007831649854779,1.3739736587332004e-05,3,231,57,False
within_session,no_ra,W2,oas_trace_eps1e-6,1.0,exact_sorted_order_statistics,2,1,1,P2,0.543859649122807,0.5589015151515151,0.2332671189215034,0.0006835020612925,1.1991264233202265e-05,3,231,57,False
within_session,no_ra,W2,oas_trace_eps1e-6,1.0,exact_sorted_order_statistics,2,2,2,P2,0.4035087719298245,0.4044507575757575,0.2234322649892419,0.0008131400682032,1.4265615231635278e-05,3,231,57,False
within_session,no_ra,W2,oas_trace_eps1e-6,2.0,exact_sorted_order_statistics,2,1,1,P2,0.5614035087719298,0.5684659090909091,0.2378700671251863,0.0006857940461486,1.2031474493836102e-05,3,231,57,False
within_session,no_ra,W2,oas_trace_eps1e-6,2.0,exact_sorted_order_statistics,2,2,2,P2,0.4385964912280701,0.4478219696969697,0.2291280492208898,0.0007788648363202,1.3664295374040016e-05,3,231,57,False
within_session,no_ra,W2,oas_trace_eps1e-6,3.0,exact_sorted_order_statistics,2,1,1,P2,0.543859649122807,0.5710227272727273,0.2358102081343531,0.0006339130923151,1.1121282321319244e-05,3,231,57,False
within_session,no_ra,W2,oas_trace_eps1e-6,3.0,exact_sorted_order_statistics,2,2,2,P2,0.4385964912280701,0.4377840909090909,0.2320217378437519,0.0007297238335013,1.280217251756735e-05,3,231,57,False
within_session,no_ra,W2,oas_trace_eps1e-6,4.0,exact_sorted_order_statistics,2,1,1,P2,0.5789473684210527,0.5982954545454545,0.2347149851266294,0.0007577307987958,1.3293522785891566e-05,3,231,57,False
within_session,no_ra,W2,oas_trace_eps1e-6,4.0,exact_sorted_order_statistics,2,2,2,P2,0.4385964912280701,0.4346590909090909,0.2235547588206827,0.0007107621058821,1.2469510629511716e-05,3,231,57,False
within_session,no_ra,W2,oas_trace_eps1e-6,,ordered_nonoverlap,2,1,1,ordered_control,0.6140350877192983,0.631628787878788,1.1346817009616643,0.0197851699776947,0.0003471082452227,3,231,57,False
within_session,no_ra,W2,oas_trace_eps1e-6,,ordered_nonoverlap,2,2,2,ordered_control,0.5614035087719298,0.5674242424242424,1.1398686980828645,0.0193726879078894,0.0003398717176822,3,231,57,False
within_session,no_ra,W1,oas_trace_eps1e-6,,trial_tangent,2,1,1,B1,0.5789473684210527,0.6000323206205559,0.1921434700489044,0.0061240729410201,0.0001074398761582,4,231,57,False
within_session,no_ra,W1,oas_trace_eps1e-6,,trial_tangent,2,2,2,B1,0.543859649122807,0.5412895927601811,0.204217558959499,0.0082760599907487,0.0001451940349254,4,231,57,False
within_session,no_ra,W1,oas_trace_eps1e-6,,airm_nearest_class_mean,2,1,1,B2,0.543859649122807,0.5552682611506141,0.1486512580886483,0.020560811040923,0.000360715983174,4,231,57,False
within_session,no_ra,W1,oas_trace_eps1e-6,,airm_nearest_class_mean,2,2,2,B2,0.3508771929824561,0.3374272786037491,0.1543242468032986,0.021394451148808,0.0003753412482247,4,231,57,False
within_session,no_ra,W1,oas_trace_eps1e-6,,mean_decision_score,2,1,1,B3,0.5087719298245614,0.518584356819651,1.1925421201158315,0.0341493689920753,0.000599111736703,4,231,57,False
within_session,no_ra,W1,oas_trace_eps1e-6,,mean_decision_score,2,2,2,B3,0.543859649122807,0.5462184873949579,1.206455999054015,0.0353130940347909,0.0006195279655226,4,231,57,False
within_session,no_ra,W1,oas_trace_eps1e-6,,majority_vote_secondary,2,1,1,B3_majority,0.4736842105263157,0.4846477052359405,0.0,0.0,0.0,4,231,57,False
within_session,no_ra,W1,oas_trace_eps1e-6,,majority_vote_secondary,2,2,2,B3_majority,0.5087719298245614,0.5109082094376212,0.0,0.0,0.0,4,231,57,False
within_session,no_ra,W1,oas_trace_eps1e-6,,mean_window_log_svec,2,1,1,B4,0.5789473684210527,0.5986586942469296,0.0221053350251168,0.0003736538346856,6.5553304330821625e-06,4,231,57,False
within_session,no_ra,W1,oas_trace_eps1e-6,,mean_window_log_svec,2,2,2,B4,0.4385964912280701,0.4381060116354234,0.0214048291090875,0.0004267210606485,7.486334397343167e-06,4,231,57,False
within_session,no_ra,W1,oas_trace_eps1e-6,0.0,mean_std_projection_moments,2,1,1,B5,0.543859649122807,0.5525210084033614,0.0482430278789252,0.0005770821589976,1.012424840346763e-05,4,231,57,False
within_session,no_ra,W1,oas_trace_eps1e-6,0.0,mean_std_projection_moments,2,2,2,B5,0.3508771929824561,0.3492243051066581,0.0464868920389562,0.0005666490178555,9.941210839570614e-06,4,231,57,False
within_session,no_ra,W1,oas_trace_eps1e-6,1.0,mean_std_projection_moments,2,1,1,B5,0.5964912280701754,0.6043148028442147,0.0496251909062266,0.0005797690246254,1.0171386396937204e-05,4,231,57,False
within_session,no_ra,W1,oas_trace_eps1e-6,1.0,mean_std_projection_moments,2,2,2,B5,0.3859649122807017,0.3953619909502263,0.0475468910299241,0.0004906780086457,8.608386116592507e-06,4,231,57,False
within_session,no_ra,W1,oas_trace_eps1e-6,2.0,mean_std_projection_moments,2,1,1,B5,0.5964912280701754,0.5907401422107305,0.0457622332032769,0.0005341940559446,9.371825542889144e-06,4,231,57,False
within_session,no_ra,W1,oas_trace_eps1e-6,2.0,mean_std_projection_moments,2,2,2,B5,0.3859649122807017,0.3786360698125404,0.0436004810035228,0.0005425061099231,9.517651051282884e-06,4,231,57,False
within_session,no_ra,W1,oas_trace_eps1e-6,3.0,mean_std_projection_moments,2,1,1,B5,0.543859649122807,0.5629444085326438,0.0511911490466445,0.0005872298497706,1.030227806615202e-05,4,231,57,False
within_session,no_ra,W1,oas_trace_eps1e-6,3.0,mean_std_projection_moments,2,2,2,B5,0.4035087719298245,0.4073206205559146,0.0442471571732312,0.0004986240528523,8.747790400919161e-06,4,231,57,False
within_session,no_ra,W1,oas_trace_eps1e-6,4.0,mean_std_projection_moments,2,1,1,B5,0.5614035087719298,0.5808015513897866,0.045535079203546,0.0005340490024536,9.369280744801489e-06,4,231,57,False
within_session,no_ra,W1,oas_trace_eps1e-6,4.0,mean_std_projection_moments,2,2,2,B5,0.3684210526315789,0.3743535875888817,0.049495356855914,0.0006833549123257,1.19886826723814e-05,4,231,57,False
within_session,no_ra,W1,oas_trace_eps1e-6,0.0,pooled_class_measure,2,1,1,P1,0.5614035087719298,0.5609243697478992,0.0033978051505982,0.0418892558664083,0.0007348992257264,4,220,57,False
within_session,no_ra,W1,oas_trace_eps1e-6,0.0,pooled_class_measure,2,2,2,P1,0.2456140350877192,0.2474143503555268,0.0019820241723209,0.0294330089818686,0.0005163685786292,4,220,57,False
within_session,no_ra,W1,oas_trace_eps1e-6,1.0,pooled_class_measure,2,1,1,P1,0.4561403508771929,0.4451357466063348,0.0020559451077133,0.0324952651280909,0.0005700923706682,4,220,57,False
within_session,no_ra,W1,oas_trace_eps1e-6,1.0,pooled_class_measure,2,2,2,P1,0.3333333333333333,0.3421945701357466,0.0020420670043677,0.0325531989801675,0.000571108754038,4,220,57,False
within_session,no_ra,W1,oas_trace_eps1e-6,2.0,pooled_class_measure,2,1,1,P1,0.4561403508771929,0.4604880413703943,0.0025302139110863,0.0408051030244678,0.0007158790004292,4,220,57,False
within_session,no_ra,W1,oas_trace_eps1e-6,2.0,pooled_class_measure,2,2,2,P1,0.2631578947368421,0.2652714932126697,0.0021204762160778,0.0333697949536144,0.0005854349991862,4,220,57,False
within_session,no_ra,W1,oas_trace_eps1e-6,3.0,pooled_class_measure,2,1,1,P1,0.5263157894736842,0.5179379444085327,0.0021180568728595,0.0357125860173255,0.0006265365967951,4,220,57,False
within_session,no_ra,W1,oas_trace_eps1e-6,3.0,pooled_class_measure,2,2,2,P1,0.2631578947368421,0.266645119586296,0.0020666199270635,0.033304434036836,0.0005842883164357,4,220,57,False
within_session,no_ra,W1,oas_trace_eps1e-6,4.0,pooled_class_measure,2,1,1,P1,0.4385964912280701,0.432207498383969,0.0022126729600131,0.0380778040271252,0.0006680316495986,4,220,57,False
within_session,no_ra,W1,oas_trace_eps1e-6,4.0,pooled_class_measure,2,2,2,P1,0.2280701754385964,0.2327084680025856,0.0020656979177147,0.0317058051005005,0.0005562421947456,4,220,57,False
within_session,no_ra,W1,oas_trace_eps1e-6,0.0,exact_sorted_order_statistics,2,1,1,P2,0.543859649122807,0.555672268907563,1.0665680598467588,0.0009633740410208,1.6901298965278426e-05,4,231,57,False
within_session,no_ra,W1,oas_trace_eps1e-6,0.0,exact_sorted_order_statistics,2,2,2,P2,0.4736842105263157,0.4734162895927601,1.0831774428952483,0.0009146088268607,1.6045768892294482e-05,4,231,57,False
within_session,no_ra,W1,oas_trace_eps1e-6,1.0,exact_sorted_order_statistics,2,1,1,P2,0.5263157894736842,0.5346638655462185,1.2288401380646974,0.0009044602047652,1.5867722890617553e-05,4,231,57,False
within_session,no_ra,W1,oas_trace_eps1e-6,1.0,exact_sorted_order_statistics,2,2,2,P2,0.3859649122807017,0.3876858435681965,0.9808193808421491,0.0009182919748127,1.6110385523030634e-05,4,231,57,False
within_session,no_ra,W1,oas_trace_eps1e-6,2.0,exact_sorted_order_statistics,2,1,1,P2,0.5614035087719298,0.5762766645119586,1.161431642016396,0.0010421499609947,1.8283332649030182e-05,4,231,57,False
within_session,no_ra,W1,oas_trace_eps1e-6,2.0,exact_sorted_order_statistics,2,2,2,P2,0.4561403508771929,0.4528118939883645,1.0697409021668136,0.0010878439061343,1.9084980809374855e-05,4,231,57,False
within_session,no_ra,W1,oas_trace_eps1e-6,3.0,exact_sorted_order_statistics,2,1,1,P2,0.5964912280701754,0.6161118293471235,1.058164451038465,0.0009273441974073,1.6269196445743244e-05,4,231,57,False
within_session,no_ra,W1,oas_trace_eps1e-6,3.0,exact_sorted_order_statistics,2,2,2,P2,0.4912280701754385,0.4898998060762767,1.1313874030020088,0.0010103930253535,1.7726193427255278e-05,4,231,57,False
within_session,no_ra,W1,oas_trace_eps1e-6,4.0,exact_sorted_order_statistics,2,1,1,P2,0.543859649122807,0.5629444085326438,1.0643185190856457,0.001097388099879,1.92524228048952e-05,4,231,57,False
within_session,no_ra,W1,oas_trace_eps1e-6,4.0,exact_sorted_order_statistics,2,2,2,P2,0.4035087719298245,0.4082902391725921,1.1525064460001886,0.0009613409638404,1.6865630944569904e-05,4,231,57,False
within_session,no_ra,W2,oas_trace_eps1e-6,,trial_tangent,2,1,1,B1,0.5789473684210527,0.6000323206205559,0.177429158007726,0.0059476241003721,0.0001043442824626,4,231,57,False
within_session,no_ra,W2,oas_trace_eps1e-6,,trial_tangent,2,2,2,B1,0.543859649122807,0.5412895927601811,0.1900224341079592,0.006150531116873,0.0001079040546819,4,231,57,False
within_session,no_ra,W2,oas_trace_eps1e-6,,airm_nearest_class_mean,2,1,1,B2,0.543859649122807,0.5552682611506141,0.1478210508357733,0.0203057648614048,0.0003562414887965,4,231,57,False
within_session,no_ra,W2,oas_trace_eps1e-6,,airm_nearest_class_mean,2,2,2,B2,0.3508771929824561,0.3374272786037491,0.1621595839969813,0.0202224019449204,0.0003547789814898,4,231,57,False
within_session,no_ra,W2,oas_trace_eps1e-6,,mean_decision_score,2,1,1,B3,0.4736842105263157,0.490546218487395,0.7120579720940441,0.0274295390117913,0.000481219982663,4,231,57,False
within_session,no_ra,W2,oas_trace_eps1e-6,,mean_decision_score,2,2,2,B3,0.4385964912280701,0.4335811247575953,0.6826245670672506,0.0210027589928358,0.0003684694560146,4,231,57,False
within_session,no_ra,W2,oas_trace_eps1e-6,,majority_vote_secondary,2,1,1,B3_majority,0.5263157894736842,0.5391887524240465,0.0,0.0,0.0,4,231,57,False
within_session,no_ra,W2,oas_trace_eps1e-6,,majority_vote_secondary,2,2,2,B3_majority,0.4912280701754385,0.4853749191984486,0.0,0.0,0.0,4,231,57,False
within_session,no_ra,W2,oas_trace_eps1e-6,,mean_window_log_svec,2,1,1,B4,0.4912280701754385,0.5084033613445378,0.0213719850871711,0.0004168560262769,7.313263618893791e-06,4,231,57,False
within_session,no_ra,W2,oas_trace_eps1e-6,,mean_window_log_svec,2,2,2,B4,0.4035087719298245,0.4055429864253393,0.0234115230850875,0.0005041188560426,8.844190456888132e-06,4,231,57,False
within_session,no_ra,W2,oas_trace_eps1e-6,0.0,mean_std_projection_moments,2,1,1,B5,0.5087719298245614,0.5168067226890757,0.0446627861820161,0.00049733906053,8.725246675966078e-06,4,231,57,False
within_session,no_ra,W2,oas_trace_eps1e-6,0.0,mean_std_projection_moments,2,2,2,B5,0.3859649122807017,0.3908371040723982,0.0436396619770675,0.0004950629081577,8.685314178205373e-06,4,231,57,False
within_session,no_ra,W2,oas_trace_eps1e-6,1.0,mean_std_projection_moments,2,1,1,B5,0.6140350877192983,0.6158694246929541,0.0456494858954101,0.0005639269948005,9.893456049132763e-06,4,231,57,False
within_session,no_ra,W2,oas_trace_eps1e-6,1.0,mean_std_projection_moments,2,2,2,B5,0.3684210526315789,0.3824337427278604,0.0430547520518302,0.0005088781472295,8.927686793500917e-06,4,231,57,False
within_session,no_ra,W2,oas_trace_eps1e-6,2.0,mean_std_projection_moments,2,1,1,B5,0.5964912280701754,0.5993859082094376,0.0478940310422331,0.000621274113655,1.0899545853598075e-05,4,231,57,False
within_session,no_ra,W2,oas_trace_eps1e-6,2.0,mean_std_projection_moments,2,2,2,B5,0.3333333333333333,0.3313671622495152,0.0459334200713783,0.0005258261226117,9.225019694943177e-06,4,231,57,False
within_session,no_ra,W2,oas_trace_eps1e-6,3.0,mean_std_projection_moments,2,1,1,B5,0.5614035087719298,0.5762766645119586,0.0458825840614736,0.0005982019938528,1.049477182197989e-05,4,231,57,False
within_session,no_ra,W2,oas_trace_eps1e-6,3.0,mean_std_projection_moments,2,2,2,B5,0.5087719298245614,0.5077569489334195,0.0462076920084655,0.000530197052285,9.301702671667986e-06,4,231,57,False
within_session,no_ra,W2,oas_trace_eps1e-6,4.0,mean_std_projection_moments,2,1,1,B5,0.543859649122807,0.5615707821590175,0.0447565778158605,0.0005616759881377,9.853964704170562e-06,4,231,57,False
within_session,no_ra,W2,oas_trace_eps1e-6,4.0,mean_std_projection_moments,2,2,2,B5,0.4561403508771929,0.4541855203619909,0.0504801468923687,0.0005250819958746,9.211964839906025e-06,4,231,57,False
within_session,no_ra,W2,oas_trace_eps1e-6,0.0,pooled_class_measure,2,1,1,P1,0.4561403508771929,0.4482870071105366,0.0012793820351362,0.016647971002385,0.0002920696667085,4,220,57,False
within_session,no_ra,W2,oas_trace_eps1e-6,0.0,pooled_class_measure,2,2,2,P1,0.2807017543859649,0.289027149321267,0.0016307891346514,0.020218000980094,0.0003547017715805,4,220,57,False
within_session,no_ra,W2,oas_trace_eps1e-6,1.0,pooled_class_measure,2,1,1,P1,0.4561403508771929,0.4419844861021331,0.0012825201265513,0.0197269730269908,0.0003460872460875,4,220,57,False
within_session,no_ra,W2,oas_trace_eps1e-6,1.0,pooled_class_measure,2,2,2,P1,0.2982456140350877,0.3082579185520362,0.0012289038859307,0.0163632452022284,0.000287074477232,4,220,57,False
within_session,no_ra,W2,oas_trace_eps1e-6,2.0,pooled_class_measure,2,1,1,P1,0.4912280701754385,0.4930510665804783,0.0013010008260607,0.0219794739969074,0.0003856048069632,4,220,57,False
within_session,no_ra,W2,oas_trace_eps1e-6,2.0,pooled_class_measure,2,2,2,P1,0.2982456140350877,0.3037330316742082,0.0012473408132791,0.0195557889528572,0.0003430840167167,4,220,57,False
within_session,no_ra,W2,oas_trace_eps1e-6,3.0,pooled_class_measure,2,1,1,P1,0.4736842105263157,0.464770523594053,0.0013089650310575,0.0200616950169205,0.0003519595617003,4,220,57,False
within_session,no_ra,W2,oas_trace_eps1e-6,3.0,pooled_class_measure,2,2,2,P1,0.2280701754385964,0.2327084680025856,0.0012568030506372,0.0196877480484545,0.0003453990885693,4,220,57,False
within_session,no_ra,W2,oas_trace_eps1e-6,4.0,pooled_class_measure,2,1,1,P1,0.4561403508771929,0.4469133807369101,0.0012719209771603,0.0192317550536245,0.000337399211467,4,220,57,False
within_session,no_ra,W2,oas_trace_eps1e-6,4.0,pooled_class_measure,2,2,2,P1,0.2456140350877192,0.2519392372333549,0.0012420699931681,0.0163864048663526,0.0002874807871289,4,220,57,False
within_session,no_ra,W2,oas_trace_eps1e-6,0.0,exact_sorted_order_statistics,2,1,1,P2,0.5614035087719298,0.5672268907563025,0.236348794074729,0.0006242690142244,1.09520879688493e-05,4,231,57,False
within_session,no_ra,W2,oas_trace_eps1e-6,0.0,exact_sorted_order_statistics,2,2,2,P2,0.4561403508771929,0.4524078862314156,0.2419705411884933,0.0007514900062233,1.3184035196900368e-05,4,231,57,False
within_session,no_ra,W2,oas_trace_eps1e-6,1.0,exact_sorted_order_statistics,2,1,1,P2,0.631578947368421,0.6396250808015513,0.2319056510459631,0.0007368568331003,1.2927312861409104e-05,4,231,57,False
within_session,no_ra,W2,oas_trace_eps1e-6,1.0,exact_sorted_order_statistics,2,2,2,P2,0.4561403508771929,0.4514382676147382,0.2295637859497219,0.0007067532278597,1.239917943613571e-05,4,231,57,False
within_session,no_ra,W2,oas_trace_eps1e-6,2.0,exact_sorted_order_statistics,2,1,1,P2,0.5263157894736842,0.5391887524240465,0.2378180909436196,0.0007106000557541,1.246666764481026e-05,4,231,57,False
within_session,no_ra,W2,oas_trace_eps1e-6,2.0,exact_sorted_order_statistics,2,2,2,P2,0.4736842105263157,0.4738202973497091,0.2303050030022859,0.0006761329714208,1.1861981954752354e-05,4,231,57,False
within_session,no_ra,W2,oas_trace_eps1e-6,3.0,exact_sorted_order_statistics,2,1,1,P2,0.543859649122807,0.5615707821590175,0.2417449811473488,0.0007019788026809,1.2315417590894198e-05,4,231,57,False
within_session,no_ra,W2,oas_trace_eps1e-6,3.0,exact_sorted_order_statistics,2,2,2,P2,0.5087719298245614,0.5077569489334195,0.2304564879741519,0.0006878490094095,1.2067526480869244e-05,4,231,57,False
within_session,no_ra,W2,oas_trace_eps1e-6,4.0,exact_sorted_order_statistics,2,1,1,P2,0.5614035087719298,0.5808015513897866,0.2345944920089095,0.0007016609888523,1.2309841909690908e-05,4,231,57,False
within_session,no_ra,W2,oas_trace_eps1e-6,4.0,exact_sorted_order_statistics,2,2,2,P2,0.4385964912280701,0.4349547511312217,0.2337106049526482,0.0006810668855905,1.1948541852465848e-05,4,231,57,False
within_session,no_ra,W2,oas_trace_eps1e-6,,ordered_nonoverlap,2,1,1,ordered_control,0.631578947368421,0.6305753070458953,1.060500416904688,0.0191419851034879,0.0003358243000611,4,231,57,False
within_session,no_ra,W2,oas_trace_eps1e-6,,ordered_nonoverlap,2,2,2,ordered_control,0.5087719298245614,0.5059793148028442,1.1065692340489477,0.0238799769431352,0.0004189469639146,4,231,57,False
within_session,no_ra,W1,oas_trace_eps1e-6,,trial_tangent,3,1,1,B1,0.8620689655172413,0.8558069381598794,0.1995657042134553,0.0077608360443264,0.0001338075180056,0,230,58,False
within_session,no_ra,W1,oas_trace_eps1e-6,,trial_tangent,3,2,2,B1,0.8448275862068966,0.8468325791855204,0.1886569319758564,0.0058386400341987,0.0001006662074861,0,230,58,False
within_session,no_ra,W1,oas_trace_eps1e-6,,airm_nearest_class_mean,3,1,1,B2,0.7068965517241379,0.7110859728506788,0.1490086619742214,0.0204386848490685,0.0003523911180873,0,230,58,False
within_session,no_ra,W1,oas_trace_eps1e-6,,airm_nearest_class_mean,3,2,2,B2,0.7931034482758621,0.7987933634992459,0.1566735310479998,0.0203962340019643,0.0003516592069304,0,230,58,False
within_session,no_ra,W1,oas_trace_eps1e-6,,mean_decision_score,3,1,1,B3,0.8793103448275862,0.872473604826546,1.2399267831351608,0.050583102973178,0.0008721224650547,0,230,58,False
within_session,no_ra,W1,oas_trace_eps1e-6,,mean_decision_score,3,2,2,B3,0.8275862068965517,0.8295625942684766,1.1697074889671055,0.0359616249334067,0.0006200280160932,0,230,58,False
within_session,no_ra,W1,oas_trace_eps1e-6,,majority_vote_secondary,3,1,1,B3_majority,0.8620689655172413,0.8603318250377074,0.0,0.0,0.0,0,230,58,False
within_session,no_ra,W1,oas_trace_eps1e-6,,majority_vote_secondary,3,2,2,B3_majority,0.8793103448275862,0.8795625942684766,0.0,0.0,0.0,0,230,58,False
within_session,no_ra,W1,oas_trace_eps1e-6,,mean_window_log_svec,3,1,1,B4,0.8275862068965517,0.826395173453997,0.0222775589209049,0.0004267687909305,7.358082602250165e-06,0,230,58,False
within_session,no_ra,W1,oas_trace_eps1e-6,,mean_window_log_svec,3,2,2,B4,0.896551724137931,0.8962292609351432,0.0216069079469889,0.000404086895287,6.967015435983395e-06,0,230,58,False
within_session,no_ra,W1,oas_trace_eps1e-6,0.0,mean_std_projection_moments,3,1,1,B5,0.7931034482758621,0.7975867269984918,0.0440736040472984,0.0004800111055374,8.276053543748526e-06,0,230,58,False
within_session,no_ra,W1,oas_trace_eps1e-6,0.0,mean_std_projection_moments,3,2,2,B5,0.8275862068965517,0.8244343891402715,0.0461158659309148,0.0006377310492098,1.0995362917410917e-05,0,230,58,False
within_session,no_ra,W1,oas_trace_eps1e-6,1.0,mean_std_projection_moments,3,1,1,B5,0.7931034482758621,0.7924585218702866,0.0455389970447868,0.0006248070858418,1.0772535962791278e-05,0,230,58,False
within_session,no_ra,W1,oas_trace_eps1e-6,1.0,mean_std_projection_moments,3,2,2,B5,0.8793103448275862,0.8795625942684766,0.045716144144535,0.0004912328440696,8.46953179430345e-06,0,230,58,False
within_session,no_ra,W1,oas_trace_eps1e-6,2.0,mean_std_projection_moments,3,1,1,B5,0.6724137931034483,0.6680995475113122,0.0425580849405378,0.0004903769586235,8.454775148681525e-06,0,230,58,False
within_session,no_ra,W1,oas_trace_eps1e-6,2.0,mean_std_projection_moments,3,2,2,B5,0.7758620689655172,0.7783559577677225,0.0464250121731311,0.0004823729395866,8.3167748204593e-06,0,230,58,False
within_session,no_ra,W1,oas_trace_eps1e-6,3.0,mean_std_projection_moments,3,1,1,B5,0.7931034482758621,0.7924585218702865,0.0458699599839746,0.0005490181501954,9.465830175784128e-06,0,230,58,False
within_session,no_ra,W1,oas_trace_eps1e-6,3.0,mean_std_projection_moments,3,2,2,B5,0.7758620689655172,0.7744343891402716,0.0432968658860772,0.0005359910428524,9.241224876765546e-06,0,230,58,False
within_session,no_ra,W1,oas_trace_eps1e-6,4.0,mean_std_projection_moments,3,1,1,B5,0.7241379310344828,0.7212669683257917,0.0463792430236935,0.0005538761615753,9.549588992677884e-06,0,230,58,False
within_session,no_ra,W1,oas_trace_eps1e-6,4.0,mean_std_projection_moments,3,2,2,B5,0.8620689655172413,0.867420814479638,0.0504121310077607,0.0006343899294734,1.0937757404713795e-05,0,230,58,False
within_session,no_ra,W1,oas_trace_eps1e-6,0.0,pooled_class_measure,3,1,1,P1,0.7413793103448276,0.7469834087481146,0.0020797641482204,0.0407669721171259,0.0007028788296056,0,220,58,False
within_session,no_ra,W1,oas_trace_eps1e-6,0.0,pooled_class_measure,3,2,2,P1,0.7586206896551724,0.7571644042232277,0.0024957649875432,0.0393564319238066,0.0006785591711001,0,220,58,False
within_session,no_ra,W1,oas_trace_eps1e-6,1.0,pooled_class_measure,3,1,1,P1,0.6206896551724138,0.6214177978883861,0.001992821926251,0.0340856390539556,0.0005876834319647,0,220,58,False
within_session,no_ra,W1,oas_trace_eps1e-6,1.0,pooled_class_measure,3,2,2,P1,0.7413793103448276,0.7456259426847662,0.001968900905922,0.0313849560916423,0.0005411199326145,0,220,58,False
within_session,no_ra,W1,oas_trace_eps1e-6,2.0,pooled_class_measure,3,1,1,P1,0.5689655172413793,0.5643288084464555,0.0024507879279553,0.0398852860089391,0.0006876773449817,0,220,58,False
within_session,no_ra,W1,oas_trace_eps1e-6,2.0,pooled_class_measure,3,2,2,P1,0.6379310344827587,0.6444193061840121,0.0020434600301086,0.0308493277989327,0.0005318849620505,0,220,58,False
within_session,no_ra,W1,oas_trace_eps1e-6,3.0,pooled_class_measure,3,1,1,P1,0.7241379310344828,0.7277526395173454,0.002524757059291,0.0381350698880851,0.0006575012049669,0,220,58,False
within_session,no_ra,W1,oas_trace_eps1e-6,3.0,pooled_class_measure,3,2,2,P1,0.7413793103448276,0.7456259426847662,0.0021527949720621,0.0430515590123832,0.0007422682588341,0,220,58,False
within_session,no_ra,W1,oas_trace_eps1e-6,4.0,pooled_class_measure,3,1,1,P1,0.6206896551724138,0.6194570135746607,0.0021052239462733,0.0346838471014052,0.0005979973638173,0,220,58,False
within_session,no_ra,W1,oas_trace_eps1e-6,4.0,pooled_class_measure,3,2,2,P1,0.6896551724137931,0.6879336349924585,0.0020633570384234,0.0323977980297058,0.0005585827246501,0,220,58,False
within_session,no_ra,W1,oas_trace_eps1e-6,0.0,exact_sorted_order_statistics,3,1,1,P2,0.8275862068965517,0.826395173453997,1.0513003359083086,0.0010069881100207,1.7361863965875115e-05,0,230,58,False
within_session,no_ra,W1,oas_trace_eps1e-6,0.0,exact_sorted_order_statistics,3,2,2,P2,0.8275862068965517,0.8289592760180995,1.130161598091945,0.0010456379968672,1.802824132529826e-05,0,230,58,False
within_session,no_ra,W1,oas_trace_eps1e-6,1.0,exact_sorted_order_statistics,3,1,1,P2,0.7931034482758621,0.790497737556561,1.0491170280147344,0.0008546151220798,1.4734743484135332e-05,0,230,58,False
within_session,no_ra,W1,oas_trace_eps1e-6,1.0,exact_sorted_order_statistics,3,2,2,P2,0.8620689655172413,0.8648567119155355,1.0980280730873346,0.0008704408537596,1.5007600926890456e-05,0,230,58,False
within_session,no_ra,W1,oas_trace_eps1e-6,2.0,exact_sorted_order_statistics,3,1,1,P2,0.7758620689655172,0.7712669683257918,1.0112253581173718,0.0010503879748284,1.8110137497042788e-05,0,230,58,False
within_session,no_ra,W1,oas_trace_eps1e-6,2.0,exact_sorted_order_statistics,3,2,2,P2,0.8103448275862069,0.8213423831070891,0.9531066368799656,0.0009068269282579,1.5634947038930038e-05,0,230,58,False
within_session,no_ra,W1,oas_trace_eps1e-6,3.0,exact_sorted_order_statistics,3,1,1,P2,0.8103448275862069,0.8071644042232278,1.0990153499878943,0.0011290938127785,1.946713470307917e-05,0,230,58,False
within_session,no_ra,W1,oas_trace_eps1e-6,3.0,exact_sorted_order_statistics,3,2,2,P2,0.8275862068965517,0.826998491704374,0.9952727851923556,0.0010739888530224,1.8517049190042348e-05,0,230,58,False
within_session,no_ra,W1,oas_trace_eps1e-6,4.0,exact_sorted_order_statistics,3,1,1,P2,0.7586206896551724,0.7565610859728507,1.1513848900794983,0.0009629749692976,1.6603016712028405e-05,0,230,58,False
within_session,no_ra,W1,oas_trace_eps1e-6,4.0,exact_sorted_order_statistics,3,2,2,P2,0.896551724137931,0.8987933634992459,1.1173857140820471,0.0009218400809913,1.5893794499851507e-05,0,230,58,False
within_session,no_ra,W2,oas_trace_eps1e-6,,trial_tangent,3,1,1,B1,0.8620689655172413,0.8558069381598794,0.1716691891197115,0.0058540238533169,0.0001009314457468,0,230,58,False
within_session,no_ra,W2,oas_trace_eps1e-6,,trial_tangent,3,2,2,B1,0.8448275862068966,0.8468325791855204,0.1713173619937151,0.0058362248819321,0.0001006245669298,0,230,58,False
within_session,no_ra,W2,oas_trace_eps1e-6,,airm_nearest_class_mean,3,1,1,B2,0.7068965517241379,0.7110859728506788,0.1450224958825856,0.0214422238059341,0.0003696935138954,0,230,58,False
within_session,no_ra,W2,oas_trace_eps1e-6,,airm_nearest_class_mean,3,2,2,B2,0.7931034482758621,0.7987933634992459,0.1554525189567357,0.0201637439895421,0.0003476507584403,0,230,58,False
within_session,no_ra,W2,oas_trace_eps1e-6,,mean_decision_score,3,1,1,B3,0.8275862068965517,0.830920060331825,0.6529077240265906,0.030975020956248,0.0005340520854525,0,230,58,False
within_session,no_ra,W2,oas_trace_eps1e-6,,mean_decision_score,3,2,2,B3,0.8275862068965517,0.8295625942684766,0.658530391054228,0.0211594309657812,0.000364817775272,0,230,58,False
within_session,no_ra,W2,oas_trace_eps1e-6,,majority_vote_secondary,3,1,1,B3_majority,0.8448275862068966,0.8436651583710407,0.0,0.0,0.0,0,230,58,False
within_session,no_ra,W2,oas_trace_eps1e-6,,majority_vote_secondary,3,2,2,B3_majority,0.7758620689655172,0.7803167420814481,0.0,0.0,0.0,0,230,58,False
within_session,no_ra,W2,oas_trace_eps1e-6,,mean_window_log_svec,3,1,1,B4,0.8103448275862069,0.8097285067873303,0.0274563890416175,0.0005353360902518,9.229932590548334e-06,0,230,58,False
within_session,no_ra,W2,oas_trace_eps1e-6,,mean_window_log_svec,3,2,2,B4,0.8793103448275862,0.8795625942684766,0.0216082830447703,0.0004361970350146,7.520638534734989e-06,0,230,58,False
within_session,no_ra,W2,oas_trace_eps1e-6,0.0,mean_std_projection_moments,3,1,1,B5,0.7758620689655172,0.7828808446455505,0.0522773540578782,0.000632822047919,1.0910724964121292e-05,0,230,58,False
within_session,no_ra,W2,oas_trace_eps1e-6,0.0,mean_std_projection_moments,3,2,2,B5,0.8103448275862069,0.8142533936651584,0.044586373027414,0.0005082390271127,8.762741846771076e-06,0,230,58,False
within_session,no_ra,W2,oas_trace_eps1e-6,1.0,mean_std_projection_moments,3,1,1,B5,0.7241379310344828,0.7316742081447963,0.0447241330984979,0.0004992939066141,8.608515631279041e-06,0,230,58,False
within_session,no_ra,W2,oas_trace_eps1e-6,1.0,mean_std_projection_moments,3,2,2,B5,0.8448275862068966,0.8501508295625942,0.0436902490910142,0.0005050029139965,8.706946793044435e-06,0,230,58,False
within_session,no_ra,W2,oas_trace_eps1e-6,2.0,mean_std_projection_moments,3,1,1,B5,0.6896551724137931,0.6892911010558069,0.0459578298032283,0.0005788200069218,9.97965529175668e-06,0,230,58,False
within_session,no_ra,W2,oas_trace_eps1e-6,2.0,mean_std_projection_moments,3,2,2,B5,0.7413793103448276,0.7444193061840121,0.0456525338813662,0.0005671679973602,9.778758575176371e-06,0,230,58,False
within_session,no_ra,W2,oas_trace_eps1e-6,3.0,mean_std_projection_moments,3,1,1,B5,0.8103448275862069,0.8052036199095023,0.0474420150276273,0.0005682769697159,9.797878788206083e-06,0,230,58,False
within_session,no_ra,W2,oas_trace_eps1e-6,3.0,mean_std_projection_moments,3,2,2,B5,0.7413793103448276,0.740497737556561,0.0454703650902956,0.0005294440779834,9.128346172129288e-06,0,230,58,False
within_session,no_ra,W2,oas_trace_eps1e-6,4.0,mean_std_projection_moments,3,1,1,B5,0.7586206896551724,0.7552036199095022,0.0504046347923576,0.0006135939620435,1.057920624212972e-05,0,230,58,False
within_session,no_ra,W2,oas_trace_eps1e-6,4.0,mean_std_projection_moments,3,2,2,B5,0.8275862068965517,0.8334841628959275,0.0463688599411398,0.000549903139472,9.48108861158634e-06,0,230,58,False
within_session,no_ra,W2,oas_trace_eps1e-6,0.0,pooled_class_measure,3,1,1,P1,0.6551724137931034,0.653393665158371,0.0012835778761655,0.0192357490304857,0.0003316508453532,0,220,58,False
within_session,no_ra,W2,oas_trace_eps1e-6,0.0,pooled_class_measure,3,2,2,P1,0.7068965517241379,0.7046003016591251,0.0012738208752125,0.0187900308519601,0.0003239660491717,0,220,58,False
within_session,no_ra,W2,oas_trace_eps1e-6,1.0,pooled_class_measure,3,1,1,P1,0.5862068965517241,0.5880844645550528,0.0012887329794466,0.0185821910854429,0.0003203826049214,0,220,58,False
within_session,no_ra,W2,oas_trace_eps1e-6,1.0,pooled_class_measure,3,2,2,P1,0.7241379310344828,0.7289592760180996,0.0013135389890521,0.019323281943798,0.0003331600335137,0,220,58,False
within_session,no_ra,W2,oas_trace_eps1e-6,2.0,pooled_class_measure,3,1,1,P1,0.5862068965517241,0.5790346907993967,0.0013111820444464,0.0193606840912252,0.0003338048981245,0,220,58,False
within_session,no_ra,W2,oas_trace_eps1e-6,2.0,pooled_class_measure,3,2,2,P1,0.603448275862069,0.6104826546003017,0.0012849839404225,0.0201857460197061,0.000348030103788,0,220,58,False
within_session,no_ra,W2,oas_trace_eps1e-6,3.0,pooled_class_measure,3,1,1,P1,0.7241379310344828,0.7206636500754149,0.00165869994089,0.0231804039794951,0.0003996621375775,0,220,58,False
within_session,no_ra,W2,oas_trace_eps1e-6,3.0,pooled_class_measure,3,2,2,P1,0.7413793103448276,0.7501508295625943,0.0012768239248543,0.0166332270018756,0.0002867797758944,0,220,58,False
within_session,no_ra,W2,oas_trace_eps1e-6,4.0,pooled_class_measure,3,1,1,P1,0.5862068965517241,0.5835595776772247,0.001289244974032,0.0212379461154341,0.0003661714847488,0,220,58,False
within_session,no_ra,W2,oas_trace_eps1e-6,4.0,pooled_class_measure,3,2,2,P1,0.6206896551724138,0.6200603318250377,0.0012915460392832,0.0187552880961447,0.0003233670361404,0,220,58,False
within_session,no_ra,W2,oas_trace_eps1e-6,0.0,exact_sorted_order_statistics,3,1,1,P2,0.7413793103448276,0.7444193061840121,0.2552632819861173,0.0007031380664557,1.2123070111305547e-05,0,230,58,False
within_session,no_ra,W2,oas_trace_eps1e-6,0.0,exact_sorted_order_statistics,3,2,2,P2,0.8620689655172413,0.8648567119155355,0.2431192379444837,0.0007485239766538,1.2905585804376108e-05,0,230,58,False
within_session,no_ra,W2,oas_trace_eps1e-6,1.0,exact_sorted_order_statistics,3,1,1,P2,0.7068965517241379,0.7169683257918552,0.2380393499042838,0.0006595321465283,1.1371243905661435e-05,0,230,58,False
within_session,no_ra,W2,oas_trace_eps1e-6,1.0,exact_sorted_order_statistics,3,2,2,P2,0.8448275862068966,0.8501508295625942,0.2345767389051616,0.0007063408847898,1.217829111706594e-05,0,230,58,False
within_session,no_ra,W2,oas_trace_eps1e-6,2.0,exact_sorted_order_statistics,3,1,1,P2,0.7586206896551724,0.7610859728506787,0.2402939680032432,0.0007737760897725,1.3340967065044518e-05,0,230,58,False
within_session,no_ra,W2,oas_trace_eps1e-6,2.0,exact_sorted_order_statistics,3,2,2,P2,0.8103448275862069,0.8142533936651584,0.2323748201597482,0.0007289121858775,1.2567451480647611e-05,0,230,58,False
within_session,no_ra,W2,oas_trace_eps1e-6,3.0,exact_sorted_order_statistics,3,1,1,P2,0.8275862068965517,0.8269984917043741,0.2370822788216173,0.0008636389393359,1.4890326540274866e-05,0,230,58,False
within_session,no_ra,W2,oas_trace_eps1e-6,3.0,exact_sorted_order_statistics,3,2,2,P2,0.7241379310344828,0.7187028657616894,0.2341173051390797,0.0006899361032992,1.1895450056883797e-05,0,230,58,False
within_session,no_ra,W2,oas_trace_eps1e-6,4.0,exact_sorted_order_statistics,3,1,1,P2,0.7758620689655172,0.7738310708898943,0.2350854601245373,0.0007058021146804,1.2169001977248438e-05,0,230,58,False
within_session,no_ra,W2,oas_trace_eps1e-6,4.0,exact_sorted_order_statistics,3,2,2,P2,0.8103448275862069,0.8168174962292609,0.2394696399569511,0.0007278721313923,1.2549519506764824e-05,0,230,58,False
within_session,no_ra,W2,oas_trace_eps1e-6,,ordered_nonoverlap,3,1,1,ordered_control,0.7758620689655172,0.7848416289592761,1.1159647749736905,0.0216623041778802,0.0003734880030669,0,230,58,False
within_session,no_ra,W2,oas_trace_eps1e-6,,ordered_nonoverlap,3,2,2,ordered_control,0.896551724137931,0.8942684766214177,1.1940616760402918,0.0198523830622434,0.0003422824665904,0,230,58,False
within_session,no_ra,W1,oas_trace_eps1e-6,,trial_tangent,3,1,1,B1,0.8448275862068966,0.8537170550038197,0.1758254419546574,0.0060318729374557,0.0001039978092664,1,230,58,False
within_session,no_ra,W1,oas_trace_eps1e-6,,trial_tangent,3,2,2,B1,0.7586206896551724,0.7876838235294118,0.1944821418728679,0.0088366458658128,0.0001523559632036,1,230,58,False
within_session,no_ra,W1,oas_trace_eps1e-6,,airm_nearest_class_mean,3,1,1,B2,0.7586206896551724,0.7707338617265088,0.156563209136948,0.0281373499892652,0.0004851267239528,1,230,58,False
within_session,no_ra,W1,oas_trace_eps1e-6,,airm_nearest_class_mean,3,2,2,B2,0.8103448275862069,0.8295693277310925,0.1629711010027676,0.022856794996187,0.000394082672348,1,230,58,False
within_session,no_ra,W1,oas_trace_eps1e-6,,mean_decision_score,3,1,1,B3,0.8448275862068966,0.8514849121466769,1.1586319420021027,0.0350173939950764,0.0006037481723289,1,230,58,False
within_session,no_ra,W1,oas_trace_eps1e-6,,mean_decision_score,3,2,2,B3,0.896551724137931,0.9090073529411764,1.2163261871319264,0.036523233866319,0.0006297109287296,1,230,58,False
within_session,no_ra,W1,oas_trace_eps1e-6,,majority_vote_secondary,3,1,1,B3_majority,0.8103448275862069,0.8202349121466769,0.0,0.0,0.0,1,230,58,False
within_session,no_ra,W1,oas_trace_eps1e-6,,majority_vote_secondary,3,2,2,B3_majority,0.8103448275862069,0.8274565508021391,0.0,0.0,0.0,1,230,58,False
within_session,no_ra,W1,oas_trace_eps1e-6,,mean_window_log_svec,3,1,1,B4,0.8620689655172413,0.8732930672268908,0.0211032941006124,0.0003832471556961,6.607709580968166e-06,1,230,58,False
within_session,no_ra,W1,oas_trace_eps1e-6,,mean_window_log_svec,3,2,2,B4,0.8275862068965517,0.8461134453781514,0.0219112141057848,0.0004273010417819,7.367259341067281e-06,1,230,58,False
within_session,no_ra,W1,oas_trace_eps1e-6,0.0,mean_std_projection_moments,3,1,1,B5,0.896551724137931,0.9067752100840336,0.0447919860016554,0.0005442479159682,9.38358475807412e-06,1,230,58,False
within_session,no_ra,W1,oas_trace_eps1e-6,0.0,mean_std_projection_moments,3,2,2,B5,0.7931034482758621,0.8126313025210085,0.0455633229576051,0.0005434229969978,9.369362017204022e-06,1,230,58,False
within_session,no_ra,W1,oas_trace_eps1e-6,1.0,mean_std_projection_moments,3,1,1,B5,0.896551724137931,0.898753819709702,0.0466338039841502,0.0005438840016722,9.377310373659792e-06,1,230,58,False
within_session,no_ra,W1,oas_trace_eps1e-6,1.0,mean_std_projection_moments,3,2,2,B5,0.8275862068965517,0.8461134453781514,0.0478349269833415,0.0004850008990615,8.362084466578631e-06,1,230,58,False
within_session,no_ra,W1,oas_trace_eps1e-6,2.0,mean_std_projection_moments,3,1,1,B5,0.7586206896551724,0.7765111726508785,0.0498379680793732,0.0005835108458995,1.006053182585486e-05,1,230,58,False
within_session,no_ra,W1,oas_trace_eps1e-6,2.0,mean_std_projection_moments,3,2,2,B5,0.8448275862068966,0.8568683155080214,0.0471896070521324,0.000532120000571,9.174482768465733e-06,1,230,58,False
within_session,no_ra,W1,oas_trace_eps1e-6,3.0,mean_std_projection_moments,3,1,1,B5,0.8620689655172413,0.8742121848739496,0.0469617480412125,0.000534304883331,9.212153160880352e-06,1,230,58,False
within_session,no_ra,W1,oas_trace_eps1e-6,3.0,mean_std_projection_moments,3,2,2,B5,0.7758620689655172,0.7947741596638656,0.0517994300462305,0.0005736029706895,9.88970639119888e-06,1,230,58,False
within_session,no_ra,W1,oas_trace_eps1e-6,4.0,mean_std_projection_moments,3,1,1,B5,0.8275862068965517,0.8358599121466769,0.0478476739954203,0.0005858219228684,1.010037798049121e-05,1,230,58,False
within_session,no_ra,W1,oas_trace_eps1e-6,4.0,mean_std_projection_moments,3,2,2,B5,0.7931034482758621,0.8036907944996181,0.0419306189287453,0.0004889678675681,8.430480475312678e-06,1,230,58,False
within_session,no_ra,W1,oas_trace_eps1e-6,0.0,pooled_class_measure,3,1,1,P1,0.7413793103448276,0.7461683537051185,0.0021017109975218,0.0336316779721528,0.0005798565167612,1,220,58,False
within_session,no_ra,W1,oas_trace_eps1e-6,0.0,pooled_class_measure,3,2,2,P1,0.6896551724137931,0.7121848739495799,0.0020187699701637,0.0287531609646976,0.0004957441545637,1,220,58,False
within_session,no_ra,W1,oas_trace_eps1e-6,1.0,pooled_class_measure,3,1,1,P1,0.7241379310344828,0.7331813407181054,0.0021126358769834,0.0363155719824135,0.0006261305514209,1,220,58,False
within_session,no_ra,W1,oas_trace_eps1e-6,1.0,pooled_class_measure,3,2,2,P1,0.6896551724137931,0.7081144957983192,0.0020317300222814,0.0319449761882424,0.0005507754515214,1,220,58,False
within_session,no_ra,W1,oas_trace_eps1e-6,2.0,pooled_class_measure,3,1,1,P1,0.6896551724137931,0.6921910809778458,0.002135528018698,0.0390792579855769,0.0006737803100961,1,220,58,False
within_session,no_ra,W1,oas_trace_eps1e-6,2.0,pooled_class_measure,3,2,2,P1,0.6724137931034483,0.6894576012223071,0.0023815149907022,0.037230720045045,0.0006419089662938,1,220,58,False
within_session,no_ra,W1,oas_trace_eps1e-6,3.0,pooled_class_measure,3,1,1,P1,0.7586206896551724,0.7595612108479756,0.0020155380479991,0.0362546269316226,0.0006250797746831,1,220,58,False
within_session,no_ra,W1,oas_trace_eps1e-6,3.0,pooled_class_measure,3,2,2,P1,0.6896551724137931,0.7121848739495799,0.0019708389881998,0.0313363808672875,0.0005402824287463,1,220,58,False
within_session,no_ra,W1,oas_trace_eps1e-6,4.0,pooled_class_measure,3,1,1,P1,0.7241379310344828,0.7305433537051185,0.0024122251197695,0.0328131730202585,0.0005657443624182,1,220,58,False
within_session,no_ra,W1,oas_trace_eps1e-6,4.0,pooled_class_measure,3,2,2,P1,0.6896551724137931,0.7045693277310925,0.0020559669937938,0.0341130900196731,0.0005881567244771,1,220,58,False
within_session,no_ra,W1,oas_trace_eps1e-6,0.0,exact_sorted_order_statistics,3,1,1,P2,0.8275862068965517,0.8412433155080214,1.053963849088177,0.0009705580305308,1.6733759147082938e-05,1,230,58,False
within_session,no_ra,W1,oas_trace_eps1e-6,0.0,exact_sorted_order_statistics,3,2,2,P2,0.8103448275862069,0.8282563025210085,1.0962080149911344,0.0009692970197647,1.6712017582151398e-05,1,230,58,False
within_session,no_ra,W1,oas_trace_eps1e-6,1.0,exact_sorted_order_statistics,3,1,1,P2,0.8793103448275862,0.8747135217723454,1.0165722991805524,0.0009437908884137,1.6272256696789428e-05,1,230,58,False
within_session,no_ra,W1,oas_trace_eps1e-6,1.0,exact_sorted_order_statistics,3,2,2,P2,0.7758620689655172,0.7979254201680672,0.99079277808778,0.0008881140965968,1.5312312010290294e-05,1,230,58,False
within_session,no_ra,W1,oas_trace_eps1e-6,2.0,exact_sorted_order_statistics,3,1,1,P2,0.7413793103448276,0.7631183155080214,1.2520946809090674,0.0010479409247636,1.806794697868413e-05,1,230,58,False
within_session,no_ra,W1,oas_trace_eps1e-6,2.0,exact_sorted_order_statistics,3,2,2,P2,0.8620689655172413,0.8805147058823529,1.3031361349858344,0.0009926781058311,1.7115139755709417e-05,1,230,58,False
within_session,no_ra,W1,oas_trace_eps1e-6,3.0,exact_sorted_order_statistics,3,1,1,P2,0.8793103448275862,0.8907563025210085,1.0989856799133122,0.0009076339192688,1.5648860677049077e-05,1,230,58,False
within_session,no_ra,W1,oas_trace_eps1e-6,3.0,exact_sorted_order_statistics,3,2,2,P2,0.7931034482758621,0.8103991596638656,1.0738898750860244,0.0008298270404338,1.4307362766101442e-05,1,230,58,False
within_session,no_ra,W1,oas_trace_eps1e-6,4.0,exact_sorted_order_statistics,3,1,1,P2,0.8793103448275862,0.8920693277310925,1.0177597219590098,0.0010250110644847,1.76726045600813e-05,1,230,58,False
within_session,no_ra,W1,oas_trace_eps1e-6,4.0,exact_sorted_order_statistics,3,2,2,P2,0.8275862068965517,0.8451943277310925,1.0716934371739626,0.0010117120109498,1.7443310533618106e-05,1,230,58,False
within_session,no_ra,W2,oas_trace_eps1e-6,,trial_tangent,3,1,1,B1,0.8448275862068966,0.8537170550038197,0.2102688769809901,0.0081544660497456,0.0001405942422369,1,230,58,False
within_session,no_ra,W2,oas_trace_eps1e-6,,trial_tangent,3,2,2,B1,0.7586206896551724,0.7876838235294118,0.1808154229074716,0.006154207047075,0.000106107018053,1,230,58,False
within_session,no_ra,W2,oas_trace_eps1e-6,,airm_nearest_class_mean,3,1,1,B2,0.7586206896551724,0.7707338617265088,0.1579551340546459,0.0210665201302617,0.0003632158643148,1,230,58,False
within_session,no_ra,W2,oas_trace_eps1e-6,,airm_nearest_class_mean,3,2,2,B2,0.8103448275862069,0.8295693277310925,0.1472213531378656,0.0209576080087572,0.0003613380691165,1,230,58,False
within_session,no_ra,W2,oas_trace_eps1e-6,,mean_decision_score,3,1,1,B3,0.8103448275862069,0.8202349121466769,0.6558094318024814,0.0207666670903563,0.0003580459843164,1,230,58,False
within_session,no_ra,W2,oas_trace_eps1e-6,,mean_decision_score,3,2,2,B3,0.8448275862068966,0.851878819709702,0.6377419289201498,0.0204972599167376,0.0003534010330472,1,230,58,False
within_session,no_ra,W2,oas_trace_eps1e-6,,majority_vote_secondary,3,1,1,B3_majority,0.7931034482758621,0.8073672650878534,0.0,0.0,0.0,1,230,58,False
within_session,no_ra,W2,oas_trace_eps1e-6,,majority_vote_secondary,3,2,2,B3_majority,0.8275862068965517,0.8371729373567609,0.0,0.0,0.0,1,230,58,False
within_session,no_ra,W2,oas_trace_eps1e-6,,mean_window_log_svec,3,1,1,B4,0.8275862068965517,0.8349407944996181,0.0211947339121252,0.0004430881235748,7.639450406462982e-06,1,230,58,False
within_session,no_ra,W2,oas_trace_eps1e-6,,mean_window_log_svec,3,2,2,B4,0.8103448275862069,0.8224670550038197,0.0227644031401723,0.0004777840804308,8.23765655915285e-06,1,230,58,False
within_session,no_ra,W2,oas_trace_eps1e-6,0.0,mean_std_projection_moments,3,1,1,B5,0.8448275862068966,0.8608193277310925,0.04695107601583,0.0005397140048444,9.305413876628054e-06,1,230,58,False
within_session,no_ra,W2,oas_trace_eps1e-6,0.0,mean_std_projection_moments,3,2,2,B5,0.7241379310344828,0.7457863827349122,0.0441888840869069,0.0005304939113557,9.146446747512653e-06,1,230,58,False
within_session,no_ra,W2,oas_trace_eps1e-6,1.0,mean_std_projection_moments,3,1,1,B5,0.7241379310344828,0.7336946142093201,0.0546174999326467,0.0006506361532956,1.1217864711993728e-05,1,230,58,False
within_session,no_ra,W2,oas_trace_eps1e-6,1.0,mean_std_projection_moments,3,2,2,B5,0.8103448275862069,0.8304884453781514,0.0430100609082728,0.0005450139287859,9.396791875619311e-06,1,230,58,False
within_session,no_ra,W2,oas_trace_eps1e-6,2.0,mean_std_projection_moments,3,1,1,B5,0.7241379310344828,0.7493315508021391,0.0460229320451617,0.0005565411411225,9.595536915906545e-06,1,230,58,False
within_session,no_ra,W2,oas_trace_eps1e-6,2.0,mean_std_projection_moments,3,2,2,B5,0.7758620689655172,0.7908231474407945,0.0593025819398462,0.0007164299022406,1.2352239693804032e-05,1,230,58,False
within_session,no_ra,W2,oas_trace_eps1e-6,3.0,mean_std_projection_moments,3,1,1,B5,0.8620689655172413,0.8671099121466769,0.0456071321386843,0.0005236298311501,9.028100537071968e-06,1,230,58,False
within_session,no_ra,W2,oas_trace_eps1e-6,3.0,mean_std_projection_moments,3,2,2,B5,0.7931034482758621,0.8085609243697478,0.0471454730723053,0.0005511830095201,9.503155336554707e-06,1,230,58,False
within_session,no_ra,W2,oas_trace_eps1e-6,4.0,mean_std_projection_moments,3,1,1,B5,0.8275862068965517,0.8287576394194042,0.0478740839753299,0.0005698720924556,9.825380904407337e-06,1,230,58,False
within_session,no_ra,W2,oas_trace_eps1e-6,4.0,mean_std_projection_moments,3,2,2,B5,0.7413793103448276,0.7524708747135218,0.0470345818903297,0.0005378469359129,9.273223032982185e-06,1,230,58,False
within_session,no_ra,W2,oas_trace_eps1e-6,0.0,pooled_class_measure,3,1,1,P1,0.7586206896551724,0.7569232238349886,0.0015821510460227,0.0235884638968855,0.0004066976533945,1,220,58,False
within_session,no_ra,W2,oas_trace_eps1e-6,0.0,pooled_class_measure,3,2,2,P1,0.6896551724137931,0.7090336134453781,0.0012890689540654,0.0168658839538693,0.0002907911026529,1,220,58,False
within_session,no_ra,W2,oas_trace_eps1e-6,1.0,pooled_class_measure,3,1,1,P1,0.7241379310344828,0.7331813407181054,0.0013208428863435,0.0216627279296517,0.0003734953091319,1,220,58,False
within_session,no_ra,W2,oas_trace_eps1e-6,1.0,pooled_class_measure,3,2,2,P1,0.6896551724137931,0.7058823529411764,0.0013213180936872,0.0215848740190267,0.000372153000328,1,220,58,False
within_session,no_ra,W2,oas_trace_eps1e-6,2.0,pooled_class_measure,3,1,1,P1,0.6896551724137931,0.6899589381207027,0.0013111440930515,0.0214885249733924,0.000370491809886,1,220,58,False
within_session,no_ra,W2,oas_trace_eps1e-6,2.0,pooled_class_measure,3,2,2,P1,0.6896551724137931,0.7090336134453781,0.0013205090072005,0.0228119499515742,0.0003933094819236,1,220,58,False
within_session,no_ra,W2,oas_trace_eps1e-6,3.0,pooled_class_measure,3,1,1,P1,0.7241379310344828,0.71897679526356,0.0013193830382078,0.0215904379729181,0.0003722489305675,1,220,58,False
within_session,no_ra,W2,oas_trace_eps1e-6,3.0,pooled_class_measure,3,2,2,P1,0.6896551724137931,0.7090336134453781,0.0013279570266604,0.0214867941103875,0.0003704619674204,1,220,58,False
within_session,no_ra,W2,oas_trace_eps1e-6,4.0,pooled_class_measure,3,1,1,P1,0.7241379310344828,0.7314624713521773,0.0012957639992237,0.0195497109089046,0.000337063981188,1,220,58,False
within_session,no_ra,W2,oas_trace_eps1e-6,4.0,pooled_class_measure,3,2,2,P1,0.6551724137931034,0.6724002100840336,0.0012982508633285,0.0197245329618453,0.0003400781545145,1,220,58,False
within_session,no_ra,W2,oas_trace_eps1e-6,0.0,exact_sorted_order_statistics,3,1,1,P2,0.7758620689655172,0.7943683155080214,0.2386968620121479,0.0007821097970008,1.3484651672429053e-05,1,230,58,False
within_session,no_ra,W2,oas_trace_eps1e-6,0.0,exact_sorted_order_statistics,3,2,2,P2,0.7586206896551724,0.7742790297937358,0.2289400910958647,0.0007262609433382,1.252174040238405e-05,1,230,58,False
within_session,no_ra,W2,oas_trace_eps1e-6,1.0,exact_sorted_order_statistics,3,1,1,P2,0.8103448275862069,0.8202349121466769,0.2435374399647116,0.000724331010133,1.2488465691948758e-05,1,230,58,False
within_session,no_ra,W2,oas_trace_eps1e-6,1.0,exact_sorted_order_statistics,3,2,2,P2,0.8275862068965517,0.8442752100840336,0.2223361749202013,0.0007484958041459,1.290510007148159e-05,1,230,58,False
within_session,no_ra,W2,oas_trace_eps1e-6,2.0,exact_sorted_order_statistics,3,1,1,P2,0.7586206896551724,0.7815006684491979,0.2382584910374134,0.0007237319368869,1.24781368428777e-05,1,230,58,False
within_session,no_ra,W2,oas_trace_eps1e-6,2.0,exact_sorted_order_statistics,3,2,2,P2,0.7586206896551724,0.785451680672269,0.2580068258102983,0.0007864260114729,1.355906916332656e-05,1,230,58,False
within_session,no_ra,W2,oas_trace_eps1e-6,3.0,exact_sorted_order_statistics,3,1,1,P2,0.8275862068965517,0.8319088999236058,0.2351443900261074,0.0007836169097572,1.3510636375125111e-05,1,230,58,False
within_session,no_ra,W2,oas_trace_eps1e-6,3.0,exact_sorted_order_statistics,3,2,2,P2,0.7931034482758621,0.8126313025210085,0.2386272482108324,0.0007528921123594,1.2980898488955252e-05,1,230,58,False
within_session,no_ra,W2,oas_trace_eps1e-6,4.0,exact_sorted_order_statistics,3,1,1,P2,0.8620689655172413,0.863552807486631,0.2414885580074042,0.0006760961841791,1.1656830761710118e-05,1,230,58,False
within_session,no_ra,W2,oas_trace_eps1e-6,4.0,exact_sorted_order_statistics,3,2,2,P2,0.7758620689655172,0.7899040297937358,0.2336119161918759,0.0007037569303065,1.2133740177699204e-05,1,230,58,False
within_session,no_ra,W2,oas_trace_eps1e-6,,ordered_nonoverlap,3,1,1,ordered_control,0.8275862068965517,0.8327086516424751,1.072499853093177,0.0282835802063345,0.0004876479345919,1,230,58,False
within_session,no_ra,W2,oas_trace_eps1e-6,,ordered_nonoverlap,3,2,2,ordered_control,0.7586206896551724,0.7836134453781514,1.008392439922318,0.0193291390314698,0.0003332610177839,1,230,58,False
within_session,no_ra,W1,oas_trace_eps1e-6,,trial_tangent,3,1,1,B1,0.7931034482758621,0.8077485380116959,0.1912742899730801,0.008360955864191,0.0001441544114515,2,230,58,False
within_session,no_ra,W1,oas_trace_eps1e-6,,trial_tangent,3,2,2,B1,0.8448275862068966,0.8347953216374269,0.212909349007532,0.0061088309157639,0.0001053246709614,2,230,58,False
within_session,no_ra,W1,oas_trace_eps1e-6,,airm_nearest_class_mean,3,1,1,B2,0.8103448275862069,0.8139619883040936,0.1766851239372044,0.0208404581062495,0.0003593182432111,2,230,58,False
within_session,no_ra,W1,oas_trace_eps1e-6,,airm_nearest_class_mean,3,2,2,B2,0.7758620689655172,0.7437865497076024,0.146305636037141,0.0227769368793815,0.0003927058082651,2,230,58,False
within_session,no_ra,W1,oas_trace_eps1e-6,,mean_decision_score,3,1,1,B3,0.8793103448275862,0.8965643274853801,1.2090732888318598,0.0486321160569787,0.000838484759603,2,230,58,False
within_session,no_ra,W1,oas_trace_eps1e-6,,mean_decision_score,3,2,2,B3,0.896551724137931,0.8896198830409356,1.1905271399300543,0.0349559991154819,0.0006026896399221,2,230,58,False
within_session,no_ra,W1,oas_trace_eps1e-6,,majority_vote_secondary,3,1,1,B3_majority,0.8275862068965517,0.8556286549707602,0.0,0.0,0.0,2,230,58,False
within_session,no_ra,W1,oas_trace_eps1e-6,,majority_vote_secondary,3,2,2,B3_majority,0.896551724137931,0.8965643274853801,0.0,0.0,0.0,2,230,58,False
within_session,no_ra,W1,oas_trace_eps1e-6,,mean_window_log_svec,3,1,1,B4,0.8103448275862069,0.8201754385964912,0.0211616740562021,0.0004274118691682,7.36917015807382e-06,2,230,58,False
within_session,no_ra,W1,oas_trace_eps1e-6,,mean_window_log_svec,3,2,2,B4,0.8620689655172413,0.8479532163742689,0.0217459911946207,0.000517486827448,8.922186680138111e-06,2,230,58,False
within_session,no_ra,W1,oas_trace_eps1e-6,0.0,mean_std_projection_moments,3,1,1,B5,0.8103448275862069,0.8293128654970761,0.0452255839481949,0.0005435929633677,9.372292471856906e-06,2,230,58,False
within_session,no_ra,W1,oas_trace_eps1e-6,0.0,mean_std_projection_moments,3,2,2,B5,0.8793103448275862,0.8757309941520468,0.0481488150544464,0.0005071710329502,8.744328154315209e-06,2,230,58,False
within_session,no_ra,W1,oas_trace_eps1e-6,1.0,mean_std_projection_moments,3,1,1,B5,0.8793103448275862,0.888888888888889,0.0465221949853003,0.0005265569780021,9.078568586244665e-06,2,230,58,False
within_session,no_ra,W1,oas_trace_eps1e-6,1.0,mean_std_projection_moments,3,2,2,B5,0.896551724137931,0.8680555555555556,0.0451237428933382,0.0005088609177619,8.773464099343481e-06,2,230,58,False
within_session,no_ra,W1,oas_trace_eps1e-6,2.0,mean_std_projection_moments,3,1,1,B5,0.8620689655172413,0.8618421052631579,0.0417916721198707,0.0004804020281881,8.282793589450162e-06,2,230,58,False
within_session,no_ra,W1,oas_trace_eps1e-6,2.0,mean_std_projection_moments,3,2,2,B5,0.7931034482758621,0.8000730994152047,0.0504895199555903,0.0004764851182699,8.215260659826213e-06,2,230,58,False
within_session,no_ra,W1,oas_trace_eps1e-6,3.0,mean_std_projection_moments,3,1,1,B5,0.896551724137931,0.9104532163742688,0.0460760658606886,0.0005651549436151,9.744050751986174e-06,2,230,58,False
within_session,no_ra,W1,oas_trace_eps1e-6,3.0,mean_std_projection_moments,3,2,2,B5,0.7758620689655172,0.7507309941520467,0.0452393509913235,0.0005224039778113,9.006965134678216e-06,2,230,58,False
within_session,no_ra,W1,oas_trace_eps1e-6,4.0,mean_std_projection_moments,3,1,1,B5,0.8275862068965517,0.8486842105263158,0.0460636629723012,0.0005083750002086,8.765086210493383e-06,2,230,58,False
within_session,no_ra,W1,oas_trace_eps1e-6,4.0,mean_std_projection_moments,3,2,2,B5,0.8103448275862069,0.785453216374269,0.0453606429509818,0.0005590030923485,9.63798435083751e-06,2,230,58,False
within_session,no_ra,W1,oas_trace_eps1e-6,0.0,pooled_class_measure,3,1,1,P1,0.8103448275862069,0.8139619883040936,0.0023264959454536,0.0349575700238347,0.0006027167245488,2,212,58,False
within_session,no_ra,W1,oas_trace_eps1e-6,0.0,pooled_class_measure,3,2,2,P1,0.7413793103448276,0.7090643274853801,0.002437176182866,0.0342737629543989,0.0005909269474896,2,212,58,False
within_session,no_ra,W1,oas_trace_eps1e-6,1.0,pooled_class_measure,3,1,1,P1,0.7931034482758621,0.7785087719298246,0.0019843231420964,0.0295034961309283,0.0005086809677746,2,212,58,False
within_session,no_ra,W1,oas_trace_eps1e-6,1.0,pooled_class_measure,3,2,2,P1,0.6896551724137931,0.6527777777777777,0.0019800269510596,0.0336860648822039,0.0005807942221069,2,212,58,False
within_session,no_ra,W1,oas_trace_eps1e-6,2.0,pooled_class_measure,3,1,1,P1,0.7586206896551724,0.7298976608187134,0.0020462251268327,0.0319054019637405,0.0005500931373058,2,212,58,False
within_session,no_ra,W1,oas_trace_eps1e-6,2.0,pooled_class_measure,3,2,2,P1,0.6724137931034483,0.6688596491228069,0.0024106118362396,0.036995283095166,0.0006378497085373,2,212,58,False
within_session,no_ra,W1,oas_trace_eps1e-6,3.0,pooled_class_measure,3,1,1,P1,0.8793103448275862,0.8680555555555556,0.0024061670992523,0.039163279114291,0.0006752289502463,2,212,58,False
within_session,no_ra,W1,oas_trace_eps1e-6,3.0,pooled_class_measure,3,2,2,P1,0.6724137931034483,0.6527777777777777,0.0024580929894,0.0352088881190866,0.0006070497951566,2,212,58,False
within_session,no_ra,W1,oas_trace_eps1e-6,4.0,pooled_class_measure,3,1,1,P1,0.7931034482758621,0.7715643274853801,0.0021022879518568,0.0360528058372437,0.0006216001006421,2,212,58,False
within_session,no_ra,W1,oas_trace_eps1e-6,4.0,pooled_class_measure,3,2,2,P1,0.7068965517241379,0.6673976608187134,0.002054237993434,0.0345493059139698,0.0005956776881718,2,212,58,False
within_session,no_ra,W1,oas_trace_eps1e-6,0.0,exact_sorted_order_statistics,3,1,1,P2,0.7586206896551724,0.7668128654970761,1.1840988078620285,0.0010214608628302,1.7611394186728988e-05,2,230,58,False
within_session,no_ra,W1,oas_trace_eps1e-6,0.0,exact_sorted_order_statistics,3,2,2,P2,0.7931034482758621,0.7869152046783625,1.1779150180518627,0.0010796980932354,1.8615484366129183e-05,2,230,58,False
within_session,no_ra,W1,oas_trace_eps1e-6,1.0,exact_sorted_order_statistics,3,1,1,P2,0.8620689655172413,0.8618421052631579,1.1936169399414212,0.000851108925417,1.4674291817535614e-05,2,230,58,False
within_session,no_ra,W1,oas_trace_eps1e-6,1.0,exact_sorted_order_statistics,3,2,2,P2,0.8793103448275862,0.8541666666666666,1.000826644944027,0.0008343900553882,1.4386035437727796e-05,2,230,58,False
within_session,no_ra,W1,oas_trace_eps1e-6,2.0,exact_sorted_order_statistics,3,1,1,P2,0.8103448275862069,0.820906432748538,0.9439896210096776,0.000955268042162,1.6470138657966565e-05,2,230,58,False
within_session,no_ra,W1,oas_trace_eps1e-6,2.0,exact_sorted_order_statistics,3,2,2,P2,0.7931034482758621,0.8000730994152047,0.9548574150539936,0.0009842379949986,1.696962060342575e-05,2,230,58,False
within_session,no_ra,W1,oas_trace_eps1e-6,3.0,exact_sorted_order_statistics,3,1,1,P2,0.8620689655172413,0.8687865497076023,1.2297003609128296,0.0010202648118138,1.759077261747985e-05,2,230,58,False
within_session,no_ra,W1,oas_trace_eps1e-6,3.0,exact_sorted_order_statistics,3,2,2,P2,0.8103448275862069,0.7993421052631579,1.0083620930090549,0.0010038148611783,1.73071527789379e-05,2,230,58,False
within_session,no_ra,W1,oas_trace_eps1e-6,4.0,exact_sorted_order_statistics,3,1,1,P2,0.8620689655172413,0.8625730994152048,1.1120530879125,0.000985326943919,1.6988395584811423e-05,2,230,58,False
within_session,no_ra,W1,oas_trace_eps1e-6,4.0,exact_sorted_order_statistics,3,2,2,P2,0.8448275862068966,0.8278508771929824,1.07578730979003,0.000902245985344,1.5555965264552627e-05,2,230,58,False
within_session,no_ra,W2,oas_trace_eps1e-6,,trial_tangent,3,1,1,B1,0.7931034482758621,0.8077485380116959,0.1916150460019707,0.0080625840928405,0.0001390100705662,2,230,58,False
within_session,no_ra,W2,oas_trace_eps1e-6,,trial_tangent,3,2,2,B1,0.8448275862068966,0.8347953216374269,0.1890055169351399,0.0072787378448992,0.0001254954800844,2,230,58,False
within_session,no_ra,W2,oas_trace_eps1e-6,,airm_nearest_class_mean,3,1,1,B2,0.8103448275862069,0.8139619883040936,0.1730122549924999,0.0207829698920249,0.0003583270671038,2,230,58,False
within_session,no_ra,W2,oas_trace_eps1e-6,,airm_nearest_class_mean,3,2,2,B2,0.7758620689655172,0.7437865497076024,0.1600693690124899,0.0275962520390748,0.0004757974489495,2,230,58,False
within_session,no_ra,W2,oas_trace_eps1e-6,,mean_decision_score,3,1,1,B3,0.8103448275862069,0.834795321637427,0.6966138270217925,0.0214479679707437,0.0003697925512197,2,230,58,False
within_session,no_ra,W2,oas_trace_eps1e-6,,mean_decision_score,3,2,2,B3,0.8793103448275862,0.8687865497076023,0.6869306380394846,0.0205212379805743,0.0003538144479409,2,230,58,False
within_session,no_ra,W2,oas_trace_eps1e-6,,majority_vote_secondary,3,1,1,B3_majority,0.7586206896551724,0.7799707602339181,0.0,0.0,0.0,2,230,58,False
within_session,no_ra,W2,oas_trace_eps1e-6,,majority_vote_secondary,3,2,2,B3_majority,0.8448275862068966,0.8633040935672515,0.0,0.0,0.0,2,230,58,False
within_session,no_ra,W2,oas_trace_eps1e-6,,mean_window_log_svec,3,1,1,B4,0.8103448275862069,0.820906432748538,0.0211728869471699,0.0004537419881671,7.823137727020116e-06,2,230,58,False
within_session,no_ra,W2,oas_trace_eps1e-6,,mean_window_log_svec,3,2,2,B4,0.7931034482758621,0.7646198830409356,0.0211176890879869,0.0004131309688091,7.12294773808841e-06,2,230,58,False
within_session,no_ra,W2,oas_trace_eps1e-6,0.0,mean_std_projection_moments,3,1,1,B5,0.8448275862068966,0.8556286549707602,0.0551558451261371,0.0007299920544028,1.2586069903497038e-05,2,230,58,False
within_session,no_ra,W2,oas_trace_eps1e-6,0.0,mean_std_projection_moments,3,2,2,B5,0.7931034482758621,0.7993421052631579,0.0540616868529468,0.0005562340375036,9.59024202592414e-06,2,230,58,False
within_session,no_ra,W2,oas_trace_eps1e-6,1.0,mean_std_projection_moments,3,1,1,B5,0.8103448275862069,0.8139619883040936,0.0473952321335673,0.0006596541497856,1.1373347410097204e-05,2,230,58,False
within_session,no_ra,W2,oas_trace_eps1e-6,1.0,mean_std_projection_moments,3,2,2,B5,0.8448275862068966,0.8494152046783626,0.0509689338505268,0.0006499201990664,1.120552067355863e-05,2,230,58,False
within_session,no_ra,W2,oas_trace_eps1e-6,2.0,mean_std_projection_moments,3,1,1,B5,0.8275862068965517,0.834795321637427,0.0462356628850102,0.0005617029964923,9.684534422282514e-06,2,230,58,False
within_session,no_ra,W2,oas_trace_eps1e-6,2.0,mean_std_projection_moments,3,2,2,B5,0.8103448275862069,0.8201754385964912,0.0436306921765208,0.0005344219971448,9.214172364565832e-06,2,230,58,False
within_session,no_ra,W2,oas_trace_eps1e-6,3.0,mean_std_projection_moments,3,1,1,B5,0.8275862068965517,0.8424707602339181,0.0507642880547791,0.0006473930552601,1.1161949228623818e-05,2,230,58,False
within_session,no_ra,W2,oas_trace_eps1e-6,3.0,mean_std_projection_moments,3,2,2,B5,0.7931034482758621,0.7923976608187133,0.0435117990709841,0.0005144409369677,8.869671327029837e-06,2,230,58,False
within_session,no_ra,W2,oas_trace_eps1e-6,4.0,mean_std_projection_moments,3,1,1,B5,0.8103448275862069,0.8146929824561403,0.0449854438193142,0.0005102059803903,8.796654834315695e-06,2,230,58,False
within_session,no_ra,W2,oas_trace_eps1e-6,4.0,mean_std_projection_moments,3,2,2,B5,0.8103448275862069,0.7861842105263158,0.0496237759944051,0.0005602608434855,9.659669715268858e-06,2,230,58,False
within_session,no_ra,W2,oas_trace_eps1e-6,0.0,pooled_class_measure,3,1,1,P1,0.8103448275862069,0.7993421052631579,0.0012229348067194,0.0216900650411844,0.0003739666386411,2,212,58,False
within_session,no_ra,W2,oas_trace_eps1e-6,0.0,pooled_class_measure,3,2,2,P1,0.7068965517241379,0.6604532163742689,0.0012446090113371,0.0213948269374668,0.000368876326508,2,212,58,False
within_session,no_ra,W2,oas_trace_eps1e-6,1.0,pooled_class_measure,3,1,1,P1,0.7758620689655172,0.7507309941520468,0.0012062459718436,0.0202730039600282,0.0003495345510349,2,212,58,False
within_session,no_ra,W2,oas_trace_eps1e-6,1.0,pooled_class_measure,3,2,2,P1,0.6724137931034483,0.625,0.001192953903228,0.0181616351474076,0.0003131316404725,2,212,58,False
within_session,no_ra,W2,oas_trace_eps1e-6,2.0,pooled_class_measure,3,1,1,P1,0.7241379310344828,0.695906432748538,0.0015447789337486,0.021459829993546,0.0003699970688542,2,212,58,False
within_session,no_ra,W2,oas_trace_eps1e-6,2.0,pooled_class_measure,3,2,2,P1,0.5689655172413793,0.5299707602339181,0.0011947890743613,0.0191418130416423,0.0003300312593386,2,212,58,False
within_session,no_ra,W2,oas_trace_eps1e-6,3.0,pooled_class_measure,3,1,1,P1,0.8275862068965517,0.8062865497076023,0.0015185240190476,0.0232765369582921,0.0004013196027291,2,212,58,False
within_session,no_ra,W2,oas_trace_eps1e-6,3.0,pooled_class_measure,3,2,2,P1,0.6379310344827587,0.6048976608187134,0.0014718919992446,0.0222476648632437,0.0003835804286766,2,212,58,False
within_session,no_ra,W2,oas_trace_eps1e-6,4.0,pooled_class_measure,3,1,1,P1,0.7931034482758621,0.7715643274853801,0.0014843100216239,0.0242567441891878,0.0004182197273997,2,212,58,False
within_session,no_ra,W2,oas_trace_eps1e-6,4.0,pooled_class_measure,3,2,2,P1,0.7068965517241379,0.6535087719298246,0.001177969854325,0.0175261900294572,0.000302175690163,2,212,58,False
within_session,no_ra,W2,oas_trace_eps1e-6,0.0,exact_sorted_order_statistics,3,1,1,P2,0.7758620689655172,0.7722953216374269,0.2484093259554356,0.0007805980276316,1.3458586683304144e-05,2,230,58,False
within_session,no_ra,W2,oas_trace_eps1e-6,0.0,exact_sorted_order_statistics,3,2,2,P2,0.8103448275862069,0.8077485380116959,0.2407349699642509,0.0007973320316523,1.3747103994005712e-05,2,230,58,False
within_session,no_ra,W2,oas_trace_eps1e-6,1.0,exact_sorted_order_statistics,3,1,1,P2,0.8103448275862069,0.820906432748538,0.2451263379771262,0.0008447631262242,1.4564881486625508e-05,2,230,58,False
within_session,no_ra,W2,oas_trace_eps1e-6,1.0,exact_sorted_order_statistics,3,2,2,P2,0.8620689655172413,0.8541666666666667,0.2447041601408273,0.0006703960243612,1.155855214415953e-05,2,230,58,False
within_session,no_ra,W2,oas_trace_eps1e-6,2.0,exact_sorted_order_statistics,3,1,1,P2,0.8275862068965517,0.834795321637427,0.2542965188622474,0.0008825920522212,1.5217104348643072e-05,2,230,58,False
within_session,no_ra,W2,oas_trace_eps1e-6,2.0,exact_sorted_order_statistics,3,2,2,P2,0.7241379310344828,0.7298976608187134,0.231619105907157,0.0006857318803668,1.182296345460004e-05,2,230,58,False
within_session,no_ra,W2,oas_trace_eps1e-6,3.0,exact_sorted_order_statistics,3,1,1,P2,0.8448275862068966,0.8625730994152048,0.2496374039910733,0.000821080058813,1.4156552738156812e-05,2,230,58,False
within_session,no_ra,W2,oas_trace_eps1e-6,3.0,exact_sorted_order_statistics,3,2,2,P2,0.7931034482758621,0.7993421052631579,0.2357076231855899,0.0008087828755378,1.3944532336859868e-05,2,230,58,False
within_session,no_ra,W2,oas_trace_eps1e-6,4.0,exact_sorted_order_statistics,3,1,1,P2,0.8275862068965517,0.834795321637427,0.2361514400690794,0.0008404708933085,1.4490877470836558e-05,2,230,58,False
within_session,no_ra,W2,oas_trace_eps1e-6,4.0,exact_sorted_order_statistics,3,2,2,P2,0.8448275862068966,0.820906432748538,0.2231016589794308,0.0006260201334953,1.0793450577505704e-05,2,230,58,False
within_session,no_ra,W2,oas_trace_eps1e-6,,ordered_nonoverlap,3,1,1,ordered_control,0.8620689655172413,0.8757309941520468,1.1333737610839307,0.0271195899695158,0.0004675791374054,2,230,58,False
within_session,no_ra,W2,oas_trace_eps1e-6,,ordered_nonoverlap,3,2,2,ordered_control,0.8448275862068966,0.8278508771929824,1.1374734598211944,0.0280477511696517,0.0004835819167181,2,230,58,False
within_session,no_ra,W1,oas_trace_eps1e-6,,trial_tangent,3,1,1,B1,0.8070175438596491,0.8066287878787879,0.2020518868230283,0.0058033801615238,0.0001018136870442,3,231,57,False
within_session,no_ra,W1,oas_trace_eps1e-6,,trial_tangent,3,2,2,B1,0.9298245614035088,0.9151515151515152,0.1746959208976477,0.0056442660279572,9.9022211016793e-05,3,231,57,False
within_session,no_ra,W1,oas_trace_eps1e-6,,airm_nearest_class_mean,3,1,1,B2,0.7894736842105263,0.7960227272727273,0.1646961541846394,0.0258686989545822,0.0004538368237646,3,231,57,False
within_session,no_ra,W1,oas_trace_eps1e-6,,airm_nearest_class_mean,3,2,2,B2,0.8596491228070176,0.8616477272727273,0.1739457021467387,0.0339859221130609,0.0005962442475975,3,231,57,False
within_session,no_ra,W1,oas_trace_eps1e-6,,mean_decision_score,3,1,1,B3,0.8070175438596491,0.8066287878787879,1.2294895101804286,0.0376063010189682,0.0006597596669994,3,231,57,False
within_session,no_ra,W1,oas_trace_eps1e-6,,mean_decision_score,3,2,2,B3,0.9298245614035088,0.9151515151515152,1.162116996012628,0.0337754269130528,0.0005925513493518,3,231,57,False
within_session,no_ra,W1,oas_trace_eps1e-6,,majority_vote_secondary,3,1,1,B3_majority,0.7894736842105263,0.7767992424242424,0.0,0.0,0.0,3,231,57,False
within_session,no_ra,W1,oas_trace_eps1e-6,,majority_vote_secondary,3,2,2,B3_majority,0.912280701754386,0.8863636363636364,0.0,0.0,0.0,3,231,57,False
within_session,no_ra,W1,oas_trace_eps1e-6,,mean_window_log_svec,3,1,1,B4,0.7719298245614035,0.7672348484848486,0.0225514729972928,0.0004470329731702,7.842683739829481e-06,3,231,57,False
within_session,no_ra,W1,oas_trace_eps1e-6,,mean_window_log_svec,3,2,2,B4,0.8771929824561403,0.859090909090909,0.0207748459652066,0.0004269562195986,7.490459992958788e-06,3,231,57,False
within_session,no_ra,W1,oas_trace_eps1e-6,0.0,mean_std_projection_moments,3,1,1,B5,0.8596491228070176,0.8555871212121212,0.0495598949491977,0.000664944993332,1.1665701637404007e-05,3,231,57,False
within_session,no_ra,W1,oas_trace_eps1e-6,0.0,mean_std_projection_moments,3,2,2,B5,0.8421052631578947,0.8196969696969697,0.0425019131507724,0.0005364699754863,9.411753955901714e-06,3,231,57,False
within_session,no_ra,W1,oas_trace_eps1e-6,1.0,mean_std_projection_moments,3,1,1,B5,0.8070175438596491,0.8055871212121213,0.0502563079353421,0.0005574689712375,9.780157390132283e-06,3,231,57,False
within_session,no_ra,W1,oas_trace_eps1e-6,1.0,mean_std_projection_moments,3,2,2,B5,0.8245614035087719,0.8030303030303031,0.0512467331718653,0.0005904329009354,1.035847194623529e-05,3,231,57,False
within_session,no_ra,W1,oas_trace_eps1e-6,2.0,mean_std_projection_moments,3,1,1,B5,0.8070175438596491,0.7924242424242424,0.0428599980659782,0.0005363281816244,9.40926634428794e-06,3,231,57,False
within_session,no_ra,W1,oas_trace_eps1e-6,2.0,mean_std_projection_moments,3,2,2,B5,0.8070175438596491,0.7934659090909091,0.0416554939001798,0.000477320048958,8.374035946632686e-06,3,231,57,False
within_session,no_ra,W1,oas_trace_eps1e-6,3.0,mean_std_projection_moments,3,1,1,B5,0.7894736842105263,0.7767992424242424,0.0461551519110798,0.0005536878015846,9.713821080431603e-06,3,231,57,False
within_session,no_ra,W1,oas_trace_eps1e-6,3.0,mean_std_projection_moments,3,2,2,B5,0.7719298245614035,0.746969696969697,0.0421419090125709,0.0005198640283197,9.12042154946871e-06,3,231,57,False
within_session,no_ra,W1,oas_trace_eps1e-6,4.0,mean_std_projection_moments,3,1,1,B5,0.7368421052631579,0.7399621212121212,0.0453351901378482,0.0005223439075052,9.16392820184691e-06,3,231,57,False
within_session,no_ra,W1,oas_trace_eps1e-6,4.0,mean_std_projection_moments,3,2,2,B5,0.8245614035087719,0.796969696969697,0.0449362539220601,0.0005534801166504,9.710177485095828e-06,3,231,57,False
within_session,no_ra,W1,oas_trace_eps1e-6,0.0,pooled_class_measure,3,1,1,P1,0.7543859649122807,0.762689393939394,0.0021863461006432,0.0346009901259094,0.0006070349144896,3,224,57,False
within_session,no_ra,W1,oas_trace_eps1e-6,0.0,pooled_class_measure,3,2,2,P1,0.7017543859649122,0.687405303030303,0.0021188920363783,0.0319603160023689,0.0005607072982871,3,224,57,False
within_session,no_ra,W1,oas_trace_eps1e-6,1.0,pooled_class_measure,3,1,1,P1,0.7894736842105263,0.7949810606060606,0.0020793848671019,0.0274814360309392,0.0004821304566831,3,224,57,False
within_session,no_ra,W1,oas_trace_eps1e-6,1.0,pooled_class_measure,3,2,2,P1,0.7017543859649122,0.6995265151515151,0.0022561678197234,0.0288434152025729,0.0005060248281153,3,224,57,False
within_session,no_ra,W1,oas_trace_eps1e-6,2.0,pooled_class_measure,3,1,1,P1,0.7894736842105263,0.7960227272727273,0.0020940280519425,0.0353695170488208,0.0006205178429617,3,224,57,False
within_session,no_ra,W1,oas_trace_eps1e-6,2.0,pooled_class_measure,3,2,2,P1,0.6491228070175439,0.6434659090909091,0.0024739501532167,0.0368898739106953,0.000647190770363,3,224,57,False
within_session,no_ra,W1,oas_trace_eps1e-6,3.0,pooled_class_measure,3,1,1,P1,0.8421052631578947,0.8449810606060606,0.0020895779598504,0.0306549868546426,0.0005378067869235,3,224,57,False
within_session,no_ra,W1,oas_trace_eps1e-6,3.0,pooled_class_measure,3,2,2,P1,0.6666666666666666,0.6601325757575757,0.0020994329825043,0.0340158040635287,0.0005967684923426,3,224,57,False
within_session,no_ra,W1,oas_trace_eps1e-6,4.0,pooled_class_measure,3,1,1,P1,0.7543859649122807,0.76875,0.0020431610755622,0.0340774881187826,0.0005978506687505,3,224,57,False
within_session,no_ra,W1,oas_trace_eps1e-6,4.0,pooled_class_measure,3,2,2,P1,0.631578947368421,0.6267992424242425,0.0024574298877269,0.0367699509952217,0.0006450868595652,3,224,57,False
within_session,no_ra,W1,oas_trace_eps1e-6,0.0,exact_sorted_order_statistics,3,1,1,P2,0.7894736842105263,0.7767992424242424,1.2158256450202316,0.0009590629488229,1.6825665768824127e-05,3,231,57,False
within_session,no_ra,W1,oas_trace_eps1e-6,0.0,exact_sorted_order_statistics,3,2,2,P2,0.8245614035087719,0.8030303030303031,1.2882053719367832,0.0009435690008103,1.6553842119480434e-05,3,231,57,False
within_session,no_ra,W1,oas_trace_eps1e-6,1.0,exact_sorted_order_statistics,3,1,1,P2,0.8070175438596491,0.8005681818181818,1.0517746419645846,0.0009105110075324,1.597387732513118e-05,3,231,57,False
within_session,no_ra,W1,oas_trace_eps1e-6,1.0,exact_sorted_order_statistics,3,2,2,P2,0.8421052631578947,0.8257575757575758,1.0919459380675107,0.0008805010002106,1.544738596860777e-05,3,231,57,False
within_session,no_ra,W1,oas_trace_eps1e-6,2.0,exact_sorted_order_statistics,3,1,1,P2,0.7719298245614035,0.7661931818181817,1.0260159999597818,0.0008769689593464,1.5385420339410766e-05,3,231,57,False
within_session,no_ra,W1,oas_trace_eps1e-6,2.0,exact_sorted_order_statistics,3,2,2,P2,0.8596491228070176,0.8363636363636363,1.063703743973747,0.0009623388759791,1.6883138175073424e-05,3,231,57,False
within_session,no_ra,W1,oas_trace_eps1e-6,3.0,exact_sorted_order_statistics,3,1,1,P2,0.7719298245614035,0.7661931818181817,1.120769411092624,0.0008664678316563,1.520119002905854e-05,3,231,57,False
within_session,no_ra,W1,oas_trace_eps1e-6,3.0,exact_sorted_order_statistics,3,2,2,P2,0.8421052631578947,0.8318181818181818,1.030115706147626,0.0011027879081666,1.9347156283625384e-05,3,231,57,False
within_session,no_ra,W1,oas_trace_eps1e-6,4.0,exact_sorted_order_statistics,3,1,1,P2,0.7543859649122807,0.7495265151515151,1.1052496589254588,0.0008211380336433,1.4405930414795876e-05,3,231,57,False
within_session,no_ra,W1,oas_trace_eps1e-6,4.0,exact_sorted_order_statistics,3,2,2,P2,0.8596491228070176,0.8363636363636363,1.1760001480579376,0.0010319859720766,1.8105017053976392e-05,3,231,57,False
within_session,no_ra,W2,oas_trace_eps1e-6,,trial_tangent,3,1,1,B1,0.8070175438596491,0.8066287878787879,0.1757833629380911,0.0058555209543555,0.0001027284377957,3,231,57,False
within_session,no_ra,W2,oas_trace_eps1e-6,,trial_tangent,3,2,2,B1,0.9298245614035088,0.9151515151515152,0.182359425118193,0.0055543130729347,9.74440889988552e-05,3,231,57,False
within_session,no_ra,W2,oas_trace_eps1e-6,,airm_nearest_class_mean,3,1,1,B2,0.7894736842105263,0.7960227272727273,0.1742047360166907,0.0205028869677335,0.0003596997713637,3,231,57,False
within_session,no_ra,W2,oas_trace_eps1e-6,,airm_nearest_class_mean,3,2,2,B2,0.8596491228070176,0.8616477272727273,0.1573294950649142,0.0200680741108953,0.0003520714756297,3,231,57,False
within_session,no_ra,W2,oas_trace_eps1e-6,,mean_decision_score,3,1,1,B3,0.7719298245614035,0.7661931818181817,0.6358140239026397,0.0204345709644258,0.0003585012449899,3,231,57,False
within_session,no_ra,W2,oas_trace_eps1e-6,,mean_decision_score,3,2,2,B3,0.9298245614035088,0.9212121212121211,0.6672096680849791,0.0204764760565012,0.0003592364220438,3,231,57,False
within_session,no_ra,W2,oas_trace_eps1e-6,,majority_vote_secondary,3,1,1,B3_majority,0.8070175438596491,0.8005681818181818,0.0,0.0,0.0,3,231,57,False
within_session,no_ra,W2,oas_trace_eps1e-6,,majority_vote_secondary,3,2,2,B3_majority,0.8947368421052632,0.8767992424242425,0.0,0.0,0.0,3,231,57,False
within_session,no_ra,W2,oas_trace_eps1e-6,,mean_window_log_svec,3,1,1,B4,0.7543859649122807,0.7505681818181817,0.0202679131180048,0.0003983261995017,6.988178938627243e-06,3,231,57,False
within_session,no_ra,W2,oas_trace_eps1e-6,,mean_window_log_svec,3,2,2,B4,0.912280701754386,0.8924242424242425,0.0207463160622864,0.0003884038887917,6.814103312136834e-06,3,231,57,False
within_session,no_ra,W2,oas_trace_eps1e-6,0.0,mean_std_projection_moments,3,1,1,B5,0.7719298245614035,0.7672348484848486,0.0463957479223609,0.000505767064169,8.873106388930688e-06,3,231,57,False
within_session,no_ra,W2,oas_trace_eps1e-6,0.0,mean_std_projection_moments,3,2,2,B5,0.8245614035087719,0.8040719696969697,0.0479819339234381,0.0005511911585927,9.670020326187736e-06,3,231,57,False
within_session,no_ra,W2,oas_trace_eps1e-6,1.0,mean_std_projection_moments,3,1,1,B5,0.8421052631578947,0.8399621212121213,0.0469552490394562,0.0006087739020586,1.0680243895764935e-05,3,231,57,False
within_session,no_ra,W2,oas_trace_eps1e-6,1.0,mean_std_projection_moments,3,2,2,B5,0.8596491228070176,0.843465909090909,0.0450373438652604,0.0004909459967166,8.613087661695062e-06,3,231,57,False
within_session,no_ra,W2,oas_trace_eps1e-6,2.0,mean_std_projection_moments,3,1,1,B5,0.7368421052631579,0.727840909090909,0.0461600678972899,0.0005231611430644,9.178265667798229e-06,3,231,57,False
within_session,no_ra,W2,oas_trace_eps1e-6,2.0,mean_std_projection_moments,3,2,2,B5,0.7894736842105263,0.7828598484848486,0.0452999121043831,0.0005025069694966,8.815911745554522e-06,3,231,57,False
within_session,no_ra,W2,oas_trace_eps1e-6,3.0,mean_std_projection_moments,3,1,1,B5,0.8421052631578947,0.8399621212121213,0.0457000900059938,0.00053456495516,9.378332546667048e-06,3,231,57,False
within_session,no_ra,W2,oas_trace_eps1e-6,3.0,mean_std_projection_moments,3,2,2,B5,0.8947368421052632,0.8757575757575757,0.0445990031585097,0.0005150218494236,9.03547104252012e-06,3,231,57,False
within_session,no_ra,W2,oas_trace_eps1e-6,4.0,mean_std_projection_moments,3,1,1,B5,0.7368421052631579,0.7359848484848486,0.0446137888357043,0.0005506640300154,9.660772456411727e-06,3,231,57,False
within_session,no_ra,W2,oas_trace_eps1e-6,4.0,mean_std_projection_moments,3,2,2,B5,0.8771929824561403,0.859090909090909,0.0426586789544671,0.0004925490356981,8.641211152599568e-06,3,231,57,False
within_session,no_ra,W2,oas_trace_eps1e-6,0.0,pooled_class_measure,3,1,1,P1,0.7543859649122807,0.7637310606060607,0.0011631229426711,0.0194763359613716,0.0003416901045854,3,224,57,False
within_session,no_ra,W2,oas_trace_eps1e-6,0.0,pooled_class_measure,3,2,2,P1,0.7192982456140351,0.7090909090909091,0.0011464590206742,0.0182228120975196,0.0003196984578512,3,224,57,False
within_session,no_ra,W2,oas_trace_eps1e-6,1.0,pooled_class_measure,3,1,1,P1,0.8070175438596491,0.812689393939394,0.0011724990326911,0.0217210960108786,0.0003810718598399,3,224,57,False
within_session,no_ra,W2,oas_trace_eps1e-6,1.0,pooled_class_measure,3,2,2,P1,0.7192982456140351,0.7212121212121212,0.0011399041395634,0.0176969680469483,0.0003104731236306,3,224,57,False
within_session,no_ra,W2,oas_trace_eps1e-6,2.0,pooled_class_measure,3,1,1,P1,0.7543859649122807,0.7576704545454546,0.0011220490559935,0.0169625368434935,0.0002975883656753,3,224,57,False
within_session,no_ra,W2,oas_trace_eps1e-6,2.0,pooled_class_measure,3,2,2,P1,0.6666666666666666,0.653030303030303,0.0011535899247974,0.0197999160736799,0.000347366948661,3,224,57,False
within_session,no_ra,W2,oas_trace_eps1e-6,3.0,pooled_class_measure,3,1,1,P1,0.8245614035087719,0.8293560606060606,0.0011428811121731,0.0175131398718804,0.0003072480679277,3,224,57,False
within_session,no_ra,W2,oas_trace_eps1e-6,3.0,pooled_class_measure,3,2,2,P1,0.7017543859649122,0.6984848484848485,0.0011467039585113,0.0160348380450159,0.0002813129481581,3,224,57,False
within_session,no_ra,W2,oas_trace_eps1e-6,4.0,pooled_class_measure,3,1,1,P1,0.7543859649122807,0.76875,0.0011571629438549,0.0188689781352877,0.0003310347041278,3,224,57,False
within_session,no_ra,W2,oas_trace_eps1e-6,4.0,pooled_class_measure,3,2,2,P1,0.6666666666666666,0.6590909090909091,0.001122215995565,0.0147894450929015,0.0002594639489982,3,224,57,False
within_session,no_ra,W2,oas_trace_eps1e-6,0.0,exact_sorted_order_statistics,3,1,1,P2,0.7894736842105263,0.7839015151515152,0.2282851028721779,0.0007142759859561,1.2531157648354246e-05,3,231,57,False
within_session,no_ra,W2,oas_trace_eps1e-6,0.0,exact_sorted_order_statistics,3,2,2,P2,0.8947368421052632,0.8818181818181818,0.2571081619244069,0.0006868389900773,1.2049806843462743e-05,3,231,57,False
within_session,no_ra,W2,oas_trace_eps1e-6,1.0,exact_sorted_order_statistics,3,1,1,P2,0.7543859649122807,0.7526515151515152,0.2373908699955791,0.0007791940588504,1.3670071207901888e-05,3,231,57,False
within_session,no_ra,W2,oas_trace_eps1e-6,1.0,exact_sorted_order_statistics,3,2,2,P2,0.8421052631578947,0.8267992424242424,0.2346804470289498,0.0007422808557748,1.3022471153945252e-05,3,231,57,False
within_session,no_ra,W2,oas_trace_eps1e-6,2.0,exact_sorted_order_statistics,3,1,1,P2,0.7368421052631579,0.727840909090909,0.2260107679758221,0.0006509518716484,1.1420208274533874e-05,3,231,57,False
within_session,no_ra,W2,oas_trace_eps1e-6,2.0,exact_sorted_order_statistics,3,2,2,P2,0.8070175438596491,0.781344696969697,0.2339874929748475,0.0006917510181665,1.2135982774851614e-05,3,231,57,False
within_session,no_ra,W2,oas_trace_eps1e-6,3.0,exact_sorted_order_statistics,3,1,1,P2,0.7894736842105263,0.7778409090909091,0.2255570250563323,0.0006678230129182,1.1716193209091822e-05,3,231,57,False
within_session,no_ra,W2,oas_trace_eps1e-6,3.0,exact_sorted_order_statistics,3,2,2,P2,0.8421052631578947,0.8267992424242424,0.2333456960041076,0.0006752670742571,1.1846790776440972e-05,3,231,57,False
within_session,no_ra,W2,oas_trace_eps1e-6,4.0,exact_sorted_order_statistics,3,1,1,P2,0.7719298245614035,0.7753787878787879,0.2252780410926789,0.0006810950580984,1.1949036106990094e-05,3,231,57,False
within_session,no_ra,W2,oas_trace_eps1e-6,4.0,exact_sorted_order_statistics,3,2,2,P2,0.8771929824561403,0.859090909090909,0.2316278601065278,0.0006863379385322,1.2041016465477775e-05,3,231,57,False
within_session,no_ra,W2,oas_trace_eps1e-6,,ordered_nonoverlap,3,1,1,ordered_control,0.7543859649122807,0.7505681818181817,1.0296305839437991,0.0194433769211173,0.000341111875809,3,231,57,False
within_session,no_ra,W2,oas_trace_eps1e-6,,ordered_nonoverlap,3,2,2,ordered_control,0.8245614035087719,0.796969696969697,1.1281215660274029,0.0196792581118643,0.0003452501423134,3,231,57,False
within_session,no_ra,W1,oas_trace_eps1e-6,,trial_tangent,3,1,1,B1,0.8947368421052632,0.8918875242404654,0.203231604071334,0.005963996052742,0.0001046315096972,4,231,57,False
within_session,no_ra,W1,oas_trace_eps1e-6,,trial_tangent,3,2,2,B1,0.8771929824561403,0.8785552682611506,0.1738342868629843,0.0058743981644511,0.0001030596169201,4,231,57,False
within_session,no_ra,W1,oas_trace_eps1e-6,,airm_nearest_class_mean,3,1,1,B2,0.8771929824561403,0.8754040077569489,0.1511231400072574,0.0208832379430532,0.0003663725954921,4,231,57,False
within_session,no_ra,W1,oas_trace_eps1e-6,,airm_nearest_class_mean,3,2,2,B2,0.7543859649122807,0.7494343891402715,0.1663529009092599,0.0207763579674065,0.0003644975082001,4,231,57,False
within_session,no_ra,W1,oas_trace_eps1e-6,,mean_decision_score,3,1,1,B3,0.8771929824561403,0.8771816418875242,1.144290418829769,0.0346911470405757,0.0006086166147469,4,231,57,False
within_session,no_ra,W1,oas_trace_eps1e-6,,mean_decision_score,3,2,2,B3,0.8947368421052632,0.8887362637362637,1.0800262282136828,0.0336530350614339,0.0005904041238848,4,231,57,False
within_session,no_ra,W1,oas_trace_eps1e-6,,majority_vote_secondary,3,1,1,B3_majority,0.8245614035087719,0.8240142210730446,0.0,0.0,0.0,4,231,57,False
within_session,no_ra,W1,oas_trace_eps1e-6,,majority_vote_secondary,3,2,2,B3_majority,0.8421052631578947,0.8369424692954104,0.0,0.0,0.0,4,231,57,False
within_session,no_ra,W1,oas_trace_eps1e-6,,mean_window_log_svec,3,1,1,B4,0.8947368421052632,0.8932611506140918,0.0211222518701106,0.0004590079188346,8.05277050587169e-06,4,231,57,False
within_session,no_ra,W1,oas_trace_eps1e-6,,mean_window_log_svec,3,2,2,B4,0.8947368421052632,0.8887362637362637,0.020619458053261,0.0003850569482892,6.755385057706582e-06,4,231,57,False
within_session,no_ra,W1,oas_trace_eps1e-6,0.0,mean_std_projection_moments,3,1,1,B5,0.8947368421052632,0.8977860374919198,0.0453939118888229,0.0005625700578093,9.869650137006191e-06,4,231,57,False
within_session,no_ra,W1,oas_trace_eps1e-6,0.0,mean_std_projection_moments,3,2,2,B5,0.8596491228070176,0.8547996121525534,0.0422647781670093,0.000501912087202,8.80547521407144e-06,4,231,57,False
within_session,no_ra,W1,oas_trace_eps1e-6,1.0,mean_std_projection_moments,3,1,1,B5,0.9298245614035088,0.9276018099547512,0.0435911221429705,0.0005167329218238,9.065489856558934e-06,4,231,57,False
within_session,no_ra,W1,oas_trace_eps1e-6,1.0,mean_std_projection_moments,3,2,2,B5,0.8771929824561403,0.8708791208791209,0.0457271051127463,0.0004978100769221,8.733510121441724e-06,4,231,57,False
within_session,no_ra,W1,oas_trace_eps1e-6,2.0,mean_std_projection_moments,3,1,1,B5,0.8421052631578947,0.8414673561732385,0.046116738114506,0.0005886070430278,1.0326439351366277e-05,4,231,57,False
within_session,no_ra,W1,oas_trace_eps1e-6,2.0,mean_std_projection_moments,3,2,2,B5,0.9473684210526316,0.9468325791855204,0.0457693478092551,0.0005214081611484,9.147511599095243e-06,4,231,57,False
within_session,no_ra,W1,oas_trace_eps1e-6,3.0,mean_std_projection_moments,3,1,1,B5,0.8771929824561403,0.8785552682611506,0.0418422580696642,0.0005084108561277,8.91948870399542e-06,4,231,57,False
within_session,no_ra,W1,oas_trace_eps1e-6,3.0,mean_std_projection_moments,3,2,2,B5,0.8245614035087719,0.8190853264382676,0.0415058960206806,0.0005031449254602,8.827103955442445e-06,4,231,57,False
within_session,no_ra,W1,oas_trace_eps1e-6,4.0,mean_std_projection_moments,3,1,1,B5,0.8771929824561403,0.8726567550096962,0.0462375620845705,0.0005515390075743,9.676122939900348e-06,4,231,57,False
within_session,no_ra,W1,oas_trace_eps1e-6,4.0,mean_std_projection_moments,3,2,2,B5,0.8947368421052632,0.890513897866839,0.0515493529383093,0.000611277995631,1.07241753619491e-05,4,231,57,False
within_session,no_ra,W1,oas_trace_eps1e-6,0.0,pooled_class_measure,3,1,1,P1,0.8245614035087719,0.8281351001939239,0.0020656487904489,0.0320222398731857,0.0005617936819857,4,220,57,False
within_session,no_ra,W1,oas_trace_eps1e-6,0.0,pooled_class_measure,3,2,2,P1,0.5964912280701754,0.595830639948287,0.0019807040225714,0.028761327965185,0.0005045847011435,4,220,57,False
within_session,no_ra,W1,oas_trace_eps1e-6,1.0,pooled_class_measure,3,1,1,P1,0.7368421052631579,0.7514544279250162,0.0021047291811555,0.0352275881450623,0.000618027862194,4,220,57,False
within_session,no_ra,W1,oas_trace_eps1e-6,1.0,pooled_class_measure,3,2,2,P1,0.6491228070175439,0.6548965740142211,0.0020726229995489,0.0324148300569504,0.0005686812290693,4,220,57,False
within_session,no_ra,W1,oas_trace_eps1e-6,2.0,pooled_class_measure,3,1,1,P1,0.7543859649122807,0.7571105365223012,0.0019801929593086,0.0311114960350096,0.0005458157199124,4,220,57,False
within_session,no_ra,W1,oas_trace_eps1e-6,2.0,pooled_class_measure,3,2,2,P1,0.631578947368421,0.6464932126696832,0.0023875059559941,0.0364258070476353,0.0006390492464497,4,220,57,False
within_session,no_ra,W1,oas_trace_eps1e-6,3.0,pooled_class_measure,3,1,1,P1,0.8245614035087719,0.824983839689722,0.0020549979526549,0.0335755969863384,0.0005890455611638,4,220,57,False
within_session,no_ra,W1,oas_trace_eps1e-6,3.0,pooled_class_measure,3,2,2,P1,0.6491228070175439,0.6611990950226244,0.002392625901848,0.0405833479017019,0.0007119885596789,4,220,57,False
within_session,no_ra,W1,oas_trace_eps1e-6,4.0,pooled_class_measure,3,1,1,P1,0.7894736842105263,0.7941984486102134,0.0024594599381089,0.0380359978880733,0.0006672982085626,4,220,57,False
within_session,no_ra,W1,oas_trace_eps1e-6,4.0,pooled_class_measure,3,2,2,P1,0.6666666666666666,0.677278603749192,0.0059497030451893,0.0417347559705376,0.0007321887012375,4,220,57,False
within_session,no_ra,W1,oas_trace_eps1e-6,0.0,exact_sorted_order_statistics,3,1,1,P2,0.8771929824561403,0.8785552682611506,1.115134528838098,0.0009217259939759,1.6170631473263104e-05,4,231,57,False
within_session,no_ra,W1,oas_trace_eps1e-6,0.0,exact_sorted_order_statistics,3,2,2,P2,0.8245614035087719,0.8177117000646412,1.0260711680166423,0.0008565650787204,1.502745752141141e-05,4,231,57,False
within_session,no_ra,W1,oas_trace_eps1e-6,1.0,exact_sorted_order_statistics,3,1,1,P2,0.8421052631578947,0.840093729799612,1.0005772209260613,0.0009095650166273,1.595728099346161e-05,4,231,57,False
within_session,no_ra,W1,oas_trace_eps1e-6,1.0,exact_sorted_order_statistics,3,2,2,P2,0.8947368421052632,0.8901098901098902,1.0293615160044285,0.000949015142396,1.6649388463089342e-05,4,231,57,False
within_session,no_ra,W1,oas_trace_eps1e-6,2.0,exact_sorted_order_statistics,3,1,1,P2,0.8070175438596491,0.8057530704589528,1.0394342029467225,0.0008628829382359,1.5138297162035055e-05,4,231,57,False
within_session,no_ra,W1,oas_trace_eps1e-6,2.0,exact_sorted_order_statistics,3,2,2,P2,0.8596491228070176,0.8579508726567551,1.109403499867767,0.0010509779676795,1.843820995928949e-05,4,231,57,False
within_session,no_ra,W1,oas_trace_eps1e-6,3.0,exact_sorted_order_statistics,3,1,1,P2,0.8421052631578947,0.8432449903038138,1.0006451921071855,0.0009773080237209,1.714575480212245e-05,4,231,57,False
within_session,no_ra,W1,oas_trace_eps1e-6,3.0,exact_sorted_order_statistics,3,2,2,P2,0.7894736842105263,0.7819974143503555,1.0365865398198366,0.0010492580477148,1.840803592482157e-05,4,231,57,False
within_session,no_ra,W1,oas_trace_eps1e-6,4.0,exact_sorted_order_statistics,3,1,1,P2,0.8245614035087719,0.8222365869424694,1.312581687932834,0.0010520399082452,1.845684049552993e-05,4,231,57,False
within_session,no_ra,W1,oas_trace_eps1e-6,4.0,exact_sorted_order_statistics,3,2,2,P2,0.8947368421052632,0.8932611506140918,1.167268172139302,0.0008909530006349,1.5630754397103662e-05,4,231,57,False
within_session,no_ra,W2,oas_trace_eps1e-6,,trial_tangent,3,1,1,B1,0.8947368421052632,0.8918875242404654,0.1969531599897891,0.0057234209962189,0.0001004108946705,4,231,57,False
within_session,no_ra,W2,oas_trace_eps1e-6,,trial_tangent,3,2,2,B1,0.8771929824561403,0.8785552682611506,0.185712049016729,0.005967215867713,0.0001046879976791,4,231,57,False
within_session,no_ra,W2,oas_trace_eps1e-6,,airm_nearest_class_mean,3,1,1,B2,0.8771929824561403,0.8754040077569489,0.1668393039144575,0.021596509963274,0.0003788861397065,4,231,57,False
within_session,no_ra,W2,oas_trace_eps1e-6,,airm_nearest_class_mean,3,2,2,B2,0.7543859649122807,0.7494343891402715,0.1702521911356598,0.0277845379896461,0.000487448034906,4,231,57,False
within_session,no_ra,W2,oas_trace_eps1e-6,,mean_decision_score,3,1,1,B3,0.8596491228070176,0.8624757595345831,0.6979801261331886,0.0206989638973027,0.0003631397174965,4,231,57,False
within_session,no_ra,W2,oas_trace_eps1e-6,,mean_decision_score,3,2,2,B3,0.8771929824561403,0.8740303813833226,0.668824939057231,0.0218734468799084,0.0003837446821036,4,231,57,False
within_session,no_ra,W2,oas_trace_eps1e-6,,majority_vote_secondary,3,1,1,B3_majority,0.8421052631578947,0.8387201034259859,0.0,0.0,0.0,4,231,57,False
within_session,no_ra,W2,oas_trace_eps1e-6,,majority_vote_secondary,3,2,2,B3_majority,0.8421052631578947,0.8341952165481576,0.0,0.0,0.0,4,231,57,False
within_session,no_ra,W2,oas_trace_eps1e-6,,mean_window_log_svec,3,1,1,B4,0.8421052631578947,0.8400937297996122,0.0215071260463446,0.0004288619384169,7.5238936564378575e-06,4,231,57,False
within_session,no_ra,W2,oas_trace_eps1e-6,,mean_window_log_svec,3,2,2,B4,0.8771929824561403,0.8695054945054945,0.0212954189628362,0.000453762942925,7.960753384650799e-06,4,231,57,False
within_session,no_ra,W2,oas_trace_eps1e-6,0.0,mean_std_projection_moments,3,1,1,B5,0.8421052631578947,0.8459922430510667,0.0506686700973659,0.0004972310271114,8.723351352831774e-06,4,231,57,False
within_session,no_ra,W2,oas_trace_eps1e-6,0.0,mean_std_projection_moments,3,2,2,B5,0.8596491228070176,0.8606981254040078,0.0441353020723909,0.0004806600045412,8.43263165861891e-06,4,231,57,False
within_session,no_ra,W2,oas_trace_eps1e-6,1.0,mean_std_projection_moments,3,1,1,B5,0.8596491228070176,0.8624757595345831,0.0475233658216893,0.0005968040786683,1.0470246994181684e-05,4,231,57,False
within_session,no_ra,W2,oas_trace_eps1e-6,1.0,mean_std_projection_moments,3,2,2,B5,0.8596491228070176,0.853021978021978,0.0448375619016587,0.0005372101441025,9.424739370220586e-06,4,231,57,False
within_session,no_ra,W2,oas_trace_eps1e-6,2.0,mean_std_projection_moments,3,1,1,B5,0.8245614035087719,0.8263574660633484,0.0505248459521681,0.0006631819996982,1.163477192453125e-05,4,231,57,False
within_session,no_ra,W2,oas_trace_eps1e-6,2.0,mean_std_projection_moments,3,2,2,B5,0.8421052631578947,0.8432449903038137,0.0458751360420137,0.0005281930789351,9.266545244476251e-06,4,231,57,False
within_session,no_ra,W2,oas_trace_eps1e-6,3.0,mean_std_projection_moments,3,1,1,B5,0.8421052631578947,0.842840982546865,0.0531071019358933,0.0005746851675212,1.0082195921425231e-05,4,231,57,False
within_session,no_ra,W2,oas_trace_eps1e-6,3.0,mean_std_projection_moments,3,2,2,B5,0.8771929824561403,0.8726567550096962,0.0448672280181199,0.0005262619815766,9.232666343450546e-06,4,231,57,False
within_session,no_ra,W2,oas_trace_eps1e-6,4.0,mean_std_projection_moments,3,1,1,B5,0.8771929824561403,0.8740303813833226,0.0514715891331434,0.0006024159956723,1.0568701678462197e-05,4,231,57,False
within_session,no_ra,W2,oas_trace_eps1e-6,4.0,mean_std_projection_moments,3,2,2,B5,0.8421052631578947,0.8369424692954104,0.0484344970900565,0.000555763952434,9.750244779544964e-06,4,231,57,False
within_session,no_ra,W2,oas_trace_eps1e-6,0.0,pooled_class_measure,3,1,1,P1,0.8245614035087719,0.824983839689722,0.0016018080059438,0.0194908378180116,0.000341944523123,4,220,57,False
within_session,no_ra,W2,oas_trace_eps1e-6,0.0,pooled_class_measure,3,2,2,P1,0.5789473684210527,0.5811247575953458,0.0012929348740726,0.0177071110811084,0.0003106510715983,4,220,57,False
within_session,no_ra,W2,oas_trace_eps1e-6,1.0,pooled_class_measure,3,1,1,P1,0.7017543859649122,0.7129928894634777,0.0015953809488564,0.0194900489877909,0.0003419306839963,4,220,57,False
within_session,no_ra,W2,oas_trace_eps1e-6,1.0,pooled_class_measure,3,2,2,P1,0.5964912280701754,0.6107789269553976,0.0013005430810153,0.0202376041561365,0.0003550456869497,4,220,57,False
within_session,no_ra,W2,oas_trace_eps1e-6,2.0,pooled_class_measure,3,1,1,P1,0.7894736842105263,0.7941984486102134,0.0015782988630235,0.0213133399374783,0.0003739182445171,4,220,57,False
within_session,no_ra,W2,oas_trace_eps1e-6,2.0,pooled_class_measure,3,2,2,P1,0.631578947368421,0.6478668390433096,0.0015820849221199,0.0211393991485238,0.0003708666517284,4,220,57,False
within_session,no_ra,W2,oas_trace_eps1e-6,3.0,pooled_class_measure,3,1,1,P1,0.8070175438596491,0.8089043309631545,0.0015785249415785,0.0230792360380291,0.0004048988778601,4,220,57,False
within_session,no_ra,W2,oas_trace_eps1e-6,3.0,pooled_class_measure,3,2,2,P1,0.631578947368421,0.644715578539108,0.0014042179100215,0.0233163991943001,0.0004090596349877,4,220,57,False
within_session,no_ra,W2,oas_trace_eps1e-6,4.0,pooled_class_measure,3,1,1,P1,0.8070175438596491,0.8120555914673563,0.0015860840212553,0.0237002109643071,0.0004157931748124,4,220,57,False
within_session,no_ra,W2,oas_trace_eps1e-6,4.0,pooled_class_measure,3,2,2,P1,0.631578947368421,0.6433419521654815,0.0016246498562395,0.0252245911397039,0.0004425366866614,4,220,57,False
within_session,no_ra,W2,oas_trace_eps1e-6,0.0,exact_sorted_order_statistics,3,1,1,P2,0.8245614035087719,0.8312863606981254,0.2380725441034883,0.0008286880329251,1.4538386542546122e-05,4,231,57,False
within_session,no_ra,W2,oas_trace_eps1e-6,0.0,exact_sorted_order_statistics,3,2,2,P2,0.8421052631578947,0.8355688429217841,0.2295240799430757,0.0007285738829523,1.278199794653215e-05,4,231,57,False
within_session,no_ra,W2,oas_trace_eps1e-6,1.0,exact_sorted_order_statistics,3,1,1,P2,0.8421052631578947,0.8446186166774403,0.2412869650870561,0.0007517070043832,1.3187842182161516e-05,4,231,57,False
within_session,no_ra,W2,oas_trace_eps1e-6,1.0,exact_sorted_order_statistics,3,2,2,P2,0.8421052631578947,0.8351648351648351,0.2361052809283137,0.0007141309324651,1.252861285026659e-05,4,231,57,False
within_session,no_ra,W2,oas_trace_eps1e-6,2.0,exact_sorted_order_statistics,3,1,1,P2,0.7543859649122807,0.7494343891402715,0.236504471162334,0.0007936360780149,1.3923439965174908e-05,4,231,57,False
within_session,no_ra,W2,oas_trace_eps1e-6,2.0,exact_sorted_order_statistics,3,2,2,P2,0.8596491228070176,0.8516483516483517,0.2410334250889718,0.0007850450929254,1.3772720928516305e-05,4,231,57,False
within_session,no_ra,W2,oas_trace_eps1e-6,3.0,exact_sorted_order_statistics,3,1,1,P2,0.8771929824561403,0.8817065287653523,0.232381243025884,0.0007795100100338,1.3675614211120104e-05,4,231,57,False
within_session,no_ra,W2,oas_trace_eps1e-6,3.0,exact_sorted_order_statistics,3,2,2,P2,0.8596491228070176,0.8516483516483517,0.2362550739198923,0.0007147181313484,1.253891458506124e-05,4,231,57,False
within_session,no_ra,W2,oas_trace_eps1e-6,4.0,exact_sorted_order_statistics,3,1,1,P2,0.8771929824561403,0.8758080155138979,0.2360264889430254,0.0008101970888674,1.4213984015217998e-05,4,231,57,False
within_session,no_ra,W2,oas_trace_eps1e-6,4.0,exact_sorted_order_statistics,3,2,2,P2,0.8421052631578947,0.8414673561732385,0.2444354619365185,0.0008624501060694,1.5130703615253432e-05,4,231,57,False
within_session,no_ra,W2,oas_trace_eps1e-6,,ordered_nonoverlap,3,1,1,ordered_control,0.8771929824561403,0.8726567550096962,1.151760617038235,0.0266431588679552,0.0004674238397886,4,231,57,False
within_session,no_ra,W2,oas_trace_eps1e-6,,ordered_nonoverlap,3,2,2,ordered_control,0.8947368421052632,0.8887362637362637,1.1066700520459565,0.0189690529368817,0.0003327904024014,4,231,57,False
within_session,no_ra,W1,oas_trace_eps1e-6,,trial_tangent,4,1,1,B1,0.6206896551724138,0.6224512329775488,0.1919775521382689,0.0061275311745703,0.0001056470892167,0,230,58,False
within_session,no_ra,W1,oas_trace_eps1e-6,,trial_tangent,4,2,2,B1,0.7586206896551724,0.7350649350649351,0.1930307659786194,0.0059299580752849,0.0001022406564704,0,230,58,False
within_session,no_ra,W1,oas_trace_eps1e-6,,airm_nearest_class_mean,4,1,1,B2,0.4482758620689655,0.4464973622868359,0.1655376590788364,0.0213365831878036,0.0003678721239276,0,230,58,False
within_session,no_ra,W1,oas_trace_eps1e-6,,airm_nearest_class_mean,4,2,2,B2,0.6379310344827587,0.6271284271284271,0.141310160048306,0.0210158210247755,0.0003623417418064,0,230,58,False
within_session,no_ra,W1,oas_trace_eps1e-6,,mean_decision_score,4,1,1,B3,0.6379310344827587,0.6461231750705435,1.1824258719570937,0.0354791870340704,0.000611710121277,0,230,58,False
within_session,no_ra,W1,oas_trace_eps1e-6,,mean_decision_score,4,2,2,B3,0.7241379310344828,0.7182178932178932,1.1654147349763662,0.0350447439122945,0.0006042197226257,0,230,58,False
within_session,no_ra,W1,oas_trace_eps1e-6,,majority_vote_secondary,4,1,1,B3_majority,0.5344827586206896,0.5575941602257392,0.0,0.0,0.0,0,230,58,False
within_session,no_ra,W1,oas_trace_eps1e-6,,majority_vote_secondary,4,2,2,B3_majority,0.6206896551724138,0.6116522366522367,0.0,0.0,0.0,0,230,58,False
within_session,no_ra,W1,oas_trace_eps1e-6,,mean_window_log_svec,4,1,1,B4,0.5517241379310345,0.5516132989817201,0.0209007901139557,0.0004359150771051,7.515777191468354e-06,0,230,58,False
within_session,no_ra,W1,oas_trace_eps1e-6,,mean_window_log_svec,4,2,2,B4,0.7068965517241379,0.7082972582972583,0.0211268148850649,0.0003847971092909,6.634432918809612e-06,0,230,58,False
within_session,no_ra,W1,oas_trace_eps1e-6,0.0,mean_std_projection_moments,4,1,1,B5,0.4655172413793103,0.4752852410747147,0.0484035429544746,0.000585027039051,1.0086673087087171e-05,0,230,58,False
within_session,no_ra,W1,oas_trace_eps1e-6,0.0,mean_std_projection_moments,4,2,2,B5,0.6206896551724138,0.6246753246753247,0.0500125298276543,0.0004821938928216,8.313687807270165e-06,0,230,58,False
within_session,no_ra,W1,oas_trace_eps1e-6,1.0,mean_std_projection_moments,4,1,1,B5,0.4827586206896552,0.4798184271868482,0.0444519850425422,0.0005022971890866,8.660296363563373e-06,0,230,58,False
within_session,no_ra,W1,oas_trace_eps1e-6,1.0,mean_std_projection_moments,4,2,2,B5,0.6724137931034483,0.656998556998557,0.0467124369461089,0.0005153971724212,8.886158145193395e-06,0,230,58,False
within_session,no_ra,W1,oas_trace_eps1e-6,2.0,mean_std_projection_moments,4,1,1,B5,0.4655172413793103,0.4640964298859035,0.0469349671620875,0.000569068128243,9.811519452467046e-06,0,230,58,False
within_session,no_ra,W1,oas_trace_eps1e-6,2.0,mean_std_projection_moments,4,2,2,B5,0.5517241379310345,0.5453823953823954,0.0529400929808616,0.0005816628690809,1.002867015656726e-05,0,230,58,False
within_session,no_ra,W1,oas_trace_eps1e-6,3.0,mean_std_projection_moments,4,1,1,B5,0.4655172413793103,0.4701570359465096,0.0454930400010198,0.0005975170060992,1.0302017346538349e-05,0,230,58,False
within_session,no_ra,W1,oas_trace_eps1e-6,3.0,mean_std_projection_moments,4,2,2,B5,0.5689655172413793,0.5669191919191919,0.0472249139565974,0.0005473750643432,9.43750110936576e-06,0,230,58,False
within_session,no_ra,W1,oas_trace_eps1e-6,4.0,mean_std_projection_moments,4,1,1,B5,0.5172413793103449,0.5026377131640289,0.0471977179404348,0.0005693859420716,9.816999001235796e-06,0,230,58,False
within_session,no_ra,W1,oas_trace_eps1e-6,4.0,mean_std_projection_moments,4,2,2,B5,0.6896551724137931,0.676046176046176,0.0447544830385595,0.0005363710224628,9.247776249359394e-06,0,230,58,False
within_session,no_ra,W1,oas_trace_eps1e-6,0.0,pooled_class_measure,4,1,1,P1,0.4137931034482758,0.4271868482394798,0.0020571800414472,0.0337781838607043,0.0005823824803569,0,212,58,False
within_session,no_ra,W1,oas_trace_eps1e-6,0.0,pooled_class_measure,4,2,2,P1,0.4827586206896552,0.4577561327561327,0.0021391450427472,0.0339375759940594,0.0005851306205872,0,216,58,False
within_session,no_ra,W1,oas_trace_eps1e-6,1.0,pooled_class_measure,4,1,1,P1,0.4655172413793103,0.4640964298859035,0.0020571020431816,0.0316335039678961,0.0005454052408257,0,212,58,False
within_session,no_ra,W1,oas_trace_eps1e-6,1.0,pooled_class_measure,4,2,2,P1,0.5344827586206896,0.5177849927849929,0.0022025401704013,0.0331139541231095,0.0005709302435018,0,216,58,False
within_session,no_ra,W1,oas_trace_eps1e-6,2.0,pooled_class_measure,4,1,1,P1,0.4482758620689655,0.4282910072383756,0.0020700569730252,0.0335496610496193,0.0005784424318899,0,212,58,False
within_session,no_ra,W1,oas_trace_eps1e-6,2.0,pooled_class_measure,4,2,2,P1,0.4655172413793103,0.4554834054834054,0.0021173860877752,0.0388417048379778,0.000669684566172,0,216,58,False
within_session,no_ra,W1,oas_trace_eps1e-6,3.0,pooled_class_measure,4,1,1,P1,0.396551724137931,0.3888173230278493,0.002163928002119,0.035665996838361,0.0006149309799717,0,212,58,False
within_session,no_ra,W1,oas_trace_eps1e-6,3.0,pooled_class_measure,4,2,2,P1,0.4655172413793103,0.4445526695526696,0.0021847649477422,0.0333113700617104,0.0005743339665812,0,216,58,False
within_session,no_ra,W1,oas_trace_eps1e-6,4.0,pooled_class_measure,4,1,1,P1,0.396551724137931,0.3862532204637467,0.0021025699097663,0.032575927907601,0.0005616539294413,0,212,58,False
within_session,no_ra,W1,oas_trace_eps1e-6,4.0,pooled_class_measure,4,2,2,P1,0.4827586206896552,0.4584415584415584,0.0024467650800943,0.0410799770615994,0.0007082754665793,0,216,58,False
within_session,no_ra,W1,oas_trace_eps1e-6,0.0,exact_sorted_order_statistics,4,1,1,P2,0.5517241379310345,0.5516132989817201,1.1603651701007038,0.0009518389124423,1.6411015731764252e-05,0,230,58,False
within_session,no_ra,W1,oas_trace_eps1e-6,0.0,exact_sorted_order_statistics,4,2,2,P2,0.603448275862069,0.6187229437229438,1.092059751972556,0.0009399019181728,1.6205205485738557e-05,0,230,58,False
within_session,no_ra,W1,oas_trace_eps1e-6,1.0,exact_sorted_order_statistics,4,1,1,P2,0.5517241379310345,0.557661636609005,1.0898367820773274,0.0009375459048897,1.6164584567063842e-05,0,230,58,False
within_session,no_ra,W1,oas_trace_eps1e-6,1.0,exact_sorted_order_statistics,4,2,2,P2,0.6379310344827587,0.6343795093795094,1.0827736218925563,0.0009322329424321,1.607298176607181e-05,0,230,58,False
within_session,no_ra,W1,oas_trace_eps1e-6,2.0,exact_sorted_order_statistics,4,1,1,P2,0.4827586206896552,0.4823825297509507,1.0056545790284872,0.0009093298576772,1.567810099443485e-05,0,230,58,False
within_session,no_ra,W1,oas_trace_eps1e-6,2.0,exact_sorted_order_statistics,4,2,2,P2,0.6379310344827587,0.6283189033189034,0.9991437569260596,0.0009387640748172,1.618558749685e-05,0,230,58,False
within_session,no_ra,W1,oas_trace_eps1e-6,3.0,exact_sorted_order_statistics,4,1,1,P2,0.4482758620689655,0.4474297632192369,1.1345320721156895,0.0011325180530548,1.95261733285312e-05,0,230,58,False
within_session,no_ra,W1,oas_trace_eps1e-6,3.0,exact_sorted_order_statistics,4,2,2,P2,0.6551724137931034,0.6598845598845599,1.0936155379749837,0.0009332417976111,1.6090375820881333e-05,0,230,58,False
within_session,no_ra,W1,oas_trace_eps1e-6,4.0,exact_sorted_order_statistics,4,1,1,P2,0.4137931034482758,0.4080358238252974,1.029381627915427,0.0010530999861657,1.8156896313202797e-05,0,230,58,False
within_session,no_ra,W1,oas_trace_eps1e-6,4.0,exact_sorted_order_statistics,4,2,2,P2,0.6724137931034483,0.6700937950937951,1.0459433279465884,0.0009951300453394,1.7157414574818365e-05,0,230,58,False
within_session,no_ra,W2,oas_trace_eps1e-6,,trial_tangent,4,1,1,B1,0.6206896551724138,0.6224512329775488,0.2038121339865028,0.0064015442039817,0.0001103714517927,0,230,58,False
within_session,no_ra,W2,oas_trace_eps1e-6,,trial_tangent,4,2,2,B1,0.7586206896551724,0.7350649350649351,0.2014165830332785,0.0078151649795472,0.0001347442237852,0,230,58,False
within_session,no_ra,W2,oas_trace_eps1e-6,,airm_nearest_class_mean,4,1,1,B2,0.4482758620689655,0.4464973622868359,0.1407085100654512,0.0227985600940883,0.0003930786223118,0,230,58,False
within_session,no_ra,W2,oas_trace_eps1e-6,,airm_nearest_class_mean,4,2,2,B2,0.6379310344827587,0.6271284271284271,0.145009527914226,0.0210102540440857,0.0003622457593807,0,230,58,False
within_session,no_ra,W2,oas_trace_eps1e-6,,mean_decision_score,4,1,1,B3,0.5689655172413793,0.5769046742730953,0.6946053858846426,0.0304876789450645,0.0005256496369838,0,230,58,False
within_session,no_ra,W2,oas_trace_eps1e-6,,mean_decision_score,4,2,2,B3,0.6724137931034483,0.6677128427128428,0.684532396029681,0.0205527690704911,0.0003543580874222,0,230,58,False
within_session,no_ra,W2,oas_trace_eps1e-6,,majority_vote_secondary,4,1,1,B3_majority,0.4827586206896552,0.5024782235308551,0.0,0.0,0.0,0,230,58,False
within_session,no_ra,W2,oas_trace_eps1e-6,,majority_vote_secondary,4,2,2,B3_majority,0.6551724137931034,0.6485569985569986,0.0,0.0,0.0,0,230,58,False
within_session,no_ra,W2,oas_trace_eps1e-6,,mean_window_log_svec,4,1,1,B4,0.5862068965517241,0.5849466323150534,0.0252560181543231,0.000516781117767,8.910019271846476e-06,0,230,58,False
within_session,no_ra,W2,oas_trace_eps1e-6,,mean_window_log_svec,4,2,2,B4,0.6896551724137931,0.6867604617604618,0.0206757008563727,0.0004121949896216,7.106810165890332e-06,0,230,58,False
within_session,no_ra,W2,oas_trace_eps1e-6,0.0,mean_std_projection_moments,4,1,1,B5,0.3793103448275862,0.4034351613298981,0.0459529738873243,0.000521550187841,8.992244617949272e-06,0,230,58,False
within_session,no_ra,W2,oas_trace_eps1e-6,0.0,mean_std_projection_moments,4,2,2,B5,0.603448275862069,0.5949855699855701,0.0533768599852919,0.0006069198716431,1.046413571798596e-05,0,230,58,False
within_session,no_ra,W2,oas_trace_eps1e-6,1.0,mean_std_projection_moments,4,1,1,B5,0.5,0.4999815973500184,0.0457507481332868,0.000576188089326,9.934277402172828e-06,0,230,58,False
within_session,no_ra,W2,oas_trace_eps1e-6,1.0,mean_std_projection_moments,4,2,2,B5,0.6724137931034483,0.6554112554112554,0.0531164871063083,0.0005984578747302,1.0318239219486712e-05,0,230,58,False
within_session,no_ra,W2,oas_trace_eps1e-6,2.0,mean_std_projection_moments,4,1,1,B5,0.4482758620689655,0.4283032756716968,0.0463237790390849,0.0006306970026344,1.0874086252317349e-05,0,230,58,False
within_session,no_ra,W2,oas_trace_eps1e-6,2.0,mean_std_projection_moments,4,2,2,B5,0.5344827586206896,0.529906204906205,0.0501334620639681,0.0006124009378254,1.0558636859059334e-05,0,230,58,False
within_session,no_ra,W2,oas_trace_eps1e-6,3.0,mean_std_projection_moments,4,1,1,B5,0.396551724137931,0.4079438105753895,0.0526594370603561,0.0005783338565379,9.97127338858514e-06,0,230,58,False
within_session,no_ra,W2,oas_trace_eps1e-6,3.0,mean_std_projection_moments,4,2,2,B5,0.5689655172413793,0.5813131313131313,0.0477183451876044,0.0005893800407648,1.0161724840772564e-05,0,230,58,False
within_session,no_ra,W2,oas_trace_eps1e-6,4.0,mean_std_projection_moments,4,1,1,B5,0.5,0.4990491964176174,0.0514097400009632,0.0006060239393264,1.0448688609075955e-05,0,230,58,False
within_session,no_ra,W2,oas_trace_eps1e-6,4.0,mean_std_projection_moments,4,2,2,B5,0.6551724137931034,0.6433982683982684,0.0447359329555183,0.0005404620897024,9.31831189142219e-06,0,230,58,False
within_session,no_ra,W2,oas_trace_eps1e-6,0.0,pooled_class_measure,4,1,1,P1,0.3448275862068966,0.3589130168077536,0.001784386113286,0.0229730820283293,0.000396087621178,0,212,58,False
within_session,no_ra,W2,oas_trace_eps1e-6,0.0,pooled_class_measure,4,2,2,P1,0.5,0.4804834054834054,0.0012837259564548,0.0196346929296851,0.0003385291884428,0,216,58,False
within_session,no_ra,W2,oas_trace_eps1e-6,1.0,pooled_class_measure,4,1,1,P1,0.4310344827586206,0.4282112624217887,0.0015710440929979,0.0201892980840057,0.0003480913462759,0,212,58,False
within_session,no_ra,W2,oas_trace_eps1e-6,1.0,pooled_class_measure,4,2,2,P1,0.5344827586206896,0.5217532467532469,0.0012478861026465,0.0195512159261852,0.0003370899297618,0,216,58,False
within_session,no_ra,W2,oas_trace_eps1e-6,2.0,pooled_class_measure,4,1,1,P1,0.4655172413793103,0.4449576739050423,0.0014947429299354,0.022731757024303,0.0003919268452466,0,212,58,False
within_session,no_ra,W2,oas_trace_eps1e-6,2.0,pooled_class_measure,4,2,2,P1,0.5172413793103449,0.5078643578643578,0.0013494968879967,0.01691828481853,0.0002916945658367,0,216,58,False
within_session,no_ra,W2,oas_trace_eps1e-6,3.0,pooled_class_measure,4,1,1,P1,0.4137931034482758,0.4150656361182677,0.0012314771302044,0.018815424060449,0.0003244038631111,0,212,58,False
within_session,no_ra,W2,oas_trace_eps1e-6,3.0,pooled_class_measure,4,2,2,P1,0.4655172413793103,0.4445526695526696,0.0012535150162875,0.0192018100060522,0.0003310656897595,0,216,58,False
within_session,no_ra,W2,oas_trace_eps1e-6,4.0,pooled_class_measure,4,1,1,P1,0.3793103448275862,0.3670224512329775,0.0012061218731105,0.0194327151402831,0.0003350468127635,0,212,58,False
within_session,no_ra,W2,oas_trace_eps1e-6,4.0,pooled_class_measure,4,2,2,P1,0.5172413793103449,0.5078643578643578,0.0015721339732408,0.022655091015622,0.0003906050175107,0,216,58,False
within_session,no_ra,W2,oas_trace_eps1e-6,0.0,exact_sorted_order_statistics,4,1,1,P2,0.5,0.5207520549625813,0.2473738240078091,0.0008147079497575,1.4046688788923723e-05,0,230,58,False
within_session,no_ra,W2,oas_trace_eps1e-6,0.0,exact_sorted_order_statistics,4,2,2,P2,0.6379310344827587,0.6371572871572871,0.2308215219527483,0.0007298770360648,1.258408682870454e-05,0,230,58,False
within_session,no_ra,W2,oas_trace_eps1e-6,1.0,exact_sorted_order_statistics,4,1,1,P2,0.5344827586206896,0.5340019629493313,0.2366467439569533,0.0007544178515672,1.3007204337366696e-05,0,230,58,False
within_session,no_ra,W2,oas_trace_eps1e-6,1.0,exact_sorted_order_statistics,4,2,2,P2,0.6724137931034483,0.6661255411255411,0.2308200688567012,0.0007261759601533,1.2520275175057608e-05,0,230,58,False
within_session,no_ra,W2,oas_trace_eps1e-6,2.0,exact_sorted_order_statistics,4,1,1,P2,0.5172413793103449,0.5157158630842841,0.2310040760785341,0.0007654770743101,1.3197880591554888e-05,0,230,58,False
within_session,no_ra,W2,oas_trace_eps1e-6,2.0,exact_sorted_order_statistics,4,2,2,P2,0.603448275862069,0.6022366522366522,0.2458640681579709,0.0007293699309229,1.257534363660319e-05,0,230,58,False
within_session,no_ra,W2,oas_trace_eps1e-6,3.0,exact_sorted_order_statistics,4,1,1,P2,0.3620689655172414,0.356428659060238,0.2284709739033132,0.0007073318120092,1.2195376069124403e-05,0,230,58,False
within_session,no_ra,W2,oas_trace_eps1e-6,3.0,exact_sorted_order_statistics,4,2,2,P2,0.6206896551724138,0.6381673881673882,0.2368126991204917,0.0007399090100079,1.2757051896689267e-05,0,230,58,False
within_session,no_ra,W2,oas_trace_eps1e-6,4.0,exact_sorted_order_statistics,4,1,1,P2,0.4310344827586206,0.4272665930560667,0.2256314938422292,0.0007172820623964,1.236693211028288e-05,0,230,58,False
within_session,no_ra,W2,oas_trace_eps1e-6,4.0,exact_sorted_order_statistics,4,2,2,P2,0.6896551724137931,0.6928210678210678,0.2428378059994429,0.0007721139118075,1.331230882426788e-05,0,230,58,False
within_session,no_ra,W2,oas_trace_eps1e-6,,ordered_nonoverlap,4,1,1,ordered_control,0.5344827586206896,0.5384431358115569,1.1642728939186782,0.0201556980609893,0.0003475120355342,0,230,58,False
within_session,no_ra,W2,oas_trace_eps1e-6,,ordered_nonoverlap,4,2,2,ordered_control,0.6379310344827587,0.638059163059163,1.097143216058612,0.0199179518967866,0.0003434129637377,0,230,58,False
within_session,no_ra,W1,oas_trace_eps1e-6,,trial_tangent,4,1,1,B1,0.5517241379310345,0.5334610564873723,0.1757219899445772,0.0059666950255632,0.0001028740521648,1,230,58,False
within_session,no_ra,W1,oas_trace_eps1e-6,,trial_tangent,4,2,2,B1,0.7068965517241379,0.7109071484071484,0.1634719190187752,0.0059101360384374,0.0001018988972144,1,230,58,False
within_session,no_ra,W1,oas_trace_eps1e-6,,airm_nearest_class_mean,4,1,1,B2,0.4137931034482758,0.4389700212068633,0.1623061448335647,0.0212480758782476,0.0003663461358318,1,230,58,False
within_session,no_ra,W1,oas_trace_eps1e-6,,airm_nearest_class_mean,4,2,2,B2,0.6551724137931034,0.6675043706293706,0.1467846781015396,0.0208430890925228,0.0003593636050434,1,230,58,False
within_session,no_ra,W1,oas_trace_eps1e-6,,mean_decision_score,4,1,1,B3,0.603448275862069,0.5886350491613649,1.249386620009318,0.0516251411754637,0.0008900886409562,1,230,58,False
within_session,no_ra,W1,oas_trace_eps1e-6,,mean_decision_score,4,2,2,B3,0.7068965517241379,0.7162490287490288,1.1914487509056926,0.0367466260213404,0.0006335625176093,1,230,58,False
within_session,no_ra,W1,oas_trace_eps1e-6,,majority_vote_secondary,4,1,1,B3_majority,0.5517241379310345,0.5275086755349914,0.0,0.0,0.0,1,230,58,False
within_session,no_ra,W1,oas_trace_eps1e-6,,majority_vote_secondary,4,2,2,B3_majority,0.5517241379310345,0.5594405594405594,0.0,0.0,0.0,1,230,58,False
within_session,no_ra,W1,oas_trace_eps1e-6,,mean_window_log_svec,4,1,1,B4,0.5344827586206896,0.5371481588586852,0.0248509428929537,0.0004592649638652,7.918361445953106e-06,1,230,58,False
within_session,no_ra,W1,oas_trace_eps1e-6,,mean_window_log_svec,4,2,2,B4,0.6896551724137931,0.7022751554001554,0.0227812950033694,0.0004898449406027,8.445602424185851e-06,1,230,58,False
within_session,no_ra,W1,oas_trace_eps1e-6,0.0,mean_std_projection_moments,4,1,1,B5,0.5517241379310345,0.5397628687102372,0.045507043832913,0.0005490279290825,9.465998777284704e-06,1,230,58,False
within_session,no_ra,W1,oas_trace_eps1e-6,0.0,mean_std_projection_moments,4,2,2,B5,0.6724137931034483,0.6796571484071484,0.0452814199961721,0.0004989609587937,8.602775151616541e-06,1,230,58,False
within_session,no_ra,W1,oas_trace_eps1e-6,1.0,mean_std_projection_moments,4,1,1,B5,0.603448275862069,0.6157822440717178,0.0445951269939541,0.0004993609618395,8.609671755854425e-06,1,230,58,False
within_session,no_ra,W1,oas_trace_eps1e-6,1.0,mean_std_projection_moments,4,2,2,B5,0.6896551724137931,0.6952821484071484,0.0434108700137585,0.0004998780786991,8.618587563777791e-06,1,230,58,False
within_session,no_ra,W1,oas_trace_eps1e-6,2.0,mean_std_projection_moments,4,1,1,B5,0.5172413793103449,0.5269664545980335,0.0440212120302021,0.0005245709326118,9.044326424341775e-06,1,230,58,False
within_session,no_ra,W1,oas_trace_eps1e-6,2.0,mean_std_projection_moments,4,2,2,B5,0.6379310344827587,0.6536154817404818,0.0499149160459637,0.0005973039660602,1.0298344242418634e-05,1,230,58,False
within_session,no_ra,W1,oas_trace_eps1e-6,3.0,mean_std_projection_moments,4,1,1,B5,0.5172413793103449,0.5332682668208983,0.0450181730557233,0.0004800849128514,8.27732608364574e-06,1,230,58,False
within_session,no_ra,W1,oas_trace_eps1e-6,3.0,mean_std_projection_moments,4,2,2,B5,0.603448275862069,0.6239923271173271,0.0457935140002518,0.0005344408564269,9.21449752460266e-06,1,230,58,False
within_session,no_ra,W1,oas_trace_eps1e-6,4.0,mean_std_projection_moments,4,1,1,B5,0.5344827586206896,0.5308463466358203,0.0420864049810916,0.0004931630101054,8.502810519060184e-06,1,230,58,False
within_session,no_ra,W1,oas_trace_eps1e-6,4.0,mean_std_projection_moments,4,2,2,B5,0.6379310344827587,0.6448013791763791,0.0467776090372353,0.0005124160088598,8.834758773446083e-06,1,230,58,False
within_session,no_ra,W1,oas_trace_eps1e-6,0.0,pooled_class_measure,4,1,1,P1,0.3620689655172414,0.3870011567379989,0.002058187033981,0.0300227107945829,0.0005176329447341,1,212,58,False
within_session,no_ra,W1,oas_trace_eps1e-6,0.0,pooled_class_measure,4,2,2,P1,0.6206896551724138,0.637881216006216,0.0024519159924238,0.0362576411571353,0.0006251317440885,1,216,58,False
within_session,no_ra,W1,oas_trace_eps1e-6,1.0,pooled_class_measure,4,1,1,P1,0.5172413793103449,0.5240987083092346,0.0021895819809287,0.0337636170443147,0.0005821313283502,1,212,58,False
within_session,no_ra,W1,oas_trace_eps1e-6,1.0,pooled_class_measure,4,2,2,P1,0.5517241379310345,0.553965132090132,0.0022571159061044,0.0296734108123928,0.0005116105312481,1,216,58,False
within_session,no_ra,W1,oas_trace_eps1e-6,2.0,pooled_class_measure,4,1,1,P1,0.4482758620689655,0.4698645652593021,0.0024163739290088,0.0362956658937037,0.0006257873429948,1,212,58,False
within_session,no_ra,W1,oas_trace_eps1e-6,2.0,pooled_class_measure,4,2,2,P1,0.6551724137931034,0.6620532245532245,0.0024200528860092,0.0334792099893093,0.0005772277584363,1,216,58,False
within_session,no_ra,W1,oas_trace_eps1e-6,3.0,pooled_class_measure,4,1,1,P1,0.4482758620689655,0.4545136880663196,0.002011677948758,0.0312943698372691,0.0005395581006425,1,212,58,False
within_session,no_ra,W1,oas_trace_eps1e-6,3.0,pooled_class_measure,4,2,2,P1,0.6206896551724138,0.6184683372183373,0.0028531569987535,0.0378195061348378,0.0006520604506006,1,216,58,False
within_session,no_ra,W1,oas_trace_eps1e-6,4.0,pooled_class_measure,4,1,1,P1,0.3793103448275862,0.4081839213418161,0.0020387349650263,0.0314899189397692,0.0005429296368925,1,212,58,False
within_session,no_ra,W1,oas_trace_eps1e-6,4.0,pooled_class_measure,4,2,2,P1,0.6206896551724138,0.6024184149184149,0.0021628681570291,0.0326216681860387,0.0005624425549317,1,216,58,False
within_session,no_ra,W1,oas_trace_eps1e-6,0.0,exact_sorted_order_statistics,4,1,1,P2,0.5172413793103449,0.5271953923269713,1.110857805935666,0.0009193490259349,1.5850845274740253e-05,1,230,58,False
within_session,no_ra,W1,oas_trace_eps1e-6,0.0,exact_sorted_order_statistics,4,2,2,P2,0.603448275862069,0.618674728049728,1.1352477769833058,0.0010125620756298,1.7457966821203973e-05,1,230,58,False
within_session,no_ra,W1,oas_trace_eps1e-6,1.0,exact_sorted_order_statistics,4,1,1,P2,0.5,0.5107118758434548,1.072356813121587,0.0008822490926831,1.5211191253158552e-05,1,230,58,False
within_session,no_ra,W1,oas_trace_eps1e-6,1.0,exact_sorted_order_statistics,4,2,2,P2,0.6724137931034483,0.6830443861693862,1.0318299229256809,0.0009929200168699,1.7119310635687976e-05,1,230,58,False
within_session,no_ra,W1,oas_trace_eps1e-6,2.0,exact_sorted_order_statistics,4,1,1,P2,0.5172413793103449,0.5363649508386351,1.0927179490681738,0.0010109790600836,1.743067344971772e-05,1,230,58,False
within_session,no_ra,W1,oas_trace_eps1e-6,2.0,exact_sorted_order_statistics,4,2,2,P2,0.6379310344827587,0.6623445998445998,1.164474190911278,0.0011259468737989,1.9412877134464938e-05,1,230,58,False
within_session,no_ra,W1,oas_trace_eps1e-6,3.0,exact_sorted_order_statistics,4,1,1,P2,0.5,0.5046390013495277,1.098747265059501,0.0008597511332482,1.4823295400831206e-05,1,230,58,False
within_session,no_ra,W1,oas_trace_eps1e-6,3.0,exact_sorted_order_statistics,4,2,2,P2,0.5862068965517241,0.5923174048174048,1.1046158790122718,0.0010234350338578,1.7645431618238317e-05,1,230,58,False
within_session,no_ra,W1,oas_trace_eps1e-6,4.0,exact_sorted_order_statistics,4,1,1,P2,0.5517241379310345,0.5398833622517832,1.0843651869799942,0.0009343791753053,1.610998578112701e-05,1,230,58,False
within_session,no_ra,W1,oas_trace_eps1e-6,4.0,exact_sorted_order_statistics,4,2,2,P2,0.5689655172413793,0.5768259518259518,1.1569002899341283,0.0009404108859598,1.621398079241144e-05,1,230,58,False
within_session,no_ra,W2,oas_trace_eps1e-6,,trial_tangent,4,1,1,B1,0.5517241379310345,0.5334610564873723,0.2101132939569652,0.0083908489905297,0.0001446698101815,1,230,58,False
within_session,no_ra,W2,oas_trace_eps1e-6,,trial_tangent,4,2,2,B1,0.7068965517241379,0.7109071484071484,0.1689815260469913,0.0063157710246741,0.0001088926038736,1,230,58,False
within_session,no_ra,W2,oas_trace_eps1e-6,,airm_nearest_class_mean,4,1,1,B2,0.4137931034482758,0.4389700212068633,0.1712635909207165,0.0206679101102054,0.0003563432777621,1,230,58,False
within_session,no_ra,W2,oas_trace_eps1e-6,,airm_nearest_class_mean,4,2,2,B2,0.6551724137931034,0.6675043706293706,0.1484241639263928,0.0206256911624223,0.0003556153648693,1,230,58,False
within_session,no_ra,W2,oas_trace_eps1e-6,,mean_decision_score,4,1,1,B3,0.5517241379310345,0.5367866782340467,0.7202189939562231,0.0216859290376305,0.000373895328235,1,230,58,False
within_session,no_ra,W2,oas_trace_eps1e-6,,mean_decision_score,4,2,2,B3,0.7758620689655172,0.7788825757575757,0.6685667238198221,0.0218747549224644,0.000377150946939,1,230,58,False
within_session,no_ra,W2,oas_trace_eps1e-6,,majority_vote_secondary,4,1,1,B3_majority,0.4827586206896552,0.4718888567572778,0.0,0.0,0.0,1,230,58,False
within_session,no_ra,W2,oas_trace_eps1e-6,,majority_vote_secondary,4,2,2,B3_majority,0.5862068965517241,0.585348679098679,0.0,0.0,0.0,1,230,58,False
within_session,no_ra,W2,oas_trace_eps1e-6,,mean_window_log_svec,4,1,1,B4,0.603448275862069,0.6037569886254097,0.0222568470053374,0.0004794890992343,8.267053435074872e-06,1,230,58,False
within_session,no_ra,W2,oas_trace_eps1e-6,,mean_window_log_svec,4,2,2,B4,0.6724137931034483,0.6883862665112666,0.0223711559083312,0.0004714548122137,8.128531245065146e-06,1,230,58,False
within_session,no_ra,W2,oas_trace_eps1e-6,0.0,mean_std_projection_moments,4,1,1,B5,0.4655172413793103,0.4478503952188162,0.0428570499643683,0.0004984040278941,8.59317289472654e-06,1,230,58,False
within_session,no_ra,W2,oas_trace_eps1e-6,0.0,mean_std_projection_moments,4,2,2,B5,0.6724137931034483,0.6813932595182595,0.045634598005563,0.0005187760107219,8.94441397796417e-06,1,230,58,False
within_session,no_ra,W2,oas_trace_eps1e-6,1.0,mean_std_projection_moments,4,1,1,B5,0.5,0.5093382494698284,0.0470808639656752,0.0005035290960222,8.681536138314626e-06,1,230,58,False
within_session,no_ra,W2,oas_trace_eps1e-6,1.0,mean_std_projection_moments,4,2,2,B5,0.6896551724137931,0.700514763014763,0.0420252010226249,0.0005018089432269,8.651878331498854e-06,1,230,58,False
within_session,no_ra,W2,oas_trace_eps1e-6,2.0,mean_std_projection_moments,4,1,1,B5,0.5517241379310345,0.5593551185656449,0.045372991124168,0.0005216801073402,8.99448460931408e-06,1,230,58,False
within_session,no_ra,W2,oas_trace_eps1e-6,2.0,mean_std_projection_moments,4,2,2,B5,0.6206896551724138,0.6238102175602176,0.0435512920375913,0.0005047470331192,8.702535053779339e-06,1,230,58,False
within_session,no_ra,W2,oas_trace_eps1e-6,3.0,mean_std_projection_moments,4,1,1,B5,0.4482758620689655,0.4619601889338731,0.0455827470868825,0.0005849320441484,1.0085035243938707e-05,1,230,58,False
within_session,no_ra,W2,oas_trace_eps1e-6,3.0,mean_std_projection_moments,4,2,2,B5,0.5862068965517241,0.5694080225330226,0.0467515848577022,0.0005344140809029,9.214035877636794e-06,1,230,58,False
within_session,no_ra,W2,oas_trace_eps1e-6,4.0,mean_std_projection_moments,4,1,1,B5,0.4827586206896552,0.4819741661846925,0.047459176974371,0.0005192980170249,8.953414086637826e-06,1,230,58,False
within_session,no_ra,W2,oas_trace_eps1e-6,4.0,mean_std_projection_moments,4,2,2,B5,0.5862068965517241,0.5924266705516705,0.046854396816343,0.0005397291388362,9.305674807521805e-06,1,230,58,False
within_session,no_ra,W2,oas_trace_eps1e-6,0.0,pooled_class_measure,4,1,1,P1,0.4310344827586206,0.4365360516676306,0.0014731488190591,0.0214727700222283,0.000370220172797,1,212,58,False
within_session,no_ra,W2,oas_trace_eps1e-6,0.0,pooled_class_measure,4,2,2,P1,0.5862068965517241,0.5889544483294483,0.0012263008393347,0.016267041908577,0.000280466239803,1,216,58,False
within_session,no_ra,W2,oas_trace_eps1e-6,1.0,pooled_class_measure,4,1,1,P1,0.5,0.4938668787352998,0.0014747821260243,0.0201553469523787,0.0003475059819375,1,212,58,False
within_session,no_ra,W2,oas_trace_eps1e-6,1.0,pooled_class_measure,4,2,2,P1,0.5,0.4892798174048174,0.0012561490293592,0.016562022967264,0.0002855521201252,1,216,58,False
within_session,no_ra,W2,oas_trace_eps1e-6,2.0,pooled_class_measure,4,1,1,P1,0.396551724137931,0.4149195103142472,0.0012023290619254,0.0205055070109665,0.000353543224327,1,212,58,False
within_session,no_ra,W2,oas_trace_eps1e-6,2.0,pooled_class_measure,4,2,2,P1,0.603448275862069,0.6062062937062938,0.0015890661161392,0.0220344769768416,0.0003799047754627,1,216,58,False
within_session,no_ra,W2,oas_trace_eps1e-6,3.0,pooled_class_measure,4,1,1,P1,0.4482758620689655,0.4437415654520917,0.0012172560673207,0.0199290940072387,0.0003436050690903,1,212,58,False
within_session,no_ra,W2,oas_trace_eps1e-6,3.0,pooled_class_measure,4,2,2,P1,0.5689655172413793,0.5555191336441336,0.0012403440196067,0.0202863158192485,0.0003497640658491,1,216,58,False
within_session,no_ra,W2,oas_trace_eps1e-6,4.0,pooled_class_measure,4,1,1,P1,0.4137931034482758,0.4298004626951995,0.0011916938237845,0.0175461359322071,0.000302519585038,1,212,58,False
within_session,no_ra,W2,oas_trace_eps1e-6,4.0,pooled_class_measure,4,2,2,P1,0.5862068965517241,0.5658022533022533,0.0012604221701622,0.0179845402017235,0.00031007827934,1,216,58,False
within_session,no_ra,W2,oas_trace_eps1e-6,0.0,exact_sorted_order_statistics,4,1,1,P2,0.5689655172413793,0.5711393869288606,0.2406425049994141,0.0007375020068138,1.2715551841618686e-05,1,230,58,False
within_session,no_ra,W2,oas_trace_eps1e-6,0.0,exact_sorted_order_statistics,4,2,2,P2,0.6206896551724138,0.6290671134421135,0.2307031219825148,0.0006315000355243,1.0887931646971867e-05,1,230,58,False
within_session,no_ra,W2,oas_trace_eps1e-6,1.0,exact_sorted_order_statistics,4,1,1,P2,0.5689655172413793,0.5694163292847504,0.231329919071868,0.0007656251545995,1.3200433699992197e-05,1,230,58,False
within_session,no_ra,W2,oas_trace_eps1e-6,1.0,exact_sorted_order_statistics,4,2,2,P2,0.6379310344827587,0.64119560994561,0.222452935995534,0.0007107169367372,1.225374028857412e-05,1,230,58,False
within_session,no_ra,W2,oas_trace_eps1e-6,2.0,exact_sorted_order_statistics,4,1,1,P2,0.6206896551724138,0.6318078850973587,0.2449199908878654,0.0007297461852431,1.258183078005396e-05,1,230,58,False
within_session,no_ra,W2,oas_trace_eps1e-6,2.0,exact_sorted_order_statistics,4,2,2,P2,0.6206896551724138,0.6290428321678322,0.2267492518294602,0.0007892828434705,1.360832488742368e-05,1,230,58,False
within_session,no_ra,W2,oas_trace_eps1e-6,3.0,exact_sorted_order_statistics,4,1,1,P2,0.4137931034482758,0.4281978985926354,0.2451148489490151,0.0007284760940819,1.255993265658617e-05,1,230,58,False
within_session,no_ra,W2,oas_trace_eps1e-6,3.0,exact_sorted_order_statistics,4,2,2,P2,0.6379310344827587,0.630487567987568,0.2395653079729527,0.0007201158441603,1.2415790416557214e-05,1,230,58,False
within_session,no_ra,W2,oas_trace_eps1e-6,4.0,exact_sorted_order_statistics,4,1,1,P2,0.5344827586206896,0.5385217852323115,0.2321479120291769,0.0006917240098118,1.192627603123928e-05,1,230,58,False
within_session,no_ra,W2,oas_trace_eps1e-6,4.0,exact_sorted_order_statistics,4,2,2,P2,0.603448275862069,0.6063155594405594,0.226312531158328,0.0006985641084611,1.2044208766571406e-05,1,230,58,False
within_session,no_ra,W2,oas_trace_eps1e-6,,ordered_nonoverlap,4,1,1,ordered_control,0.5344827586206896,0.5354251012145749,1.1069955450948328,0.0196112049743533,0.0003381242236957,1,230,58,False
within_session,no_ra,W2,oas_trace_eps1e-6,,ordered_nonoverlap,4,2,2,ordered_control,0.6551724137931034,0.6532148407148407,1.0882009738124907,0.0197193080093711,0.000339988069127,1,230,58,False
within_session,no_ra,W1,oas_trace_eps1e-6,,trial_tangent,4,1,1,B1,0.7017543859649122,0.6994047619047619,0.1874227970838546,0.0062622989062219,0.0001098648930916,2,231,57,False
within_session,no_ra,W1,oas_trace_eps1e-6,,trial_tangent,4,2,2,B1,0.7068965517241379,0.712694597069597,0.1657403840217739,0.0062818040605634,0.0001083069665614,2,230,58,False
within_session,no_ra,W1,oas_trace_eps1e-6,,airm_nearest_class_mean,4,1,1,B2,0.4912280701754385,0.5386904761904762,0.1693483348935842,0.0286721379961818,0.0005030199648452,2,231,57,False
within_session,no_ra,W1,oas_trace_eps1e-6,,airm_nearest_class_mean,4,2,2,B2,0.5517241379310345,0.5571199633699634,0.1589369070716202,0.0217348299920558,0.0003747384481388,2,230,58,False
within_session,no_ra,W1,oas_trace_eps1e-6,,mean_decision_score,4,1,1,B3,0.5964912280701754,0.6026785714285714,1.19476060802117,0.0440321560017764,0.0007724939649434,2,231,57,False
within_session,no_ra,W1,oas_trace_eps1e-6,,mean_decision_score,4,2,2,B3,0.6551724137931034,0.6618360805860806,1.2110750551801177,0.047955852933228,0.0008268250505728,2,230,58,False
within_session,no_ra,W1,oas_trace_eps1e-6,,majority_vote_secondary,4,1,1,B3_majority,0.5789473684210527,0.5848214285714286,0.0,0.0,0.0,2,231,57,False
within_session,no_ra,W1,oas_trace_eps1e-6,,majority_vote_secondary,4,2,2,B3_majority,0.6551724137931034,0.6676739926739926,0.0,0.0,0.0,2,230,58,False
within_session,no_ra,W1,oas_trace_eps1e-6,,mean_window_log_svec,4,1,1,B4,0.6842105263157895,0.6681547619047619,0.0219134939834475,0.0004346440546214,7.625334291604527e-06,2,231,57,False
within_session,no_ra,W1,oas_trace_eps1e-6,,mean_window_log_svec,4,2,2,B4,0.7241379310344828,0.7296932234432234,0.0241898340173065,0.0004560318775475,7.862618578405216e-06,2,230,58,False
within_session,no_ra,W1,oas_trace_eps1e-6,0.0,mean_std_projection_moments,4,1,1,B5,0.4912280701754385,0.5327380952380952,0.0452059460803866,0.0005117340479046,8.977790314115977e-06,2,231,57,False
within_session,no_ra,W1,oas_trace_eps1e-6,0.0,mean_std_projection_moments,4,2,2,B5,0.5689655172413793,0.5718521062271062,0.0424126619473099,0.0004966629203408,8.563153798980959e-06,2,230,58,False
within_session,no_ra,W1,oas_trace_eps1e-6,1.0,mean_std_projection_moments,4,1,1,B5,0.5263157894736842,0.5372023809523809,0.0439554390031844,0.0005348119884729,9.382666464437516e-06,2,231,57,False
within_session,no_ra,W1,oas_trace_eps1e-6,1.0,mean_std_projection_moments,4,2,2,B5,0.6724137931034483,0.6759386446886447,0.0448997139465063,0.0005011649336665,8.64077471838943e-06,2,230,58,False
within_session,no_ra,W1,oas_trace_eps1e-6,2.0,mean_std_projection_moments,4,1,1,B5,0.6140350877192983,0.6279761904761905,0.0432364989537745,0.0004873229190707,8.549524895977556e-06,2,231,57,False
within_session,no_ra,W1,oas_trace_eps1e-6,2.0,mean_std_projection_moments,4,2,2,B5,0.6379310344827587,0.6407509157509158,0.0511520791333168,0.0006443541496992,1.1109554305158812e-05,2,230,58,False
within_session,no_ra,W1,oas_trace_eps1e-6,3.0,mean_std_projection_moments,4,1,1,B5,0.5964912280701754,0.5967261904761905,0.0436220588162541,0.0005383079405874,9.443998957673708e-06,2,231,57,False
within_session,no_ra,W1,oas_trace_eps1e-6,3.0,mean_std_projection_moments,4,2,2,B5,0.6206896551724138,0.6218521062271062,0.0434151119552552,0.0005371589213609,9.261360713120164e-06,2,230,58,False
within_session,no_ra,W1,oas_trace_eps1e-6,4.0,mean_std_projection_moments,4,1,1,B5,0.5614035087719298,0.5922619047619048,0.0463173990137875,0.0005670799873769,9.948771708367163e-06,2,231,57,False
within_session,no_ra,W1,oas_trace_eps1e-6,4.0,mean_std_projection_moments,4,2,2,B5,0.6724137931034483,0.6697687728937729,0.0422878998797386,0.0004877641331404,8.409726433455944e-06,2,230,58,False
within_session,no_ra,W1,oas_trace_eps1e-6,0.0,pooled_class_measure,4,1,1,P1,0.4385964912280701,0.4851190476190476,0.0018523349426686,0.0303447810001671,0.0005323645789503,2,204,57,False
within_session,no_ra,W1,oas_trace_eps1e-6,0.0,pooled_class_measure,4,2,2,P1,0.5172413793103449,0.5215201465201464,0.0025482040364295,0.0341028019320219,0.0005879793436555,2,224,58,False
within_session,no_ra,W1,oas_trace_eps1e-6,1.0,pooled_class_measure,4,1,1,P1,0.5263157894736842,0.4985119047619047,0.0022134000901132,0.030921357916668,0.0005424799634503,2,204,57,False
within_session,no_ra,W1,oas_trace_eps1e-6,1.0,pooled_class_measure,4,2,2,P1,0.5172413793103449,0.5239354395604395,0.002137720119208,0.0336251470725983,0.0005797439150447,2,224,58,False
within_session,no_ra,W1,oas_trace_eps1e-6,2.0,pooled_class_measure,4,1,1,P1,0.4912280701754385,0.46875,0.001923507079482,0.031129548093304,0.0005461324226895,2,204,57,False
within_session,no_ra,W1,oas_trace_eps1e-6,2.0,pooled_class_measure,4,2,2,P1,0.4482758620689655,0.4569711538461538,0.0020777489989995,0.0306508340872824,0.0005284626566772,2,224,58,False
within_session,no_ra,W1,oas_trace_eps1e-6,3.0,pooled_class_measure,4,1,1,P1,0.4736842105263157,0.4508928571428571,0.0019663451239466,0.0354756049346178,0.0006223790339406,2,204,57,False
within_session,no_ra,W1,oas_trace_eps1e-6,3.0,pooled_class_measure,4,2,2,P1,0.5,0.5105425824175824,0.0024749289732426,0.0331213409081101,0.0005710576018639,2,224,58,False
within_session,no_ra,W1,oas_trace_eps1e-6,4.0,pooled_class_measure,4,1,1,P1,0.4736842105263157,0.4895833333333333,0.0022909049876034,0.0333272737916559,0.0005846890138887,2,204,57,False
within_session,no_ra,W1,oas_trace_eps1e-6,4.0,pooled_class_measure,4,2,2,P1,0.4827586206896552,0.4883699633699633,0.0025168859865516,0.0393790351226925,0.0006789488814257,2,224,58,False
within_session,no_ra,W1,oas_trace_eps1e-6,0.0,exact_sorted_order_statistics,4,1,1,P2,0.5614035087719298,0.5922619047619047,1.138659202028066,0.0008650429081171,1.5176191370476755e-05,2,231,57,False
within_session,no_ra,W1,oas_trace_eps1e-6,0.0,exact_sorted_order_statistics,4,2,2,P2,0.5517241379310345,0.5576007326007326,1.029442440951243,0.0011174599640071,1.926655110357137e-05,2,230,58,False
within_session,no_ra,W1,oas_trace_eps1e-6,1.0,exact_sorted_order_statistics,4,1,1,P2,0.4912280701754385,0.5267857142857143,1.191630908055231,0.0010113841854035,1.7743582200062902e-05,2,231,57,False
within_session,no_ra,W1,oas_trace_eps1e-6,1.0,exact_sorted_order_statistics,4,2,2,P2,0.7241379310344828,0.7296932234432234,1.0709851149003953,0.0009256969206035,1.596029173454334e-05,2,230,58,False
within_session,no_ra,W1,oas_trace_eps1e-6,2.0,exact_sorted_order_statistics,4,1,1,P2,0.631578947368421,0.6324404761904762,1.1016707550734282,0.000892236130312,1.565326544407167e-05,2,231,57,False
within_session,no_ra,W1,oas_trace_eps1e-6,2.0,exact_sorted_order_statistics,4,2,2,P2,0.5862068965517241,0.5859546703296703,1.1210197070613503,0.0008596701081842,1.4821898416969282e-05,2,230,58,False
within_session,no_ra,W1,oas_trace_eps1e-6,3.0,exact_sorted_order_statistics,4,1,1,P2,0.6140350877192983,0.6086309523809523,1.0097407328430563,0.0009952068794518,1.7459769814945103e-05,2,231,57,False
within_session,no_ra,W1,oas_trace_eps1e-6,3.0,exact_sorted_order_statistics,4,2,2,P2,0.6551724137931034,0.6575663919413919,1.0962816800456494,0.0010030199773609,1.729344788553386e-05,2,230,58,False
within_session,no_ra,W1,oas_trace_eps1e-6,4.0,exact_sorted_order_statistics,4,1,1,P2,0.4736842105263157,0.5014880952380952,1.0732715190388262,0.0011974861845374,2.1008529553287908e-05,2,231,57,False
within_session,no_ra,W1,oas_trace_eps1e-6,4.0,exact_sorted_order_statistics,4,2,2,P2,0.6724137931034483,0.6720009157509158,1.1114223769400269,0.0010236511006951,1.764915690853678e-05,2,230,58,False
within_session,no_ra,W2,oas_trace_eps1e-6,,trial_tangent,4,1,1,B1,0.7017543859649122,0.6994047619047619,0.1862149541266262,0.0060940200928598,0.000106912633208,2,231,57,False
within_session,no_ra,W2,oas_trace_eps1e-6,,trial_tangent,4,2,2,B1,0.7068965517241379,0.712694597069597,0.1656955529469996,0.0059669599868357,0.0001028786204626,2,230,58,False
within_session,no_ra,W2,oas_trace_eps1e-6,,airm_nearest_class_mean,4,1,1,B2,0.4912280701754385,0.5386904761904762,0.153748424956575,0.0283285330515354,0.0004969918079216,2,231,57,False
within_session,no_ra,W2,oas_trace_eps1e-6,,airm_nearest_class_mean,4,2,2,B2,0.5517241379310345,0.5571199633699634,0.1631876311730593,0.0269208590034395,0.0004641527414386,2,230,58,False
within_session,no_ra,W2,oas_trace_eps1e-6,,mean_decision_score,4,1,1,B3,0.6140350877192983,0.6145833333333334,0.7387617169879377,0.0306218538898974,0.0005372255068403,2,231,57,False
within_session,no_ra,W2,oas_trace_eps1e-6,,mean_decision_score,4,2,2,B3,0.6551724137931034,0.6590888278388278,0.7072599711827934,0.0211396201048046,0.0003644762087035,2,230,58,False
within_session,no_ra,W2,oas_trace_eps1e-6,,majority_vote_secondary,4,1,1,B3_majority,0.5614035087719298,0.5654761904761905,0.0,0.0,0.0,2,231,57,False
within_session,no_ra,W2,oas_trace_eps1e-6,,majority_vote_secondary,4,2,2,B3_majority,0.5862068965517241,0.5957303113553114,0.0,0.0,0.0,2,230,58,False
within_session,no_ra,W2,oas_trace_eps1e-6,,mean_window_log_svec,4,1,1,B4,0.7017543859649122,0.7113095238095238,0.0216951500624418,0.0004098599310964,7.190525106954993e-06,2,231,57,False
within_session,no_ra,W2,oas_trace_eps1e-6,,mean_window_log_svec,4,2,2,B4,0.6896551724137931,0.6936126373626373,0.0216114318463951,0.0004177258815616,7.2021703717523605e-06,2,230,58,False
within_session,no_ra,W2,oas_trace_eps1e-6,0.0,mean_std_projection_moments,4,1,1,B5,0.4385964912280701,0.4791666666666667,0.0519718369469046,0.000593245960772,1.040782387319364e-05,2,231,57,False
within_session,no_ra,W2,oas_trace_eps1e-6,0.0,mean_std_projection_moments,4,2,2,B5,0.5344827586206896,0.5397435897435897,0.0551945678889751,0.0006065249908715,1.0457327428819804e-05,2,230,58,False
within_session,no_ra,W2,oas_trace_eps1e-6,1.0,mean_std_projection_moments,4,1,1,B5,0.5614035087719298,0.5803571428571428,0.0506465199869126,0.0005365398246794,9.412979380342e-06,2,231,57,False
within_session,no_ra,W2,oas_trace_eps1e-6,1.0,mean_std_projection_moments,4,2,2,B5,0.5862068965517241,0.5861378205128205,0.0508962778840214,0.0006444621831178,1.1111416950308045e-05,2,230,58,False
within_session,no_ra,W2,oas_trace_eps1e-6,2.0,mean_std_projection_moments,4,1,1,B5,0.631578947368421,0.6339285714285714,0.0500897939782589,0.0005120530258864,8.983386419059938e-06,2,231,57,False
within_session,no_ra,W2,oas_trace_eps1e-6,2.0,mean_std_projection_moments,4,2,2,B5,0.5517241379310345,0.5598328754578755,0.0514093560632318,0.000579466111958,9.990795033759083e-06,2,230,58,False
within_session,no_ra,W2,oas_trace_eps1e-6,3.0,mean_std_projection_moments,4,1,1,B5,0.543859649122807,0.5491071428571428,0.0483796801418066,0.0005855162162333,1.0272214319883732e-05,2,231,57,False
within_session,no_ra,W2,oas_trace_eps1e-6,3.0,mean_std_projection_moments,4,2,2,B5,0.6896551724137931,0.6889995421245422,0.0491045280359685,0.0006200710777193,1.0690880650333287e-05,2,230,58,False
within_session,no_ra,W2,oas_trace_eps1e-6,4.0,mean_std_projection_moments,4,1,1,B5,0.4385964912280701,0.4776785714285714,0.0521149670239537,0.0006226440891623,1.092358051162017e-05,2,231,57,False
within_session,no_ra,W2,oas_trace_eps1e-6,4.0,mean_std_projection_moments,4,2,2,B5,0.6206896551724138,0.6103594322344322,0.0454537749756127,0.0004860782064497,8.38065873189219e-06,2,230,58,False
within_session,no_ra,W2,oas_trace_eps1e-6,0.0,pooled_class_measure,4,1,1,P1,0.4385964912280701,0.4791666666666667,0.0014646830968558,0.0234003339428454,0.0004105321744358,2,204,57,False
within_session,no_ra,W2,oas_trace_eps1e-6,0.0,pooled_class_measure,4,2,2,P1,0.4827586206896552,0.4856227106227106,0.0011684510391205,0.0170762778725475,0.0002944185840094,2,224,58,False
within_session,no_ra,W2,oas_trace_eps1e-6,1.0,pooled_class_measure,4,1,1,P1,0.5087719298245614,0.494047619047619,0.001147192902863,0.0185465340036898,0.0003253777895384,2,204,57,False
within_session,no_ra,W2,oas_trace_eps1e-6,1.0,pooled_class_measure,4,2,2,P1,0.5172413793103449,0.5239354395604395,0.0011840038932859,0.0191528608556836,0.000330221738891,2,224,58,False
within_session,no_ra,W2,oas_trace_eps1e-6,2.0,pooled_class_measure,4,1,1,P1,0.4736842105263157,0.4761904761904761,0.0011055609211325,0.0136364949867129,0.0002392367541528,2,204,57,False
within_session,no_ra,W2,oas_trace_eps1e-6,2.0,pooled_class_measure,4,2,2,P1,0.5,0.5059294871794872,0.0011815801262855,0.0214849850162863,0.0003704307761428,2,224,58,False
within_session,no_ra,W2,oas_trace_eps1e-6,3.0,pooled_class_measure,4,1,1,P1,0.5087719298245614,0.488095238095238,0.001137337880209,0.0170400470960885,0.0002989481946682,2,204,57,False
within_session,no_ra,W2,oas_trace_eps1e-6,3.0,pooled_class_measure,4,2,2,P1,0.4482758620689655,0.4576465201465201,0.0011510718613862,0.0196262099780142,0.0003383829306554,2,224,58,False
within_session,no_ra,W2,oas_trace_eps1e-6,4.0,pooled_class_measure,4,1,1,P1,0.4561403508771929,0.4657738095238095,0.0013869241811335,0.0183740339707583,0.0003223514731711,2,204,57,False
within_session,no_ra,W2,oas_trace_eps1e-6,4.0,pooled_class_measure,4,2,2,P1,0.396551724137931,0.3994276556776556,0.0011598148848861,0.0188266620971262,0.0003245976223642,2,224,58,False
within_session,no_ra,W2,oas_trace_eps1e-6,0.0,exact_sorted_order_statistics,4,1,1,P2,0.5263157894736842,0.5758928571428571,0.2417585221119225,0.0007557470817118,1.3258720731787517e-05,2,231,57,False
within_session,no_ra,W2,oas_trace_eps1e-6,0.0,exact_sorted_order_statistics,4,2,2,P2,0.4827586206896552,0.4880723443223443,0.2393089630641043,0.000719856005162,1.2411310433827595e-05,2,230,58,False
within_session,no_ra,W2,oas_trace_eps1e-6,1.0,exact_sorted_order_statistics,4,1,1,P2,0.543859649122807,0.5625,0.2270434610545635,0.0006876930128782,1.2064789699619275e-05,2,231,57,False
within_session,no_ra,W2,oas_trace_eps1e-6,1.0,exact_sorted_order_statistics,4,2,2,P2,0.6551724137931034,0.6565590659340659,0.2316247229464352,0.0007332270033657,1.2641844885616469e-05,2,230,58,False
within_session,no_ra,W2,oas_trace_eps1e-6,2.0,exact_sorted_order_statistics,4,1,1,P2,0.6491228070175439,0.6577380952380952,0.2193245890084654,0.0006971829570829,1.223127994882433e-05,2,231,57,False
within_session,no_ra,W2,oas_trace_eps1e-6,2.0,exact_sorted_order_statistics,4,2,2,P2,0.5172413793103449,0.5212225274725275,0.2335904510691762,0.0006852110382169,1.1813983417533596e-05,2,230,58,False
within_session,no_ra,W2,oas_trace_eps1e-6,3.0,exact_sorted_order_statistics,4,1,1,P2,0.5964912280701754,0.6220238095238095,0.2225841770414263,0.0006774060893803,1.1884317357550588e-05,2,231,57,False
within_session,no_ra,W2,oas_trace_eps1e-6,3.0,exact_sorted_order_statistics,4,2,2,P2,0.6724137931034483,0.6745650183150182,0.2347508401144296,0.000698110088706,1.2036380839758904e-05,2,230,58,False
within_session,no_ra,W2,oas_trace_eps1e-6,4.0,exact_sorted_order_statistics,4,1,1,P2,0.4736842105263157,0.5133928571428572,0.2327814358286559,0.0006928818766027,1.2155822396539806e-05,2,231,57,False
within_session,no_ra,W2,oas_trace_eps1e-6,4.0,exact_sorted_order_statistics,4,2,2,P2,0.6206896551724138,0.6172046703296703,0.2316672781016677,0.0006805518642067,1.1733652831151569e-05,2,230,58,False
within_session,no_ra,W2,oas_trace_eps1e-6,,ordered_nonoverlap,4,1,1,ordered_control,0.631578947368421,0.6785714285714286,1.1824760758318007,0.0263688249979168,0.0004626109648757,2,231,57,False
within_session,no_ra,W2,oas_trace_eps1e-6,,ordered_nonoverlap,4,2,2,ordered_control,0.6206896551724138,0.6264995421245422,1.1271193160209805,0.0197942149825394,0.0003412795686644,2,230,58,False
within_session,no_ra,W1,oas_trace_eps1e-6,,trial_tangent,4,1,1,B1,0.6724137931034483,0.6726540616246499,0.2245096520055085,0.00627599703148,0.0001082068453703,3,230,58,False
within_session,no_ra,W1,oas_trace_eps1e-6,,trial_tangent,4,2,2,B1,0.7543859649122807,0.7607420357420358,0.1614897800609469,0.006038854131475,0.0001059448093241,3,231,57,False
within_session,no_ra,W1,oas_trace_eps1e-6,,airm_nearest_class_mean,4,1,1,B2,0.5,0.498844537815126,0.1424733339808881,0.0207553599029779,0.0003578510328099,3,230,58,False
within_session,no_ra,W1,oas_trace_eps1e-6,,airm_nearest_class_mean,4,2,2,B2,0.631578947368421,0.6321678321678321,0.1502095588948577,0.020933031104505,0.0003672461597281,3,231,57,False
within_session,no_ra,W1,oas_trace_eps1e-6,,mean_decision_score,4,1,1,B3,0.603448275862069,0.6000350140056022,1.301679193042219,0.0370441600680351,0.0006386924149661,3,230,58,False
within_session,no_ra,W1,oas_trace_eps1e-6,,mean_decision_score,4,2,2,B3,0.6842105263157895,0.6915112665112665,1.1614324669353664,0.049003240885213,0.0008597059804423,3,231,57,False
within_session,no_ra,W1,oas_trace_eps1e-6,,majority_vote_secondary,4,1,1,B3_majority,0.5689655172413793,0.5655112044817927,0.0,0.0,0.0,3,230,58,False
within_session,no_ra,W1,oas_trace_eps1e-6,,majority_vote_secondary,4,2,2,B3_majority,0.6842105263157895,0.6705516705516705,0.0,0.0,0.0,3,231,57,False
within_session,no_ra,W1,oas_trace_eps1e-6,,mean_window_log_svec,4,1,1,B4,0.6724137931034483,0.6653361344537815,0.0245946981012821,0.0004994191695004,8.610675336215002e-06,3,230,58,False
within_session,no_ra,W1,oas_trace_eps1e-6,,mean_window_log_svec,4,2,2,B4,0.6666666666666666,0.6538850038850038,0.02173358714208,0.0004456401802599,7.818248776490228e-06,3,231,57,False
within_session,no_ra,W1,oas_trace_eps1e-6,0.0,mean_std_projection_moments,4,1,1,B5,0.603448275862069,0.5984943977591036,0.051260681822896,0.0005861979443579,1.010686110962054e-05,3,230,58,False
within_session,no_ra,W1,oas_trace_eps1e-6,0.0,mean_std_projection_moments,4,2,2,B5,0.6140350877192983,0.6217754467754468,0.0443165230099111,0.0004981691017746,8.73980880306478e-06,3,231,57,False
within_session,no_ra,W1,oas_trace_eps1e-6,1.0,mean_std_projection_moments,4,1,1,B5,0.5344827586206896,0.5396708683473389,0.0429964389186352,0.0004765570629388,8.216501085151886e-06,3,230,58,False
within_session,no_ra,W1,oas_trace_eps1e-6,1.0,mean_std_projection_moments,4,2,2,B5,0.5789473684210527,0.5798174048174047,0.0478199638891965,0.0005751498974859,1.0090349078701253e-05,3,231,57,False
within_session,no_ra,W1,oas_trace_eps1e-6,2.0,mean_std_projection_moments,4,1,1,B5,0.4827586206896552,0.4689075630252101,0.0447993560228496,0.0005140211433172,8.862433505469354e-06,3,230,58,False
within_session,no_ra,W1,oas_trace_eps1e-6,2.0,mean_std_projection_moments,4,2,2,B5,0.5789473684210527,0.5719114219114219,0.0426690648309886,0.0005325698293745,9.343330339904418e-06,3,231,57,False
within_session,no_ra,W1,oas_trace_eps1e-6,3.0,mean_std_projection_moments,4,1,1,B5,0.603448275862069,0.5994397759103641,0.0457927079405635,0.0004989809822291,8.60312038326058e-06,3,230,58,False
within_session,no_ra,W1,oas_trace_eps1e-6,3.0,mean_std_projection_moments,4,2,2,B5,0.6140350877192983,0.6291763791763791,0.0425719018094241,0.0004775300621986,8.377720389449805e-06,3,231,57,False
within_session,no_ra,W1,oas_trace_eps1e-6,4.0,mean_std_projection_moments,4,1,1,B5,0.4827586206896552,0.4823529411764705,0.0453809769824147,0.00053211604245,9.174414525001214e-06,3,230,58,False
within_session,no_ra,W1,oas_trace_eps1e-6,4.0,mean_std_projection_moments,4,2,2,B5,0.5789473684210527,0.5763209013209013,0.0439582869876176,0.0004963688552379,8.70822553049054e-06,3,231,57,False
within_session,no_ra,W1,oas_trace_eps1e-6,0.0,pooled_class_measure,4,1,1,P1,0.5517241379310345,0.5410014005602242,0.0020259029697626,0.0328138798940926,0.0005657565498981,3,220,58,False
within_session,no_ra,W1,oas_trace_eps1e-6,0.0,pooled_class_measure,4,2,2,P1,0.4912280701754385,0.4808663558663558,0.0021833048667758,0.0319114360027015,0.0005598497544333,3,216,57,False
within_session,no_ra,W1,oas_trace_eps1e-6,1.0,pooled_class_measure,4,1,1,P1,0.5344827586206896,0.5456232492997198,0.002067683963105,0.0321832799818366,0.0005548841376178,3,220,58,False
within_session,no_ra,W1,oas_trace_eps1e-6,1.0,pooled_class_measure,4,2,2,P1,0.5614035087719298,0.5508158508158508,0.0024165320210158,0.0363907669670879,0.0006384345081945,3,216,57,False
within_session,no_ra,W1,oas_trace_eps1e-6,2.0,pooled_class_measure,4,1,1,P1,0.4827586206896552,0.4755252100840336,0.0020095149520784,0.0330468139145523,0.0005697726536991,3,220,58,False
within_session,no_ra,W1,oas_trace_eps1e-6,2.0,pooled_class_measure,4,2,2,P1,0.5263157894736842,0.5174825174825175,0.0020814659073948,0.0260323269758373,0.0004567074908041,3,216,57,False
within_session,no_ra,W1,oas_trace_eps1e-6,3.0,pooled_class_measure,4,1,1,P1,0.4827586206896552,0.4865196078431373,0.002480830065906,0.0368132120929658,0.0006347105533269,3,220,58,False
within_session,no_ra,W1,oas_trace_eps1e-6,3.0,pooled_class_measure,4,2,2,P1,0.5263157894736842,0.497027972027972,0.0021532010287046,0.0317148570902645,0.0005564010015835,3,216,57,False
within_session,no_ra,W1,oas_trace_eps1e-6,4.0,pooled_class_measure,4,1,1,P1,0.5172413793103449,0.5096288515406162,0.0021029359195381,0.0325641159433871,0.0005614502748859,3,220,58,False
within_session,no_ra,W1,oas_trace_eps1e-6,4.0,pooled_class_measure,4,2,2,P1,0.5789473684210527,0.5637723387723388,0.0021704470273107,0.0341803419869393,0.0005996551225778,3,216,57,False
within_session,no_ra,W1,oas_trace_eps1e-6,0.0,exact_sorted_order_statistics,4,1,1,P2,0.5689655172413793,0.5526610644257703,1.0364669479895383,0.0009151617996394,1.5778651717921783e-05,3,230,58,False
within_session,no_ra,W1,oas_trace_eps1e-6,0.0,exact_sorted_order_statistics,4,2,2,P2,0.5789473684210527,0.5932789432789433,1.0492832188028842,0.0009760102257132,1.7122986416021984e-05,3,231,57,False
within_session,no_ra,W1,oas_trace_eps1e-6,1.0,exact_sorted_order_statistics,4,1,1,P2,0.5517241379310345,0.5666316526610644,1.003202848834917,0.0008968960028141,1.5463724186451272e-05,3,230,58,False
within_session,no_ra,W1,oas_trace_eps1e-6,1.0,exact_sorted_order_statistics,4,2,2,P2,0.631578947368421,0.6242618492618492,1.071672620018944,0.0008623669855296,1.5129245360169494e-05,3,231,57,False
within_session,no_ra,W1,oas_trace_eps1e-6,2.0,exact_sorted_order_statistics,4,1,1,P2,0.5517241379310345,0.5462885154061624,1.0321283331140876,0.0009667319245636,1.666779180282149e-05,3,230,58,False
within_session,no_ra,W1,oas_trace_eps1e-6,2.0,exact_sorted_order_statistics,4,2,2,P2,0.5614035087719298,0.5410644910644911,0.9990666699595748,0.0009181092027574,1.6107178995745225e-05,3,231,57,False
within_session,no_ra,W1,oas_trace_eps1e-6,3.0,exact_sorted_order_statistics,4,1,1,P2,0.5517241379310345,0.5541316526610645,1.1917773350141945,0.0010370330419391,1.7879880033433437e-05,3,230,58,False
within_session,no_ra,W1,oas_trace_eps1e-6,3.0,exact_sorted_order_statistics,4,2,2,P2,0.6842105263157895,0.6768259518259517,0.9904591899830848,0.0009457520209252,1.659214071798743e-05,3,231,57,False
within_session,no_ra,W1,oas_trace_eps1e-6,4.0,exact_sorted_order_statistics,4,1,1,P2,0.4482758620689655,0.447829131652661,1.1126375289168209,0.0009219360072165,1.5895448400285736e-05,3,230,58,False
within_session,no_ra,W1,oas_trace_eps1e-6,4.0,exact_sorted_order_statistics,4,2,2,P2,0.6666666666666666,0.6627233877233877,1.0039960858412087,0.0009567630477249,1.6785316626753722e-05,3,231,57,False
within_session,no_ra,W2,oas_trace_eps1e-6,,trial_tangent,4,1,1,B1,0.6724137931034483,0.6726540616246499,0.1962692618835717,0.0060998229309916,0.0001051693608791,3,230,58,False
within_session,no_ra,W2,oas_trace_eps1e-6,,trial_tangent,4,2,2,B1,0.7543859649122807,0.7607420357420358,0.1653115290682763,0.0059650570619851,0.0001046501238944,3,231,57,False
within_session,no_ra,W2,oas_trace_eps1e-6,,airm_nearest_class_mean,4,1,1,B2,0.5,0.498844537815126,0.1419043741188943,0.021142765879631,0.0003645304462005,3,230,58,False
within_session,no_ra,W2,oas_trace_eps1e-6,,airm_nearest_class_mean,4,2,2,B2,0.631578947368421,0.6321678321678321,0.1467814720235765,0.0201544249430298,0.0003535864025092,3,231,57,False
within_session,no_ra,W2,oas_trace_eps1e-6,,mean_decision_score,4,1,1,B3,0.5517241379310345,0.5460434173669467,0.6639067982323468,0.0215447498485445,0.0003714612042852,3,230,58,False
within_session,no_ra,W2,oas_trace_eps1e-6,,mean_decision_score,4,2,2,B3,0.6842105263157895,0.7056915306915307,0.6934915210586041,0.0224742100108414,0.0003942843861551,3,231,57,False
within_session,no_ra,W2,oas_trace_eps1e-6,,majority_vote_secondary,4,1,1,B3_majority,0.5172413793103449,0.5152661064425771,0.0,0.0,0.0,3,230,58,False
within_session,no_ra,W2,oas_trace_eps1e-6,,majority_vote_secondary,4,2,2,B3_majority,0.6666666666666666,0.6546037296037296,0.0,0.0,0.0,3,231,57,False
within_session,no_ra,W2,oas_trace_eps1e-6,,mean_window_log_svec,4,1,1,B4,0.6206896551724138,0.6099789915966386,0.0220851839985698,0.0004658349789679,8.031637568412156e-06,3,230,58,False
within_session,no_ra,W2,oas_trace_eps1e-6,,mean_window_log_svec,4,2,2,B4,0.7192982456140351,0.716006216006216,0.0236555780284106,0.0004560970701277,8.00170298469694e-06,3,231,57,False
within_session,no_ra,W2,oas_trace_eps1e-6,0.0,mean_std_projection_moments,4,1,1,B5,0.5344827586206896,0.5333683473389356,0.0475634620524942,0.0005135301034897,8.853967301547527e-06,3,230,58,False
within_session,no_ra,W2,oas_trace_eps1e-6,0.0,mean_std_projection_moments,4,2,2,B5,0.6491228070175439,0.6453379953379953,0.0461780729237943,0.0005362299270927,9.407542580575272e-06,3,231,57,False
within_session,no_ra,W2,oas_trace_eps1e-6,1.0,mean_std_projection_moments,4,1,1,B5,0.5172413793103449,0.5269257703081233,0.0450763988774269,0.0005167350172996,8.909224436200899e-06,3,230,58,False
within_session,no_ra,W2,oas_trace_eps1e-6,1.0,mean_std_projection_moments,4,2,2,B5,0.5789473684210527,0.5965617715617715,0.0473104191478341,0.0004942221567034,8.670564152692494e-06,3,231,57,False
within_session,no_ra,W2,oas_trace_eps1e-6,2.0,mean_std_projection_moments,4,1,1,B5,0.5,0.4928921568627451,0.0472135250456631,0.000540570821613,9.320186579535747e-06,3,230,58,False
within_session,no_ra,W2,oas_trace_eps1e-6,2.0,mean_std_projection_moments,4,2,2,B5,0.631578947368421,0.6365967365967367,0.0495731679257005,0.000526299001649,9.233315818403896e-06,3,231,57,False
within_session,no_ra,W2,oas_trace_eps1e-6,3.0,mean_std_projection_moments,4,1,1,B5,0.4827586206896552,0.4780112044817927,0.0420889200177043,0.0005171401426196,8.916209355510515e-06,3,230,58,False
within_session,no_ra,W2,oas_trace_eps1e-6,3.0,mean_std_projection_moments,4,2,2,B5,0.6491228070175439,0.6625097125097125,0.047633783891797,0.0006291370373219,1.1037491882840792e-05,3,231,57,False
within_session,no_ra,W2,oas_trace_eps1e-6,4.0,mean_std_projection_moments,4,1,1,B5,0.5,0.5063375350140056,0.0443765160162001,0.0005409789737313,9.327223685024114e-06,3,230,58,False
within_session,no_ra,W2,oas_trace_eps1e-6,4.0,mean_std_projection_moments,4,2,2,B5,0.5614035087719298,0.5503108003108004,0.0502150279935449,0.0006374099757522,1.1182631153547973e-05,3,231,57,False
within_session,no_ra,W2,oas_trace_eps1e-6,0.0,pooled_class_measure,4,1,1,P1,0.4482758620689655,0.4445028011204481,0.0013200549874454,0.0201061437837779,0.0003466576514444,3,220,58,False
within_session,no_ra,W2,oas_trace_eps1e-6,0.0,pooled_class_measure,4,2,2,P1,0.4912280701754385,0.472027972027972,0.0012253948953002,0.0178036610595881,0.0003123449308699,3,216,57,False
within_session,no_ra,W2,oas_trace_eps1e-6,1.0,pooled_class_measure,4,1,1,P1,0.4482758620689655,0.4588935574229692,0.0015543380286544,0.021858035121113,0.0003768626745019,3,220,58,False
within_session,no_ra,W2,oas_trace_eps1e-6,1.0,pooled_class_measure,4,2,2,P1,0.5964912280701754,0.5725330225330225,0.0012684159446507,0.0203146950807422,0.0003563981593112,3,216,57,False
within_session,no_ra,W2,oas_trace_eps1e-6,2.0,pooled_class_measure,4,1,1,P1,0.4827586206896552,0.4755252100840336,0.0015638510230928,0.0216666650958359,0.0003735631913075,3,220,58,False
within_session,no_ra,W2,oas_trace_eps1e-6,2.0,pooled_class_measure,4,2,2,P1,0.543859649122807,0.5367132867132867,0.0012351931072771,0.0172589949797838,0.0003027893856102,3,216,57,False
within_session,no_ra,W2,oas_trace_eps1e-6,3.0,pooled_class_measure,4,1,1,P1,0.4137931034482758,0.4172268907563025,0.0018205239903181,0.0191443618386983,0.0003300752041154,3,220,58,False
within_session,no_ra,W2,oas_trace_eps1e-6,3.0,pooled_class_measure,4,2,2,P1,0.5263157894736842,0.5023698523698523,0.0012594999279826,0.0200828781817108,0.0003523311961703,3,216,57,False
within_session,no_ra,W2,oas_trace_eps1e-6,4.0,pooled_class_measure,4,1,1,P1,0.4482758620689655,0.4456932773109243,0.0015939990989863,0.0204758178442716,0.0003530313421426,3,220,58,False
within_session,no_ra,W2,oas_trace_eps1e-6,4.0,pooled_class_measure,4,2,2,P1,0.5964912280701754,0.5688228438228438,0.0012265050318092,0.0175509429536759,0.000307911279889,3,216,57,False
within_session,no_ra,W2,oas_trace_eps1e-6,0.0,exact_sorted_order_statistics,4,1,1,P2,0.5517241379310345,0.5542016806722689,0.2344114130828529,0.0007471041753888,1.2881106472220916e-05,3,230,58,False
within_session,no_ra,W2,oas_trace_eps1e-6,0.0,exact_sorted_order_statistics,4,2,2,P2,0.5614035087719298,0.5742618492618492,0.2385115770157426,0.0006783169228583,1.1900296892251883e-05,3,231,57,False
within_session,no_ra,W2,oas_trace_eps1e-6,1.0,exact_sorted_order_statistics,4,1,1,P2,0.5172413793103449,0.5310924369747899,0.2255819148849696,0.0007948379497975,1.3704102582715708e-05,3,230,58,False
within_session,no_ra,W2,oas_trace_eps1e-6,1.0,exact_sorted_order_statistics,4,2,2,P2,0.5964912280701754,0.6046037296037295,0.2273264909163117,0.0006629680283367,1.163101804099585e-05,3,231,57,False
within_session,no_ra,W2,oas_trace_eps1e-6,2.0,exact_sorted_order_statistics,4,1,1,P2,0.4482758620689655,0.4417016806722689,0.2324323949869722,0.0007539829239249,1.2999705584912465e-05,3,230,58,False
within_session,no_ra,W2,oas_trace_eps1e-6,2.0,exact_sorted_order_statistics,4,2,2,P2,0.5614035087719298,0.5666472416472417,0.2249660149682313,0.0006776021327823,1.188775671547965e-05,3,231,57,False
within_session,no_ra,W2,oas_trace_eps1e-6,3.0,exact_sorted_order_statistics,4,1,1,P2,0.396551724137931,0.3944327731092437,0.2378522490616887,0.000782944029197,1.3499034986156842e-05,3,230,58,False
within_session,no_ra,W2,oas_trace_eps1e-6,3.0,exact_sorted_order_statistics,4,2,2,P2,0.5964912280701754,0.5983294483294483,0.2398999819997698,0.0007788008078932,1.3663172068303092e-05,3,231,57,False
within_session,no_ra,W2,oas_trace_eps1e-6,4.0,exact_sorted_order_statistics,4,1,1,P2,0.4655172413793103,0.4730042016806722,0.2436691590119153,0.0007908360566943,1.3635104425765318e-05,3,230,58,False
within_session,no_ra,W2,oas_trace_eps1e-6,4.0,exact_sorted_order_statistics,4,2,2,P2,0.6666666666666666,0.668997668997669,0.2379385631065815,0.0006728479638695,1.180435024332582e-05,3,231,57,False
within_session,no_ra,W2,oas_trace_eps1e-6,,ordered_nonoverlap,4,1,1,ordered_control,0.5344827586206896,0.5365196078431372,1.051218732027337,0.0269211740233004,0.0004641581728155,3,230,58,False
within_session,no_ra,W2,oas_trace_eps1e-6,,ordered_nonoverlap,4,2,2,ordered_control,0.7192982456140351,0.7336829836829837,1.0591055192053318,0.0199315648060292,0.0003496765755443,3,231,57,False
within_session,no_ra,W1,oas_trace_eps1e-6,,trial_tangent,4,1,1,B1,0.4736842105263157,0.4642857142857143,0.1918789069168269,0.0080501430202275,0.0001412305793022,4,231,57,False
within_session,no_ra,W1,oas_trace_eps1e-6,,trial_tangent,4,2,2,B1,0.8421052631578947,0.8417467948717949,0.1616516429930925,0.0058555859141051,0.0001027295774404,4,231,57,False
within_session,no_ra,W1,oas_trace_eps1e-6,,airm_nearest_class_mean,4,1,1,B2,0.4561403508771929,0.4484126984126984,0.1655993890017271,0.0217629510443657,0.000381806158673,4,231,57,False
within_session,no_ra,W1,oas_trace_eps1e-6,,airm_nearest_class_mean,4,2,2,B2,0.7543859649122807,0.7512019230769231,0.1376297399401664,0.021575687918812,0.0003785208406809,4,231,57,False
within_session,no_ra,W1,oas_trace_eps1e-6,,mean_decision_score,4,1,1,B3,0.4912280701754385,0.496031746031746,1.2659592689014971,0.0350701860152184,0.0006152664213196,4,231,57,False
within_session,no_ra,W1,oas_trace_eps1e-6,,mean_decision_score,4,2,2,B3,0.7894736842105263,0.7860576923076923,1.1266914720181376,0.0351694389246404,0.0006170077004322,4,231,57,False
within_session,no_ra,W1,oas_trace_eps1e-6,,majority_vote_secondary,4,1,1,B3_majority,0.4912280701754385,0.503720238095238,0.0,0.0,0.0,4,231,57,False
within_session,no_ra,W1,oas_trace_eps1e-6,,majority_vote_secondary,4,2,2,B3_majority,0.7543859649122807,0.7600160256410257,0.0,0.0,0.0,4,231,57,False
within_session,no_ra,W1,oas_trace_eps1e-6,,mean_window_log_svec,4,1,1,B4,0.5087719298245614,0.4977678571428571,0.0221924320794641,0.0004633411299437,8.128791753398745e-06,4,231,57,False
within_session,no_ra,W1,oas_trace_eps1e-6,,mean_window_log_svec,4,2,2,B4,0.7719298245614035,0.7756410256410257,0.0214267831761389,0.0004318789578974,7.576823822761837e-06,4,231,57,False
within_session,no_ra,W1,oas_trace_eps1e-6,0.0,mean_std_projection_moments,4,1,1,B5,0.4210526315789473,0.4104662698412698,0.0447852399665862,0.0005774111486971,1.0130020152581363e-05,4,231,57,False
within_session,no_ra,W1,oas_trace_eps1e-6,0.0,mean_std_projection_moments,4,2,2,B5,0.7719298245614035,0.7720352564102564,0.0429186350665986,0.0004832290578633,8.477702769532538e-06,4,231,57,False
within_session,no_ra,W1,oas_trace_eps1e-6,1.0,mean_std_projection_moments,4,1,1,B5,0.4736842105263157,0.4694940476190476,0.0451562199741601,0.0004903969820588,8.603455825594433e-06,4,231,57,False
within_session,no_ra,W1,oas_trace_eps1e-6,1.0,mean_std_projection_moments,4,2,2,B5,0.6842105263157895,0.6935096153846154,0.0433406520169228,0.0005175089463591,9.079104322090484e-06,4,231,57,False
within_session,no_ra,W1,oas_trace_eps1e-6,2.0,mean_std_projection_moments,4,1,1,B5,0.4210526315789473,0.4226190476190476,0.0492212621029466,0.0005830470472574,1.022889556591971e-05,4,231,57,False
within_session,no_ra,W1,oas_trace_eps1e-6,2.0,mean_std_projection_moments,4,2,2,B5,0.7192982456140351,0.7323717948717949,0.0463523799553513,0.0005044150166213,8.849386256514935e-06,4,231,57,False
within_session,no_ra,W1,oas_trace_eps1e-6,3.0,mean_std_projection_moments,4,1,1,B5,0.5087719298245614,0.5238095238095237,0.0511025360319763,0.0005822819657623,1.021547308355047e-05,4,231,57,False
within_session,no_ra,W1,oas_trace_eps1e-6,3.0,mean_std_projection_moments,4,2,2,B5,0.7192982456140351,0.7199519230769231,0.0443503719288855,0.000574842095375,1.0084949041667736e-05,4,231,57,False
within_session,no_ra,W1,oas_trace_eps1e-6,4.0,mean_std_projection_moments,4,1,1,B5,0.5263157894736842,0.5471230158730158,0.0477632030379027,0.0005059707909822,8.876680543548182e-06,4,231,57,False
within_session,no_ra,W1,oas_trace_eps1e-6,4.0,mean_std_projection_moments,4,2,2,B5,0.7543859649122807,0.7475961538461539,0.0450373080093413,0.0005107629112899,8.9607528296479e-06,4,231,57,False
within_session,no_ra,W1,oas_trace_eps1e-6,0.0,pooled_class_measure,4,1,1,P1,0.4561403508771929,0.4419642857142857,0.0024410770274698,0.0330598170403391,0.0005799967901813,4,216,57,False
within_session,no_ra,W1,oas_trace_eps1e-6,0.0,pooled_class_measure,4,2,2,P1,0.5789473684210527,0.5893429487179488,0.0021105459891259,0.031393360113725,0.0005507607037495,4,224,57,False
within_session,no_ra,W1,oas_trace_eps1e-6,1.0,pooled_class_measure,4,1,1,P1,0.4385964912280701,0.4481646825396825,0.0021943780593574,0.0321033310610801,0.0005632163344049,4,216,57,False
within_session,no_ra,W1,oas_trace_eps1e-6,1.0,pooled_class_measure,4,2,2,P1,0.631578947368421,0.6450320512820512,0.002266185125336,0.0354871000163257,0.0006225807020408,4,224,57,False
within_session,no_ra,W1,oas_trace_eps1e-6,2.0,pooled_class_measure,4,1,1,P1,0.4035087719298245,0.3928571428571428,0.0022077199537307,0.0332825379446148,0.0005839041744669,4,216,57,False
within_session,no_ra,W1,oas_trace_eps1e-6,2.0,pooled_class_measure,4,2,2,P1,0.6491228070175439,0.6466346153846154,0.0021857980173081,0.0347824508789926,0.0006102184364735,4,224,57,False
within_session,no_ra,W1,oas_trace_eps1e-6,3.0,pooled_class_measure,4,1,1,P1,0.4385964912280701,0.4402281746031745,0.0020925889257341,0.0287800750229507,0.0005049135968938,4,216,57,False
within_session,no_ra,W1,oas_trace_eps1e-6,3.0,pooled_class_measure,4,2,2,P1,0.5964912280701754,0.608573717948718,0.0020864140242338,0.0307142590172588,0.0005388466494255,4,224,57,False
within_session,no_ra,W1,oas_trace_eps1e-6,4.0,pooled_class_measure,4,1,1,P1,0.4385964912280701,0.4461805555555556,0.0021738850045949,0.0351878448855131,0.0006173306120265,4,216,57,False
within_session,no_ra,W1,oas_trace_eps1e-6,4.0,pooled_class_measure,4,2,2,P1,0.6140350877192983,0.6225961538461539,0.0021141900215297,0.0326411519199609,0.0005726517880694,4,224,57,False
within_session,no_ra,W1,oas_trace_eps1e-6,0.0,exact_sorted_order_statistics,4,1,1,P2,0.3684210526315789,0.347470238095238,1.0152399179060012,0.0009447538759559,1.6574629402735775e-05,4,231,57,False
within_session,no_ra,W1,oas_trace_eps1e-6,0.0,exact_sorted_order_statistics,4,2,2,P2,0.6491228070175439,0.6574519230769231,1.0672013850416988,0.0008990617934614,1.5773013920376177e-05,4,231,57,False
within_session,no_ra,W1,oas_trace_eps1e-6,1.0,exact_sorted_order_statistics,4,1,1,P2,0.3333333333333333,0.3258928571428571,1.0087319479789585,0.0009774470236152,1.7148193396758615e-05,4,231,57,False
within_session,no_ra,W1,oas_trace_eps1e-6,1.0,exact_sorted_order_statistics,4,2,2,P2,0.7192982456140351,0.7247596153846154,0.9889299450442196,0.0008935490623116,1.5676299338800865e-05,4,231,57,False
within_session,no_ra,W1,oas_trace_eps1e-6,2.0,exact_sorted_order_statistics,4,1,1,P2,0.4736842105263157,0.4677579365079365,1.0546305507887157,0.0008781610522419,1.540633424985827e-05,4,231,57,False
within_session,no_ra,W1,oas_trace_eps1e-6,2.0,exact_sorted_order_statistics,4,2,2,P2,0.6666666666666666,0.6782852564102564,1.1272824029438198,0.0010923529043793,1.916408604174329e-05,4,231,57,False
within_session,no_ra,W1,oas_trace_eps1e-6,3.0,exact_sorted_order_statistics,4,1,1,P2,0.4385964912280701,0.4347718253968254,1.0255147269926963,0.000854288926348,1.4987525023650703e-05,4,231,57,False
within_session,no_ra,W1,oas_trace_eps1e-6,3.0,exact_sorted_order_statistics,4,2,2,P2,0.7192982456140351,0.7163461538461539,1.049381292890757,0.0008822591044008,1.5478229901769703e-05,4,231,57,False
within_session,no_ra,W1,oas_trace_eps1e-6,4.0,exact_sorted_order_statistics,4,1,1,P2,0.5263157894736842,0.5210813492063492,1.139705975074321,0.0008648058865219,1.517203309687606e-05,4,231,57,False
within_session,no_ra,W1,oas_trace_eps1e-6,4.0,exact_sorted_order_statistics,4,2,2,P2,0.7017543859649122,0.7095352564102564,1.1186095289885998,0.0008889760356396,1.5596070800695504e-05,4,231,57,False
within_session,no_ra,W2,oas_trace_eps1e-6,,trial_tangent,4,1,1,B1,0.4736842105263157,0.4642857142857143,0.1819337939377874,0.0060542831197381,0.0001062154933287,4,231,57,False
within_session,no_ra,W2,oas_trace_eps1e-6,,trial_tangent,4,2,2,B1,0.8421052631578947,0.8417467948717949,0.1782389229629188,0.0060540151316672,0.0001062107917836,4,231,57,False
within_session,no_ra,W2,oas_trace_eps1e-6,,airm_nearest_class_mean,4,1,1,B2,0.4561403508771929,0.4484126984126984,0.1594130429439246,0.020903336117044,0.0003667251950358,4,231,57,False
within_session,no_ra,W2,oas_trace_eps1e-6,,airm_nearest_class_mean,4,2,2,B2,0.7543859649122807,0.7512019230769231,0.1522810531314462,0.0237209149636328,0.0004161564028707,4,231,57,False
within_session,no_ra,W2,oas_trace_eps1e-6,,mean_decision_score,4,1,1,B3,0.4210526315789473,0.4169146825396825,0.6887562531046569,0.022083070827648,0.0003874222952218,4,231,57,False
within_session,no_ra,W2,oas_trace_eps1e-6,,mean_decision_score,4,2,2,B3,0.7894736842105263,0.7876602564102564,0.6861007302068174,0.0250388011336326,0.0004392772128707,4,231,57,False
within_session,no_ra,W2,oas_trace_eps1e-6,,majority_vote_secondary,4,1,1,B3_majority,0.4736842105263157,0.4799107142857143,0.0,0.0,0.0,4,231,57,False
within_session,no_ra,W2,oas_trace_eps1e-6,,majority_vote_secondary,4,2,2,B3_majority,0.5964912280701754,0.5997596153846154,0.0,0.0,0.0,4,231,57,False
within_session,no_ra,W2,oas_trace_eps1e-6,,mean_window_log_svec,4,1,1,B4,0.4561403508771929,0.4243551587301587,0.0226592719554901,0.0004504290409386,7.902263876116067e-06,4,231,57,False
within_session,no_ra,W2,oas_trace_eps1e-6,,mean_window_log_svec,4,2,2,B4,0.7192982456140351,0.7215544871794872,0.0205707070417702,0.0004170641768723,7.316915383725836e-06,4,231,57,False
within_session,no_ra,W2,oas_trace_eps1e-6,0.0,mean_std_projection_moments,4,1,1,B5,0.4385964912280701,0.4203869047619047,0.0450800571125,0.0005025840364396,8.817263797186969e-06,4,231,57,False
within_session,no_ra,W2,oas_trace_eps1e-6,0.0,mean_std_projection_moments,4,2,2,B5,0.7017543859649122,0.7111378205128205,0.0425814320333302,0.0005003430414944,8.777948096394539e-06,4,231,57,False
within_session,no_ra,W2,oas_trace_eps1e-6,1.0,mean_std_projection_moments,4,1,1,B5,0.4210526315789473,0.4161706349206349,0.0449266501236707,0.0004750280641019,8.33382568599885e-06,4,231,57,False
within_session,no_ra,W2,oas_trace_eps1e-6,1.0,mean_std_projection_moments,4,2,2,B5,0.7017543859649122,0.7075320512820512,0.044076208025217,0.000513836974278,9.01468375926478e-06,4,231,57,False
within_session,no_ra,W2,oas_trace_eps1e-6,2.0,mean_std_projection_moments,4,1,1,B5,0.4210526315789473,0.4146825396825396,0.0449252629186958,0.000516734085977,9.065510280299605e-06,4,231,57,False
within_session,no_ra,W2,oas_trace_eps1e-6,2.0,mean_std_projection_moments,4,2,2,B5,0.6491228070175439,0.6538461538461539,0.0441581069026142,0.0005439510568976,9.543000998204217e-06,4,231,57,False
within_session,no_ra,W2,oas_trace_eps1e-6,3.0,mean_std_projection_moments,4,1,1,B5,0.4385964912280701,0.4446924603174603,0.04482585308142,0.0005330159328877,9.351156717329697e-06,4,231,57,False
within_session,no_ra,W2,oas_trace_eps1e-6,3.0,mean_std_projection_moments,4,2,2,B5,0.6842105263157895,0.6955128205128205,0.0415832421276718,0.0004751260858029,8.335545364963381e-06,4,231,57,False
within_session,no_ra,W2,oas_trace_eps1e-6,4.0,mean_std_projection_moments,4,1,1,B5,0.4210526315789473,0.4285714285714285,0.0459866549354046,0.0005172209348529,9.074051488648382e-06,4,231,57,False
within_session,no_ra,W2,oas_trace_eps1e-6,4.0,mean_std_projection_moments,4,2,2,B5,0.7543859649122807,0.7600160256410257,0.0430881709326058,0.0005061181727796,8.87926618911718e-06,4,231,57,False
within_session,no_ra,W2,oas_trace_eps1e-6,0.0,pooled_class_measure,4,1,1,P1,0.4385964912280701,0.4419642857142857,0.0012204579543322,0.0159279371146112,0.0002794374932387,4,216,57,False
within_session,no_ra,W2,oas_trace_eps1e-6,0.0,pooled_class_measure,4,2,2,P1,0.6666666666666666,0.672676282051282,0.0011493200436234,0.0196131078992038,0.0003440896122667,4,224,57,False
within_session,no_ra,W2,oas_trace_eps1e-6,1.0,pooled_class_measure,4,1,1,P1,0.4210526315789473,0.4263392857142857,0.0012615241575986,0.0173796568997204,0.0003049062613986,4,216,57,False
within_session,no_ra,W2,oas_trace_eps1e-6,1.0,pooled_class_measure,4,2,2,P1,0.5964912280701754,0.6065705128205128,0.0011379970237612,0.0170475470367819,0.0002990797725751,4,224,57,False
within_session,no_ra,W2,oas_trace_eps1e-6,2.0,pooled_class_measure,4,1,1,P1,0.4561403508771929,0.4402281746031746,0.001243928913027,0.0187325358856469,0.0003286409804499,4,216,57,False
within_session,no_ra,W2,oas_trace_eps1e-6,2.0,pooled_class_measure,4,2,2,P1,0.6491228070175439,0.6502403846153846,0.0011285059154033,0.0156173619907349,0.0002739888068549,4,224,57,False
within_session,no_ra,W2,oas_trace_eps1e-6,3.0,pooled_class_measure,4,1,1,P1,0.4035087719298245,0.4107142857142857,0.0012694140896201,0.0183321831282228,0.0003216172478635,4,216,57,False
within_session,no_ra,W2,oas_trace_eps1e-6,3.0,pooled_class_measure,4,2,2,P1,0.5964912280701754,0.6049679487179488,0.0011667059734463,0.0164294259157031,0.0002882355423807,4,224,57,False
within_session,no_ra,W2,oas_trace_eps1e-6,4.0,pooled_class_measure,4,1,1,P1,0.4210526315789473,0.4283234126984127,0.0013012501876801,0.0202074218541383,0.0003545161728796,4,216,57,False
within_session,no_ra,W2,oas_trace_eps1e-6,4.0,pooled_class_measure,4,2,2,P1,0.631578947368421,0.6330128205128205,0.0012004009913653,0.0218367439229041,0.0003831007705772,4,224,57,False
within_session,no_ra,W2,oas_trace_eps1e-6,0.0,exact_sorted_order_statistics,4,1,1,P2,0.4035087719298245,0.3990575396825396,0.2322282281238585,0.0006403641309589,1.1234458437875695e-05,4,231,57,False
within_session,no_ra,W2,oas_trace_eps1e-6,0.0,exact_sorted_order_statistics,4,2,2,P2,0.7368421052631579,0.7391826923076923,0.2330881510861218,0.0007029399275779,1.2332279431192498e-05,4,231,57,False
within_session,no_ra,W2,oas_trace_eps1e-6,1.0,exact_sorted_order_statistics,4,1,1,P2,0.4561403508771929,0.4461805555555555,0.2307861750014126,0.0007435700390487,1.3045088404364752e-05,4,231,57,False
within_session,no_ra,W2,oas_trace_eps1e-6,1.0,exact_sorted_order_statistics,4,2,2,P2,0.6491228070175439,0.6622596153846154,0.2231663300190121,0.0006606669630855,1.1590648475184775e-05,4,231,57,False
within_session,no_ra,W2,oas_trace_eps1e-6,2.0,exact_sorted_order_statistics,4,1,1,P2,0.4210526315789473,0.3948412698412699,0.2374894451349973,0.0006914469413459,1.2130648093788248e-05,4,231,57,False
within_session,no_ra,W2,oas_trace_eps1e-6,2.0,exact_sorted_order_statistics,4,2,2,P2,0.6140350877192983,0.6173878205128205,0.2234973818995058,0.000628586160019,1.1027827368755087e-05,4,231,57,False
within_session,no_ra,W2,oas_trace_eps1e-6,3.0,exact_sorted_order_statistics,4,1,1,P2,0.4210526315789473,0.4347718253968254,0.2319421290885657,0.0007014798466116,1.2306663975642438e-05,4,231,57,False
within_session,no_ra,W2,oas_trace_eps1e-6,3.0,exact_sorted_order_statistics,4,2,2,P2,0.6666666666666666,0.671073717948718,0.2174182450398802,0.0006514689885079,1.1429280500140109e-05,4,231,57,False
within_session,no_ra,W2,oas_trace_eps1e-6,4.0,exact_sorted_order_statistics,4,1,1,P2,0.4210526315789473,0.4141865079365079,0.2404114189557731,0.0007583987899124,1.3305241928288813e-05,4,231,57,False
within_session,no_ra,W2,oas_trace_eps1e-6,4.0,exact_sorted_order_statistics,4,2,2,P2,0.7017543859649122,0.7095352564102564,0.229595948010683,0.0008250779937952,1.4475052522724135e-05,4,231,57,False
within_session,no_ra,W2,oas_trace_eps1e-6,,ordered_nonoverlap,4,1,1,ordered_control,0.5964912280701754,0.5736607142857143,1.1312126608099788,0.0190598480403423,0.0003343832989533,4,231,57,False
within_session,no_ra,W2,oas_trace_eps1e-6,,ordered_nonoverlap,4,2,2,ordered_control,0.7368421052631579,0.7443910256410257,1.105602083960548,0.01893329503946,0.0003321630708677,4,231,57,False
within_session,no_ra,W1,oas_trace_eps1e-6,,trial_tangent,5,1,1,B1,0.3793103448275862,0.3850678733031674,0.1865131899248808,0.0062219349201768,0.000107274740003,0,230,58,False
within_session,no_ra,W1,oas_trace_eps1e-6,,trial_tangent,5,2,2,B1,0.4827586206896552,0.4823529411764706,0.2196580481249839,0.0059139281511306,0.0001019642784677,0,230,58,False
within_session,no_ra,W1,oas_trace_eps1e-6,,airm_nearest_class_mean,5,1,1,B2,0.3448275862068966,0.3497737556561086,0.1702245429623872,0.0242574729491025,0.0004182322922259,0,230,58,False
within_session,no_ra,W1,oas_trace_eps1e-6,,airm_nearest_class_mean,5,2,2,B2,0.4482758620689655,0.4464555052790346,0.1477646389976143,0.0206820361781865,0.0003565868306583,0,230,58,False
within_session,no_ra,W1,oas_trace_eps1e-6,,mean_decision_score,5,1,1,B3,0.396551724137931,0.3958521870286576,1.2096467830706388,0.0485032331198453,0.0008362626399973,0,230,58,False
within_session,no_ra,W1,oas_trace_eps1e-6,,mean_decision_score,5,2,2,B3,0.4827586206896552,0.4817496229260936,1.213676734128967,0.0352453938685357,0.0006076792046299,0,230,58,False
within_session,no_ra,W1,oas_trace_eps1e-6,,majority_vote_secondary,5,1,1,B3_majority,0.396551724137931,0.3952488687782805,0.0,0.0,0.0,0,230,58,False
within_session,no_ra,W1,oas_trace_eps1e-6,,majority_vote_secondary,5,2,2,B3_majority,0.4827586206896552,0.475867269984917,0.0,0.0,0.0,0,230,58,False
within_session,no_ra,W1,oas_trace_eps1e-6,,mean_window_log_svec,5,1,1,B4,0.4310344827586206,0.4175716440422323,0.0213462361134588,0.0004446799866855,7.666896322164042e-06,0,230,58,False
within_session,no_ra,W1,oas_trace_eps1e-6,,mean_window_log_svec,5,2,2,B4,0.4655172413793103,0.4585972850678733,0.0211339460220187,0.0004009830299764,6.913500516835986e-06,0,230,58,False
within_session,no_ra,W1,oas_trace_eps1e-6,0.0,mean_std_projection_moments,5,1,1,B5,0.4482758620689655,0.4549019607843136,0.0446110130287706,0.000528261065483,9.10794940488092e-06,0,230,58,False
within_session,no_ra,W1,oas_trace_eps1e-6,0.0,mean_std_projection_moments,5,2,2,B5,0.4655172413793103,0.4670437405731523,0.0441078550647944,0.0004922139924019,8.486448144861337e-06,0,230,58,False
within_session,no_ra,W1,oas_trace_eps1e-6,1.0,mean_std_projection_moments,5,1,1,B5,0.4310344827586206,0.429788838612368,0.0470372790005058,0.0005846549756824,1.0080258201422362e-05,0,230,58,False
within_session,no_ra,W1,oas_trace_eps1e-6,1.0,mean_std_projection_moments,5,2,2,B5,0.3793103448275862,0.3895927601809955,0.0442064441740512,0.0005299691110849,9.137398466981693e-06,0,230,58,False
within_session,no_ra,W1,oas_trace_eps1e-6,2.0,mean_std_projection_moments,5,1,1,B5,0.4655172413793103,0.4650829562594268,0.0433932109735906,0.000551788136363,9.513588557983266e-06,0,230,58,False
within_session,no_ra,W1,oas_trace_eps1e-6,2.0,mean_std_projection_moments,5,2,2,B5,0.3793103448275862,0.3720965309200603,0.0423738749232143,0.000481295865029,8.298204569467183e-06,0,230,58,False
within_session,no_ra,W1,oas_trace_eps1e-6,3.0,mean_std_projection_moments,5,1,1,B5,0.4137931034482758,0.4119155354449472,0.0443448529113084,0.0005112949293106,8.81542981570137e-06,0,230,58,False
within_session,no_ra,W1,oas_trace_eps1e-6,3.0,mean_std_projection_moments,5,2,2,B5,0.4482758620689655,0.438763197586727,0.0430518940556794,0.0005262771155685,9.073743371871012e-06,0,230,58,False
within_session,no_ra,W1,oas_trace_eps1e-6,4.0,mean_std_projection_moments,5,1,1,B5,0.4137931034482758,0.4215686274509804,0.0448942398652434,0.0005524100270122,9.524310810555672e-06,0,230,58,False
within_session,no_ra,W1,oas_trace_eps1e-6,4.0,mean_std_projection_moments,5,2,2,B5,0.3793103448275862,0.3766214177978884,0.0469519859179854,0.0004861110355705,8.381224751215556e-06,0,230,58,False
within_session,no_ra,W1,oas_trace_eps1e-6,0.0,pooled_class_measure,5,1,1,P1,0.3793103448275862,0.3669683257918552,0.0020820999052375,0.0362678149249404,0.0006253071538782,0,220,58,False
within_session,no_ra,W1,oas_trace_eps1e-6,0.0,pooled_class_measure,5,2,2,P1,0.4137931034482758,0.3983408748114631,0.0020607151091098,0.0346339528914541,0.0005971371188181,0,220,58,False
within_session,no_ra,W1,oas_trace_eps1e-6,1.0,pooled_class_measure,5,1,1,P1,0.3275862068965517,0.3260180995475113,0.002066931920126,0.0333453689236193,0.0005749201538555,0,220,58,False
within_session,no_ra,W1,oas_trace_eps1e-6,1.0,pooled_class_measure,5,2,2,P1,0.4310344827586206,0.4130467571644042,0.002053938107565,0.0318327399436384,0.0005488403438558,0,220,58,False
within_session,no_ra,W1,oas_trace_eps1e-6,2.0,pooled_class_measure,5,1,1,P1,0.3275862068965517,0.3202865761689291,0.0021669149864465,0.0329161551780998,0.0005675199168637,0,220,58,False
within_session,no_ra,W1,oas_trace_eps1e-6,2.0,pooled_class_measure,5,2,2,P1,0.3620689655172414,0.3367269984917044,0.0020357170142233,0.0345401288941502,0.0005955194636922,0,220,58,False
within_session,no_ra,W1,oas_trace_eps1e-6,3.0,pooled_class_measure,5,1,1,P1,0.3275862068965517,0.3254147812971342,0.0021339701488614,0.0347130070440471,0.000598500121449,0,220,58,False
within_session,no_ra,W1,oas_trace_eps1e-6,3.0,pooled_class_measure,5,2,2,P1,0.4137931034482758,0.3963800904977376,0.0020554310176521,0.0349666071124374,0.0006028725364213,0,220,58,False
within_session,no_ra,W1,oas_trace_eps1e-6,4.0,pooled_class_measure,5,1,1,P1,0.3275862068965517,0.3273755656108597,0.0020060068927705,0.0312381258700042,0.000538588377069,0,220,58,False
within_session,no_ra,W1,oas_trace_eps1e-6,4.0,pooled_class_measure,5,2,2,P1,0.4310344827586206,0.4156108597285067,0.0020377980545163,0.0322537578176707,0.0005560992727184,0,220,58,False
within_session,no_ra,W1,oas_trace_eps1e-6,0.0,exact_sorted_order_statistics,5,1,1,P2,0.4482758620689655,0.443288084464555,1.0076907079201192,0.0009561860933899,1.6485967127413587e-05,0,230,58,False
within_session,no_ra,W1,oas_trace_eps1e-6,0.0,exact_sorted_order_statistics,5,2,2,P2,0.5,0.4919306184012066,1.0859172130003572,0.0008789121638983,1.5153657998247393e-05,0,230,58,False
within_session,no_ra,W1,oas_trace_eps1e-6,1.0,exact_sorted_order_statistics,5,1,1,P2,0.3793103448275862,0.3779788838612368,1.0657939878292382,0.0009497399441897,1.6374826623961842e-05,0,230,58,False
within_session,no_ra,W1,oas_trace_eps1e-6,1.0,exact_sorted_order_statistics,5,2,2,P2,0.3448275862068966,0.3375565610859729,1.0370523480232805,0.0009625870734453,1.659632885250552e-05,0,230,58,False
within_session,no_ra,W1,oas_trace_eps1e-6,2.0,exact_sorted_order_statistics,5,1,1,P2,0.5,0.4984162895927602,1.0290728660766035,0.001009328989312,1.7402223953656083e-05,0,230,58,False
within_session,no_ra,W1,oas_trace_eps1e-6,2.0,exact_sorted_order_statistics,5,2,2,P2,0.396551724137931,0.3791101055806938,1.009145227028057,0.0008749309927225,1.5085017115905366e-05,0,230,58,False
within_session,no_ra,W1,oas_trace_eps1e-6,3.0,exact_sorted_order_statistics,5,1,1,P2,0.4482758620689655,0.4497737556561085,1.0829340810887516,0.0009827471803873,1.6943916903230652e-05,0,230,58,False
within_session,no_ra,W1,oas_trace_eps1e-6,3.0,exact_sorted_order_statistics,5,2,2,P2,0.4482758620689655,0.4458521870286576,1.04727773508057,0.0009362469427287,1.6142188667737204e-05,0,230,58,False
within_session,no_ra,W1,oas_trace_eps1e-6,4.0,exact_sorted_order_statistics,5,1,1,P2,0.4655172413793103,0.4715686274509804,1.1719814990647135,0.0009110809769481,1.5708292706002448e-05,0,230,58,False
within_session,no_ra,W1,oas_trace_eps1e-6,4.0,exact_sorted_order_statistics,5,2,2,P2,0.3793103448275862,0.3714932126696832,1.103479428915307,0.0008922249544411,1.5383188869675686e-05,0,230,58,False
within_session,no_ra,W2,oas_trace_eps1e-6,,trial_tangent,5,1,1,B1,0.3793103448275862,0.3850678733031674,0.1948802459519356,0.0061625679954886,0.000106251172336,0,230,58,False
within_session,no_ra,W2,oas_trace_eps1e-6,,trial_tangent,5,2,2,B1,0.4827586206896552,0.4823529411764706,0.1873147981241345,0.0077785497996956,0.0001341129275809,0,230,58,False
within_session,no_ra,W2,oas_trace_eps1e-6,,airm_nearest_class_mean,5,1,1,B2,0.3448275862068966,0.3497737556561086,0.1401186808943748,0.0251898288261145,0.0004343073935536,0,230,58,False
within_session,no_ra,W2,oas_trace_eps1e-6,,airm_nearest_class_mean,5,2,2,B2,0.4482758620689655,0.4464555052790346,0.1981295070145279,0.0207762329373508,0.0003582109127129,0,230,58,False
within_session,no_ra,W2,oas_trace_eps1e-6,,mean_decision_score,5,1,1,B3,0.396551724137931,0.3984162895927602,0.7167316109407693,0.0214121271856129,0.0003691746066484,0,230,58,False
within_session,no_ra,W2,oas_trace_eps1e-6,,mean_decision_score,5,2,2,B3,0.4482758620689655,0.4484162895927601,0.6555252491962165,0.0208371339831501,0.0003592609307439,0,230,58,False
within_session,no_ra,W2,oas_trace_eps1e-6,,majority_vote_secondary,5,1,1,B3_majority,0.4137931034482758,0.4093514328808446,0.0,0.0,0.0,0,230,58,False
within_session,no_ra,W2,oas_trace_eps1e-6,,majority_vote_secondary,5,2,2,B3_majority,0.4310344827586206,0.429185520361991,0.0,0.0,0.0,0,230,58,False
within_session,no_ra,W2,oas_trace_eps1e-6,,mean_window_log_svec,5,1,1,B4,0.4655172413793103,0.4605580693815988,0.0217925941105932,0.0005407130811363,9.322639329936998e-06,0,230,58,False
within_session,no_ra,W2,oas_trace_eps1e-6,,mean_window_log_svec,5,2,2,B4,0.4482758620689655,0.439366515837104,0.020598605973646,0.0004166369326412,7.183395390366686e-06,0,230,58,False
within_session,no_ra,W2,oas_trace_eps1e-6,0.0,mean_std_projection_moments,5,1,1,B5,0.4310344827586206,0.442156862745098,0.0463471228722482,0.0006013740785419,1.0368518595551625e-05,0,230,58,False
within_session,no_ra,W2,oas_trace_eps1e-6,0.0,mean_std_projection_moments,5,2,2,B5,0.5,0.4964555052790347,0.0456537641584873,0.0005333430599421,9.195569999002177e-06,0,230,58,False
within_session,no_ra,W2,oas_trace_eps1e-6,1.0,mean_std_projection_moments,5,1,1,B5,0.3448275862068966,0.351734539969834,0.0448068361729383,0.0006212000735104,1.071034609500704e-05,0,230,58,False
within_session,no_ra,W2,oas_trace_eps1e-6,1.0,mean_std_projection_moments,5,2,2,B5,0.396551724137931,0.4023378582202112,0.0457863381598144,0.0005712939891964,9.849896365455512e-06,0,230,58,False
within_session,no_ra,W2,oas_trace_eps1e-6,2.0,mean_std_projection_moments,5,1,1,B5,0.4310344827586206,0.4246606334841629,0.0453098819125443,0.0005246300715953,9.045346061988125e-06,0,230,58,False
within_session,no_ra,W2,oas_trace_eps1e-6,2.0,mean_std_projection_moments,5,2,2,B5,0.4310344827586206,0.4246606334841629,0.0533202830702066,0.0005290280096232,9.121172579711882e-06,0,230,58,False
within_session,no_ra,W2,oas_trace_eps1e-6,3.0,mean_std_projection_moments,5,1,1,B5,0.396551724137931,0.3978129713423831,0.043778768973425,0.0005334010347723,9.196569565041311e-06,0,230,58,False
within_session,no_ra,W2,oas_trace_eps1e-6,3.0,mean_std_projection_moments,5,2,2,B5,0.4655172413793103,0.4605580693815988,0.0491882869973778,0.0006337310187518,1.0926396875032063e-05,0,230,58,False
within_session,no_ra,W2,oas_trace_eps1e-6,4.0,mean_std_projection_moments,5,1,1,B5,0.5,0.5061085972850679,0.0447830019984394,0.0005044848658144,8.6980149278353e-06,0,230,58,False
within_session,no_ra,W2,oas_trace_eps1e-6,4.0,mean_std_projection_moments,5,2,2,B5,0.3448275862068966,0.351734539969834,0.0442848207894712,0.0005885290447622,1.0147052495900926e-05,0,230,58,False
within_session,no_ra,W2,oas_trace_eps1e-6,0.0,pooled_class_measure,5,1,1,P1,0.3103448275862069,0.3036199095022625,0.0015149239916354,0.01999795390293,0.0003447923086712,0,220,58,False
within_session,no_ra,W2,oas_trace_eps1e-6,0.0,pooled_class_measure,5,2,2,P1,0.4482758620689655,0.4322775263951735,0.0013122209347784,0.017866491805762,0.0003080429621683,0,220,58,False
within_session,no_ra,W2,oas_trace_eps1e-6,1.0,pooled_class_measure,5,1,1,P1,0.293103448275862,0.2920814479638009,0.0013432300183922,0.0197656520176678,0.0003407871037528,0,220,58,False
within_session,no_ra,W2,oas_trace_eps1e-6,1.0,pooled_class_measure,5,2,2,P1,0.3793103448275862,0.3579185520361991,0.0012968929950147,0.0187963121570646,0.0003240743475355,0,220,58,False
within_session,no_ra,W2,oas_trace_eps1e-6,2.0,pooled_class_measure,5,1,1,P1,0.3275862068965517,0.3183257918552036,0.0012896829284727,0.0174692932050675,0.0003011947104321,0,220,58,False
within_session,no_ra,W2,oas_trace_eps1e-6,2.0,pooled_class_measure,5,2,2,P1,0.396551724137931,0.3687028657616892,0.0012927388306707,0.02071681804955,0.0003571865180956,0,220,58,False
within_session,no_ra,W2,oas_trace_eps1e-6,3.0,pooled_class_measure,5,1,1,P1,0.3620689655172414,0.3548265460030166,0.001287825172767,0.0186063300352543,0.0003207987937112,0,220,58,False
within_session,no_ra,W2,oas_trace_eps1e-6,3.0,pooled_class_measure,5,2,2,P1,0.4310344827586206,0.4046003016591252,0.0012883429881185,0.0177700279746204,0.0003063797926658,0,220,58,False
within_session,no_ra,W2,oas_trace_eps1e-6,4.0,pooled_class_measure,5,1,1,P1,0.3620689655172414,0.347737556561086,0.0013511630240827,0.0205203620716929,0.0003537993460636,0,220,58,False
within_session,no_ra,W2,oas_trace_eps1e-6,4.0,pooled_class_measure,5,2,2,P1,0.4482758620689655,0.4238310708898943,0.0013059580232948,0.0176980369724333,0.0003051385684902,0,220,58,False
within_session,no_ra,W2,oas_trace_eps1e-6,0.0,exact_sorted_order_statistics,5,1,1,P2,0.4482758620689655,0.4523378582202112,0.2410292790737003,0.0007460359483957,1.2862688765443603e-05,0,230,58,False
within_session,no_ra,W2,oas_trace_eps1e-6,0.0,exact_sorted_order_statistics,5,2,2,P2,0.4482758620689655,0.4503770739064857,0.2296671969816088,0.0006930460222065,1.1949069348388704e-05,0,230,58,False
within_session,no_ra,W2,oas_trace_eps1e-6,1.0,exact_sorted_order_statistics,5,1,1,P2,0.3620689655172414,0.3684012066365007,0.2381165858823806,0.0007355539128184,1.2681964014110894e-05,0,230,58,False
within_session,no_ra,W2,oas_trace_eps1e-6,1.0,exact_sorted_order_statistics,5,2,2,P2,0.4137931034482758,0.4190045248868778,0.2244659690186381,0.0006839882116764,1.1792900201318592e-05,0,230,58,False
within_session,no_ra,W2,oas_trace_eps1e-6,2.0,exact_sorted_order_statistics,5,1,1,P2,0.4137931034482758,0.4028657616892911,0.2364434620831161,0.0007246111053973,1.2493294920643856e-05,0,230,58,False
within_session,no_ra,W2,oas_trace_eps1e-6,2.0,exact_sorted_order_statistics,5,2,2,P2,0.4310344827586206,0.4220965309200603,0.2207296418491751,0.0007123600225895,1.2282069354992488e-05,0,230,58,False
within_session,no_ra,W2,oas_trace_eps1e-6,3.0,exact_sorted_order_statistics,5,1,1,P2,0.396551724137931,0.397209653092006,0.2309976550750434,0.0006389510817825,1.101639796176861e-05,0,230,58,False
within_session,no_ra,W2,oas_trace_eps1e-6,3.0,exact_sorted_order_statistics,5,2,2,P2,0.4137931034482758,0.4125188536953242,0.236532965907827,0.0006616178434342,1.140720419714163e-05,0,230,58,False
within_session,no_ra,W2,oas_trace_eps1e-6,4.0,exact_sorted_order_statistics,5,1,1,P2,0.4482758620689655,0.4549019607843138,0.236659969901666,0.0007762508466839,1.338363528765481e-05,0,230,58,False
within_session,no_ra,W2,oas_trace_eps1e-6,4.0,exact_sorted_order_statistics,5,2,2,P2,0.4137931034482758,0.4099547511312217,0.2248427579179406,0.0006785620935261,1.1699346440105605e-05,0,230,58,False
within_session,no_ra,W2,oas_trace_eps1e-6,,ordered_nonoverlap,5,1,1,ordered_control,0.4827586206896552,0.4817496229260935,1.1296054399572313,0.0208062299061566,0.0003587281018302,0,230,58,False
within_session,no_ra,W2,oas_trace_eps1e-6,,ordered_nonoverlap,5,2,2,ordered_control,0.4655172413793103,0.4818250377073906,1.09252318716608,0.0204620209988206,0.0003527934654969,0,230,58,False
within_session,no_ra,W1,oas_trace_eps1e-6,,trial_tangent,5,1,1,B1,0.4655172413793103,0.4651451489686783,0.2275497911032289,0.0060649381484836,0.0001045678991117,1,230,58,False
within_session,no_ra,W1,oas_trace_eps1e-6,,trial_tangent,5,2,2,B1,0.5862068965517241,0.5731951871657754,0.1827216239180416,0.0082629779353737,0.0001424651368167,1,230,58,False
within_session,no_ra,W1,oas_trace_eps1e-6,,airm_nearest_class_mean,5,1,1,B2,0.3620689655172414,0.3504822383498854,0.1444380679167807,0.0219684799667447,0.0003787668959783,1,230,58,False
within_session,no_ra,W1,oas_trace_eps1e-6,,airm_nearest_class_mean,5,2,2,B2,0.5172413793103449,0.4875501336898395,0.1628880540374666,0.020941297058016,0.0003610568458278,1,230,58,False
within_session,no_ra,W1,oas_trace_eps1e-6,,mean_decision_score,5,1,1,B3,0.4482758620689655,0.4566224216959511,1.126856270013377,0.0371930450201034,0.0006412593968983,1,230,58,False
within_session,no_ra,W1,oas_trace_eps1e-6,,mean_decision_score,5,2,2,B3,0.5517241379310345,0.5499665775401069,1.190416791010648,0.0362766180187463,0.0006254589313576,1,230,58,False
within_session,no_ra,W1,oas_trace_eps1e-6,,majority_vote_secondary,5,1,1,B3_majority,0.4482758620689655,0.4566224216959511,0.0,0.0,0.0,1,230,58,False
within_session,no_ra,W1,oas_trace_eps1e-6,,majority_vote_secondary,5,2,2,B3_majority,0.5172413793103449,0.5134525401069518,0.0,0.0,0.0,1,230,58,False
within_session,no_ra,W1,oas_trace_eps1e-6,,mean_window_log_svec,5,1,1,B4,0.5172413793103449,0.5284568372803667,0.0225918181240558,0.0004598619416356,7.928654166131184e-06,1,230,58,False
within_session,no_ra,W1,oas_trace_eps1e-6,,mean_window_log_svec,5,2,2,B4,0.5689655172413793,0.5717747326203209,0.0216841381043195,0.0004520800430327,7.79448350056492e-06,1,230,58,False
within_session,no_ra,W1,oas_trace_eps1e-6,0.0,mean_std_projection_moments,5,1,1,B5,0.3103448275862069,0.3188622039724981,0.046246243873611,0.0005672208499163,9.779669826143774e-06,1,230,58,False
within_session,no_ra,W1,oas_trace_eps1e-6,0.0,mean_std_projection_moments,5,2,2,B5,0.6206896551724138,0.6061521199388846,0.0445896058809012,0.0005171259399503,8.915964481902533e-06,1,230,58,False
within_session,no_ra,W1,oas_trace_eps1e-6,1.0,mean_std_projection_moments,5,1,1,B5,0.4137931034482758,0.4089357333842628,0.0441128259990364,0.000513473059982,8.852983792794161e-06,1,230,58,False
within_session,no_ra,W1,oas_trace_eps1e-6,1.0,mean_std_projection_moments,5,2,2,B5,0.4827586206896552,0.4790512796027502,0.0420934350695461,0.0005199590232223,8.964810745212538e-06,1,230,58,False
within_session,no_ra,W1,oas_trace_eps1e-6,2.0,mean_std_projection_moments,5,1,1,B5,0.4482758620689655,0.4478012796027502,0.0452948459424078,0.0005328019615262,9.186240715970251e-06,1,230,58,False
within_session,no_ra,W1,oas_trace_eps1e-6,2.0,mean_std_projection_moments,5,2,2,B5,0.5344827586206896,0.5177855233002292,0.0426457650028169,0.0005201518069952,8.96813460336677e-06,1,230,58,False
within_session,no_ra,W1,oas_trace_eps1e-6,3.0,mean_std_projection_moments,5,1,1,B5,0.5172413793103449,0.5106951871657754,0.0463660040404647,0.0005899220705032,1.0171070181090256e-05,1,230,58,False
within_session,no_ra,W1,oas_trace_eps1e-6,3.0,mean_std_projection_moments,5,2,2,B5,0.5,0.5048104469060352,0.0510962770786136,0.0005397209897637,9.305534306271322e-06,1,230,58,False
within_session,no_ra,W1,oas_trace_eps1e-6,4.0,mean_std_projection_moments,5,1,1,B5,0.4137931034482758,0.416157372039725,0.0493090800009667,0.0004981120582669,8.588138935637885e-06,1,230,58,False
within_session,no_ra,W1,oas_trace_eps1e-6,4.0,mean_std_projection_moments,5,2,2,B5,0.5689655172413793,0.5704617074102368,0.0454693411011248,0.0004865699447691,8.389136978778345e-06,1,230,58,False
within_session,no_ra,W1,oas_trace_eps1e-6,0.0,pooled_class_measure,5,1,1,P1,0.3793103448275862,0.3781990068754775,0.0020148979965597,0.0319995959289372,0.0005517171711885,1,220,58,False
within_session,no_ra,W1,oas_trace_eps1e-6,0.0,pooled_class_measure,5,2,2,P1,0.4310344827586206,0.4184850076394194,0.0020987400785088,0.0326664629392325,0.0005632148782626,1,220,58,False
within_session,no_ra,W1,oas_trace_eps1e-6,1.0,pooled_class_measure,5,1,1,P1,0.3793103448275862,0.3813502673796791,0.00249206693843,0.0407132969703525,0.0007019533960405,1,220,58,False
within_session,no_ra,W1,oas_trace_eps1e-6,1.0,pooled_class_measure,5,2,2,P1,0.3448275862068966,0.3457553475935829,0.0020523429848253,0.0356086380779743,0.0006139420358271,1,220,58,False
within_session,no_ra,W1,oas_trace_eps1e-6,2.0,pooled_class_measure,5,1,1,P1,0.3793103448275862,0.3688645912910618,0.0021354891359806,0.0386405698955059,0.0006662167223363,1,220,58,False
within_session,no_ra,W1,oas_trace_eps1e-6,2.0,pooled_class_measure,5,2,2,P1,0.4310344827586206,0.4082314744079449,0.0021065408363938,0.036714473972097,0.0006330081719327,1,220,58,False
within_session,no_ra,W1,oas_trace_eps1e-6,3.0,pooled_class_measure,5,1,1,P1,0.3793103448275862,0.384907372039725,0.0023494260385632,0.0367251879069954,0.0006331928949481,1,220,58,False
within_session,no_ra,W1,oas_trace_eps1e-6,3.0,pooled_class_measure,5,2,2,P1,0.4310344827586206,0.4313765278838808,0.0020175310783088,0.0328253761399537,0.0005659547610336,1,220,58,False
within_session,no_ra,W1,oas_trace_eps1e-6,4.0,pooled_class_measure,5,1,1,P1,0.4310344827586206,0.4228418640183347,0.0020415121689438,0.0331217469647526,0.0005710646028405,1,220,58,False
within_session,no_ra,W1,oas_trace_eps1e-6,4.0,pooled_class_measure,5,2,2,P1,0.3793103448275862,0.3680648395721925,0.0021232790313661,0.036274588201195,0.0006254239345033,1,220,58,False
within_session,no_ra,W1,oas_trace_eps1e-6,0.0,exact_sorted_order_statistics,5,1,1,P2,0.5,0.5049298128342246,1.092527458909899,0.000896424986422,1.545560321417348e-05,1,230,58,False
within_session,no_ra,W1,oas_trace_eps1e-6,0.0,exact_sorted_order_statistics,5,2,2,P2,0.5517241379310345,0.5352368220015279,1.0445869690738618,0.0009304161649197,1.6041658015857484e-05,1,230,58,False
within_session,no_ra,W1,oas_trace_eps1e-6,1.0,exact_sorted_order_statistics,5,1,1,P2,0.4137931034482758,0.4080166157372039,1.0652626790106297,0.0010516277980059,1.813151375872308e-05,1,230,58,False
within_session,no_ra,W1,oas_trace_eps1e-6,1.0,exact_sorted_order_statistics,5,2,2,P2,0.5689655172413793,0.578996371275783,0.9910845258273184,0.0009197001345455,1.5856898871475254e-05,1,230,58,False
within_session,no_ra,W1,oas_trace_eps1e-6,2.0,exact_sorted_order_statistics,5,1,1,P2,0.5,0.5137509549274255,1.0474380520172415,0.0009741170797497,1.679512206465006e-05,1,230,58,False
within_session,no_ra,W1,oas_trace_eps1e-6,2.0,exact_sorted_order_statistics,5,2,2,P2,0.5517241379310345,0.5419451871657754,1.0756204300560055,0.0009763219859451,1.6833137688708718e-05,1,230,58,False
within_session,no_ra,W1,oas_trace_eps1e-6,3.0,exact_sorted_order_statistics,5,1,1,P2,0.5,0.4977081741787624,1.1761325639672575,0.0009266941342502,1.5977485073280747e-05,1,230,58,False
within_session,no_ra,W1,oas_trace_eps1e-6,3.0,exact_sorted_order_statistics,5,2,2,P2,0.4655172413793103,0.4655390565317036,1.1073413589037957,0.0008449899032711,1.4568791435710316e-05,1,230,58,False
within_session,no_ra,W1,oas_trace_eps1e-6,4.0,exact_sorted_order_statistics,5,1,1,P2,0.4137931034482758,0.4290488922841864,0.9895416388753802,0.0008999621495604,1.5516588785525027e-05,1,230,58,False
within_session,no_ra,W1,oas_trace_eps1e-6,4.0,exact_sorted_order_statistics,5,2,2,P2,0.603448275862069,0.6070951107715814,0.973873437847942,0.0009876328986138,1.7028153424376045e-05,1,230,58,False
within_session,no_ra,W2,oas_trace_eps1e-6,,trial_tangent,5,1,1,B1,0.4655172413793103,0.4651451489686783,0.2139312021899968,0.006146830972284,0.0001059798443497,1,230,58,False
within_session,no_ra,W2,oas_trace_eps1e-6,,trial_tangent,5,2,2,B1,0.5862068965517241,0.5731951871657754,0.1818985450081527,0.0062309140339493,0.0001074295523094,1,230,58,False
within_session,no_ra,W2,oas_trace_eps1e-6,,airm_nearest_class_mean,5,1,1,B2,0.3620689655172414,0.3504822383498854,0.1436878219246864,0.0236828960478305,0.0004083257939281,1,230,58,False
within_session,no_ra,W2,oas_trace_eps1e-6,,airm_nearest_class_mean,5,2,2,B2,0.5172413793103449,0.4875501336898395,0.1486958579625934,0.0213995981030166,0.000368958587983,1,230,58,False
within_session,no_ra,W2,oas_trace_eps1e-6,,mean_decision_score,5,1,1,B3,0.5344827586206896,0.5471137318563789,0.7400249519851059,0.0298220610711723,0.0005141734667443,1,230,58,False
within_session,no_ra,W2,oas_trace_eps1e-6,,mean_decision_score,5,2,2,B3,0.603448275862069,0.5901332123758595,0.690622199093923,0.0213345668744295,0.0003678373599039,1,230,58,False
within_session,no_ra,W2,oas_trace_eps1e-6,,majority_vote_secondary,5,1,1,B3_majority,0.5,0.5057295645530939,0.0,0.0,0.0,1,230,58,False
within_session,no_ra,W2,oas_trace_eps1e-6,,majority_vote_secondary,5,2,2,B3_majority,0.5344827586206896,0.5322288006111535,0.0,0.0,0.0,1,230,58,False
within_session,no_ra,W2,oas_trace_eps1e-6,,mean_window_log_svec,5,1,1,B4,0.4827586206896552,0.4949746944232238,0.0237847520038485,0.0004282051231712,7.382846951227763e-06,1,230,58,False
within_session,no_ra,W2,oas_trace_eps1e-6,,mean_window_log_svec,5,2,2,B4,0.5862068965517241,0.582529602750191,0.0213115529622882,0.0004090871661901,7.053227003278403e-06,1,230,58,False
within_session,no_ra,W2,oas_trace_eps1e-6,0.0,mean_std_projection_moments,5,1,1,B5,0.3448275862068966,0.3376145912910618,0.0529689958784729,0.0006088791415095,1.0497916232922982e-05,1,230,58,False
within_session,no_ra,W2,oas_trace_eps1e-6,0.0,mean_std_projection_moments,5,2,2,B5,0.5862068965517241,0.5709511077158137,0.0424375210423022,0.0004999539814889,8.619896232567984e-06,1,230,58,False
within_session,no_ra,W2,oas_trace_eps1e-6,1.0,mean_std_projection_moments,5,1,1,B5,0.3620689655172414,0.3589094728800611,0.0456724371761083,0.0005536270327866,9.545293668734617e-06,1,230,58,False
within_session,no_ra,W2,oas_trace_eps1e-6,1.0,mean_std_projection_moments,5,2,2,B5,0.5344827586206896,0.5348548510313217,0.0444335700012743,0.0005613130051642,9.677810433866648e-06,1,230,58,False
within_session,no_ra,W2,oas_trace_eps1e-6,2.0,mean_std_projection_moments,5,1,1,B5,0.4310344827586206,0.4277119938884645,0.0450458559207618,0.0007697469554841,1.3271499232485376e-05,1,230,58,False
within_session,no_ra,W2,oas_trace_eps1e-6,2.0,mean_std_projection_moments,5,2,2,B5,0.5344827586206896,0.514753628724217,0.0477933580987155,0.0005257700104266,9.065000179769664e-06,1,230,58,False
within_session,no_ra,W2,oas_trace_eps1e-6,3.0,mean_std_projection_moments,5,1,1,B5,0.4827586206896552,0.4839214094728801,0.0462999502196908,0.0005200600717216,8.9665529607185e-06,1,230,58,False
within_session,no_ra,W2,oas_trace_eps1e-6,3.0,mean_std_projection_moments,5,2,2,B5,0.603448275862069,0.5980352368220015,0.0518488360103219,0.0006016599945724,1.0373448182282775e-05,1,230,58,False
within_session,no_ra,W2,oas_trace_eps1e-6,4.0,mean_std_projection_moments,5,1,1,B5,0.4310344827586206,0.4383713712757829,0.0467865599785,0.0006346160080283,1.0941655310834275e-05,1,230,58,False
within_session,no_ra,W2,oas_trace_eps1e-6,4.0,mean_std_projection_moments,5,2,2,B5,0.6379310344827587,0.6387390183346066,0.0502524520270526,0.0005723789799958,9.868603103376669e-06,1,230,58,False
within_session,no_ra,W2,oas_trace_eps1e-6,0.0,pooled_class_measure,5,1,1,P1,0.3793103448275862,0.3902907754010695,0.0013108779676258,0.0190716069191694,0.0003288208089511,1,220,58,False
within_session,no_ra,W2,oas_trace_eps1e-6,0.0,pooled_class_measure,5,2,2,P1,0.4655172413793103,0.4497350076394194,0.0015705779660493,0.0225019010249525,0.000387963810775,1,220,58,False
within_session,no_ra,W2,oas_trace_eps1e-6,1.0,pooled_class_measure,5,1,1,P1,0.293103448275862,0.2948099694423224,0.0013380460441112,0.0189106571488082,0.0003260458129104,1,220,58,False
within_session,no_ra,W2,oas_trace_eps1e-6,1.0,pooled_class_measure,5,2,2,P1,0.3793103448275862,0.3663459702062643,0.0013469390105456,0.0203593790065497,0.0003510237759749,1,220,58,False
within_session,no_ra,W2,oas_trace_eps1e-6,2.0,pooled_class_measure,5,1,1,P1,0.3103448275862069,0.3104349694423224,0.0013164288830012,0.0198921379633247,0.0003429678959193,1,220,58,False
within_session,no_ra,W2,oas_trace_eps1e-6,2.0,pooled_class_measure,5,2,2,P1,0.4310344827586206,0.4242742551566081,0.0013172850012779,0.0202572920825332,0.0003492636565954,1,220,58,False
within_session,no_ra,W2,oas_trace_eps1e-6,3.0,pooled_class_measure,5,1,1,P1,0.3275862068965517,0.3159258021390374,0.001345409778878,0.0233332260977476,0.0004022970016853,1,220,58,False
within_session,no_ra,W2,oas_trace_eps1e-6,3.0,pooled_class_measure,5,2,2,P1,0.4137931034482758,0.4198219060351413,0.0013509120326489,0.0210439059883356,0.0003628259653161,1,220,58,False
within_session,no_ra,W2,oas_trace_eps1e-6,4.0,pooled_class_measure,5,1,1,P1,0.3620689655172414,0.3511268143621085,0.0013820109888911,0.0246757080312818,0.0004254432419186,1,220,58,False
within_session,no_ra,W2,oas_trace_eps1e-6,4.0,pooled_class_measure,5,2,2,P1,0.3793103448275862,0.3702969824293354,0.0013407960068434,0.0234478549100458,0.000404273360518,1,220,58,False
within_session,no_ra,W2,oas_trace_eps1e-6,0.0,exact_sorted_order_statistics,5,1,1,P2,0.3793103448275862,0.3834749809014515,0.241411245893687,0.000703145051375,1.212319054094882e-05,1,230,58,False
within_session,no_ra,W2,oas_trace_eps1e-6,0.0,exact_sorted_order_statistics,5,2,2,P2,0.5689655172413793,0.5562452253628725,0.2377710570581257,0.0007799768354743,1.3447876473696067e-05,1,230,58,False
within_session,no_ra,W2,oas_trace_eps1e-6,1.0,exact_sorted_order_statistics,5,1,1,P2,0.396551724137931,0.4062022536287242,0.2303454589564353,0.0007508578710258,1.2945825362513804e-05,1,230,58,False
within_session,no_ra,W2,oas_trace_eps1e-6,1.0,exact_sorted_order_statistics,5,2,2,P2,0.603448275862069,0.6035380061115355,0.2296981029212474,0.0008701931219547,1.500332968887584e-05,1,230,58,False
within_session,no_ra,W2,oas_trace_eps1e-6,2.0,exact_sorted_order_statistics,5,1,1,P2,0.4137931034482758,0.4316749427043544,0.2307007100898772,0.0007642779964953,1.3177206836127e-05,1,230,58,False
within_session,no_ra,W2,oas_trace_eps1e-6,2.0,exact_sorted_order_statistics,5,2,2,P2,0.5,0.4853418640183347,0.2286137340124696,0.0007792019750922,1.3434516811936066e-05,1,230,58,False
within_session,no_ra,W2,oas_trace_eps1e-6,3.0,exact_sorted_order_statistics,5,1,1,P2,0.4655172413793103,0.4651451489686783,0.2326470189727842,0.0007783451583236,1.3419744109028372e-05,1,230,58,False
within_session,no_ra,W2,oas_trace_eps1e-6,3.0,exact_sorted_order_statistics,5,2,2,P2,0.5862068965517241,0.5713569518716578,0.2364152958616614,0.000745935132727,1.2860950564259085e-05,1,230,58,False
within_session,no_ra,W2,oas_trace_eps1e-6,4.0,exact_sorted_order_statistics,5,1,1,P2,0.3620689655172414,0.384012127578304,0.2420004098676145,0.0008313709404319,1.4333981731585387e-05,1,230,58,False
within_session,no_ra,W2,oas_trace_eps1e-6,4.0,exact_sorted_order_statistics,5,2,2,P2,0.6379310344827587,0.630717627960275,0.2422249659430235,0.0007188031449913,1.239315767226548e-05,1,230,58,False
within_session,no_ra,W2,oas_trace_eps1e-6,,ordered_nonoverlap,5,1,1,ordered_control,0.4827586206896552,0.5012772154316272,1.108646932989359,0.0281466140877455,0.0004852864497887,1,230,58,False
within_session,no_ra,W2,oas_trace_eps1e-6,,ordered_nonoverlap,5,2,2,ordered_control,0.5517241379310345,0.5476150687547746,1.075505924876779,0.0269297941122204,0.0004643067950382,1,230,58,False
within_session,no_ra,W1,oas_trace_eps1e-6,,trial_tangent,5,1,1,B1,0.3793103448275862,0.3706140350877193,0.1832609509583562,0.0061502538155764,0.0001060388588892,2,230,58,False
within_session,no_ra,W1,oas_trace_eps1e-6,,trial_tangent,5,2,2,B1,0.5,0.4773391812865497,0.1910238419659435,0.0080684230197221,0.0001391107417193,2,230,58,False
within_session,no_ra,W1,oas_trace_eps1e-6,,airm_nearest_class_mean,5,1,1,B2,0.3620689655172414,0.3636695906432748,0.1465537599287927,0.0214683739468455,0.0003701443783938,2,230,58,False
within_session,no_ra,W1,oas_trace_eps1e-6,,airm_nearest_class_mean,5,2,2,B2,0.5172413793103449,0.5051169590643275,0.159106443170458,0.0221070139668881,0.0003811554132222,2,230,58,False
within_session,no_ra,W1,oas_trace_eps1e-6,,mean_decision_score,5,1,1,B3,0.3448275862068966,0.3852339181286549,1.1355218540411445,0.0373937569092959,0.0006447199467119,2,230,58,False
within_session,no_ra,W1,oas_trace_eps1e-6,,mean_decision_score,5,2,2,B3,0.5172413793103449,0.5328947368421052,1.1310387661214918,0.0489136180840432,0.0008433382428283,2,230,58,False
within_session,no_ra,W1,oas_trace_eps1e-6,,majority_vote_secondary,5,1,1,B3_majority,0.3793103448275862,0.4269005847953215,0.0,0.0,0.0,2,230,58,False
within_session,no_ra,W1,oas_trace_eps1e-6,,majority_vote_secondary,5,2,2,B3_majority,0.4655172413793103,0.4934210526315788,0.0,0.0,0.0,2,230,58,False
within_session,no_ra,W1,oas_trace_eps1e-6,,mean_window_log_svec,5,1,1,B4,0.3620689655172414,0.3782894736842105,0.0259287438821047,0.0004639620892703,7.99934636673023e-06,2,230,58,False
within_session,no_ra,W1,oas_trace_eps1e-6,,mean_window_log_svec,5,2,2,B4,0.5,0.5003654970760234,0.0219903159886598,0.0004401889164,7.589464075863361e-06,2,230,58,False
within_session,no_ra,W1,oas_trace_eps1e-6,0.0,mean_std_projection_moments,5,1,1,B5,0.3448275862068966,0.3622076023391812,0.0513885479886084,0.0006033591926097,1.0402744700168742e-05,2,230,58,False
within_session,no_ra,W1,oas_trace_eps1e-6,0.0,mean_std_projection_moments,5,2,2,B5,0.5517241379310345,0.547514619883041,0.04311303794384,0.0005061191041022,8.72619145003886e-06,2,230,58,False
within_session,no_ra,W1,oas_trace_eps1e-6,1.0,mean_std_projection_moments,5,1,1,B5,0.3793103448275862,0.3914473684210526,0.0459510548971593,0.0005342359654605,9.210964921733429e-06,2,230,58,False
within_session,no_ra,W1,oas_trace_eps1e-6,1.0,mean_std_projection_moments,5,2,2,B5,0.3103448275862069,0.2997076023391812,0.0456040089484304,0.0005273940041661,9.093000071829764e-06,2,230,58,False
within_session,no_ra,W1,oas_trace_eps1e-6,2.0,mean_std_projection_moments,5,1,1,B5,0.3448275862068966,0.3644005847953216,0.0445870740804821,0.0005125580355525,8.837207509525891e-06,2,230,58,False
within_session,no_ra,W1,oas_trace_eps1e-6,2.0,mean_std_projection_moments,5,2,2,B5,0.4655172413793103,0.4663742690058479,0.0472292450722307,0.0004896351601928,8.441985520566331e-06,2,230,58,False
within_session,no_ra,W1,oas_trace_eps1e-6,3.0,mean_std_projection_moments,5,1,1,B5,0.4482758620689655,0.4649122807017544,0.0491335350088775,0.0005884571000933,1.0145812070575254e-05,2,230,58,False
within_session,no_ra,W1,oas_trace_eps1e-6,3.0,mean_std_projection_moments,5,2,2,B5,0.396551724137931,0.3662280701754385,0.0420768570620566,0.000571192940697,9.84815414994955e-06,2,230,58,False
within_session,no_ra,W1,oas_trace_eps1e-6,4.0,mean_std_projection_moments,5,1,1,B5,0.3620689655172414,0.3859649122807017,0.043341978918761,0.0005071109626442,8.743292459383092e-06,2,230,58,False
within_session,no_ra,W1,oas_trace_eps1e-6,4.0,mean_std_projection_moments,5,2,2,B5,0.396551724137931,0.3907163742690058,0.0415775740984827,0.000490078004077,8.449620759949603e-06,2,230,58,False
within_session,no_ra,W1,oas_trace_eps1e-6,0.0,pooled_class_measure,5,1,1,P1,0.2413793103448276,0.2686403508771929,0.0020399799104779,0.0372567661106586,0.0006423580363906,2,212,58,False
within_session,no_ra,W1,oas_trace_eps1e-6,0.0,pooled_class_measure,5,2,2,P1,0.4137931034482758,0.4462719298245614,0.0020487180445343,0.0313549749553203,0.000540603016471,2,212,58,False
within_session,no_ra,W1,oas_trace_eps1e-6,1.0,pooled_class_measure,5,1,1,P1,0.3103448275862069,0.2989766081871345,0.0020713720005005,0.0308284168131649,0.0005315244278131,2,212,58,False
within_session,no_ra,W1,oas_trace_eps1e-6,1.0,pooled_class_measure,5,2,2,P1,0.3103448275862069,0.3198099415204678,0.0020159960258752,0.0297241369262337,0.0005124851194178,2,212,58,False
within_session,no_ra,W1,oas_trace_eps1e-6,2.0,pooled_class_measure,5,1,1,P1,0.2586206896551724,0.2671783625730993,0.0020370399579405,0.0334243080578744,0.0005762811734116,2,212,58,False
within_session,no_ra,W1,oas_trace_eps1e-6,2.0,pooled_class_measure,5,2,2,P1,0.396551724137931,0.4163011695906432,0.0019937420729547,0.0241543061565607,0.0004164535544234,2,212,58,False
within_session,no_ra,W1,oas_trace_eps1e-6,3.0,pooled_class_measure,5,1,1,P1,0.293103448275862,0.3088450292397661,0.0020091459155082,0.0307396298740059,0.0005299936185173,2,212,58,False
within_session,no_ra,W1,oas_trace_eps1e-6,3.0,pooled_class_measure,5,2,2,P1,0.3620689655172414,0.3746345029239766,0.0020382138900458,0.0297044729813933,0.000512146085886,2,212,58,False
within_session,no_ra,W1,oas_trace_eps1e-6,4.0,pooled_class_measure,5,1,1,P1,0.2758620689655172,0.2726608187134503,0.0020469180308282,0.0321630809921771,0.0005545358791754,2,212,58,False
within_session,no_ra,W1,oas_trace_eps1e-6,4.0,pooled_class_measure,5,2,2,P1,0.3620689655172414,0.3468567251461988,0.0020890040323138,0.0331651621963828,0.0005718131413169,2,212,58,False
within_session,no_ra,W1,oas_trace_eps1e-6,0.0,exact_sorted_order_statistics,5,1,1,P2,0.396551724137931,0.4024122807017543,1.0553693959955126,0.0009401091374456,1.620877823182221e-05,2,230,58,False
within_session,no_ra,W1,oas_trace_eps1e-6,0.0,exact_sorted_order_statistics,5,2,2,P2,0.4827586206896552,0.4809941520467836,0.9961402700282632,0.001004114979878,1.7312327239277034e-05,2,230,58,False
within_session,no_ra,W1,oas_trace_eps1e-6,1.0,exact_sorted_order_statistics,5,1,1,P2,0.396551724137931,0.4184941520467836,1.0875195988919586,0.0008807959966361,1.5186137873037107e-05,2,230,58,False
within_session,no_ra,W1,oas_trace_eps1e-6,1.0,exact_sorted_order_statistics,5,2,2,P2,0.4482758620689655,0.4502923976608187,1.1385541369672865,0.0008496050722897,1.4648363315339749e-05,2,230,58,False
within_session,no_ra,W1,oas_trace_eps1e-6,2.0,exact_sorted_order_statistics,5,1,1,P2,0.3448275862068966,0.3644005847953216,0.966205972013995,0.0008661299943923,1.4933275765386122e-05,2,230,58,False
within_session,no_ra,W1,oas_trace_eps1e-6,2.0,exact_sorted_order_statistics,5,2,2,P2,0.4655172413793103,0.4448099415204678,0.9981411038897932,0.0008494311477988,1.464536461722234e-05,2,230,58,False
within_session,no_ra,W1,oas_trace_eps1e-6,3.0,exact_sorted_order_statistics,5,1,1,P2,0.396551724137931,0.3885233918128654,0.998703015036881,0.0008731412235647,1.5054159026978343e-05,2,230,58,False
within_session,no_ra,W1,oas_trace_eps1e-6,3.0,exact_sorted_order_statistics,5,2,2,P2,0.4310344827586206,0.3940058479532163,0.9726329380646348,0.0008638540748506,1.489403577328756e-05,2,230,58,False
within_session,no_ra,W1,oas_trace_eps1e-6,4.0,exact_sorted_order_statistics,5,1,1,P2,0.396551724137931,0.4046052631578947,1.0352303618565202,0.0009777140803635,1.6857139316612278e-05,2,230,58,False
within_session,no_ra,W1,oas_trace_eps1e-6,4.0,exact_sorted_order_statistics,5,2,2,P2,0.3448275862068966,0.3435672514619883,0.9796363848727196,0.0009495120029896,1.6370896603269823e-05,2,230,58,False
within_session,no_ra,W2,oas_trace_eps1e-6,,trial_tangent,5,1,1,B1,0.3793103448275862,0.3706140350877193,0.1772008978296071,0.0060978399123996,0.0001051351709034,2,230,58,False
within_session,no_ra,W2,oas_trace_eps1e-6,,trial_tangent,5,2,2,B1,0.5,0.4773391812865497,0.1783925441559404,0.005904636112973,0.0001018040709133,2,230,58,False
within_session,no_ra,W2,oas_trace_eps1e-6,,airm_nearest_class_mean,5,1,1,B2,0.3620689655172414,0.3636695906432748,0.162551362067461,0.0265795229934155,0.0004582676378175,2,230,58,False
within_session,no_ra,W2,oas_trace_eps1e-6,,airm_nearest_class_mean,5,2,2,B2,0.5172413793103449,0.5051169590643275,0.1473987861536443,0.0213045990094542,0.0003673206725767,2,230,58,False
within_session,no_ra,W2,oas_trace_eps1e-6,,mean_decision_score,5,1,1,B3,0.3275862068965517,0.3497807017543859,0.6834605201147497,0.0299720671027898,0.0005167597776343,2,230,58,False
within_session,no_ra,W2,oas_trace_eps1e-6,,mean_decision_score,5,2,2,B3,0.5172413793103449,0.5482456140350878,0.659147554077208,0.0215018710587173,0.0003707219148054,2,230,58,False
within_session,no_ra,W2,oas_trace_eps1e-6,,majority_vote_secondary,5,1,1,B3_majority,0.4310344827586206,0.4685672514619883,0.0,0.0,0.0,2,230,58,False
within_session,no_ra,W2,oas_trace_eps1e-6,,majority_vote_secondary,5,2,2,B3_majority,0.4482758620689655,0.4948830409356725,0.0,0.0,0.0,2,230,58,False
within_session,no_ra,W2,oas_trace_eps1e-6,,mean_window_log_svec,5,1,1,B4,0.3793103448275862,0.3991228070175438,0.0268353009596467,0.0005248899105936,9.04982604471774e-06,2,230,58,False
within_session,no_ra,W2,oas_trace_eps1e-6,,mean_window_log_svec,5,2,2,B4,0.5,0.5135233918128655,0.0232214408461004,0.0004396231379359,7.579709274758553e-06,2,230,58,False
within_session,no_ra,W2,oas_trace_eps1e-6,0.0,mean_std_projection_moments,5,1,1,B5,0.3620689655172414,0.3830409356725146,0.0468839830718934,0.0006302809342741,1.0866912659899942e-05,2,230,58,False
within_session,no_ra,W2,oas_trace_eps1e-6,0.0,mean_std_projection_moments,5,2,2,B5,0.4655172413793103,0.4872076023391812,0.0497593479230999,0.0005717079620808,9.857033828979937e-06,2,230,58,False
within_session,no_ra,W2,oas_trace_eps1e-6,1.0,mean_std_projection_moments,5,1,1,B5,0.4482758620689655,0.4824561403508771,0.0472221730742603,0.000657188007608,1.1330827717380278e-05,2,230,58,False
within_session,no_ra,W2,oas_trace_eps1e-6,1.0,mean_std_projection_moments,5,2,2,B5,0.3793103448275862,0.389985380116959,0.0507544700521975,0.0005620080046355,9.68979318337194e-06,2,230,58,False
within_session,no_ra,W2,oas_trace_eps1e-6,2.0,mean_std_projection_moments,5,1,1,B5,0.396551724137931,0.4345760233918128,0.044853419996798,0.0005039637908339,8.689030876447415e-06,2,230,58,False
within_session,no_ra,W2,oas_trace_eps1e-6,2.0,mean_std_projection_moments,5,2,2,B5,0.3448275862068966,0.3198099415204678,0.0538388080894947,0.0006732298061251,1.1607410450433863e-05,2,230,58,False
within_session,no_ra,W2,oas_trace_eps1e-6,3.0,mean_std_projection_moments,5,1,1,B5,0.396551724137931,0.4046052631578947,0.0442955389153212,0.0005348101258277,9.22086423841016e-06,2,230,58,False
within_session,no_ra,W2,oas_trace_eps1e-6,3.0,mean_std_projection_moments,5,2,2,B5,0.396551724137931,0.381578947368421,0.0482687810435891,0.0005707850214093,9.841121058782628e-06,2,230,58,False
within_session,no_ra,W2,oas_trace_eps1e-6,4.0,mean_std_projection_moments,5,1,1,B5,0.4655172413793103,0.4809941520467836,0.0493050660006701,0.000633168965578,1.0916706303070331e-05,2,230,58,False
within_session,no_ra,W2,oas_trace_eps1e-6,4.0,mean_std_projection_moments,5,2,2,B5,0.396551724137931,0.4046052631578947,0.0460436919238418,0.0006155672017484,1.061322761635328e-05,2,230,58,False
within_session,no_ra,W2,oas_trace_eps1e-6,0.0,pooled_class_measure,5,1,1,P1,0.2758620689655172,0.3165204678362573,0.0012425209861248,0.0215852109249681,0.0003721588090511,2,212,58,False
within_session,no_ra,W2,oas_trace_eps1e-6,0.0,pooled_class_measure,5,2,2,P1,0.4137931034482758,0.4448099415204678,0.0012576640583574,0.0216308280359953,0.0003729453109654,2,212,58,False
within_session,no_ra,W2,oas_trace_eps1e-6,1.0,pooled_class_measure,5,1,1,P1,0.293103448275862,0.2858187134502924,0.0012297579087316,0.0181514620780944,0.0003129562427257,2,212,58,False
within_session,no_ra,W2,oas_trace_eps1e-6,1.0,pooled_class_measure,5,2,2,P1,0.3448275862068966,0.3607456140350877,0.0015398270916193,0.0208243678789585,0.0003590408254992,2,212,58,False
within_session,no_ra,W2,oas_trace_eps1e-6,2.0,pooled_class_measure,5,1,1,P1,0.3275862068965517,0.3282163742690058,0.0014733278658241,0.021568426862359,0.0003718694286613,2,212,58,False
within_session,no_ra,W2,oas_trace_eps1e-6,2.0,pooled_class_measure,5,2,2,P1,0.3793103448275862,0.3947368421052631,0.001180995022878,0.0182622270658612,0.0003148659838941,2,212,58,False
within_session,no_ra,W2,oas_trace_eps1e-6,3.0,pooled_class_measure,5,1,1,P1,0.293103448275862,0.3011695906432748,0.0011899909004569,0.0170449409633874,0.0002938782924721,2,212,58,False
within_session,no_ra,W2,oas_trace_eps1e-6,3.0,pooled_class_measure,5,2,2,P1,0.396551724137931,0.4232456140350877,0.001234863884747,0.0189629800152033,0.0003269479312966,2,212,58,False
within_session,no_ra,W2,oas_trace_eps1e-6,4.0,pooled_class_measure,5,1,1,P1,0.2586206896551724,0.2448830409356725,0.0011730880942195,0.0162326600402593,0.0002798734489699,2,212,58,False
within_session,no_ra,W2,oas_trace_eps1e-6,4.0,pooled_class_measure,5,2,2,P1,0.293103448275862,0.2913011695906433,0.0012303949333727,0.0186617420986294,0.0003217541741143,2,212,58,False
within_session,no_ra,W2,oas_trace_eps1e-6,0.0,exact_sorted_order_statistics,5,1,1,P2,0.4310344827586206,0.4371345029239765,0.2481757481582462,0.000797594897449,1.375163616291408e-05,2,230,58,False
within_session,no_ra,W2,oas_trace_eps1e-6,0.0,exact_sorted_order_statistics,5,2,2,P2,0.4827586206896552,0.5003654970760234,0.2464617970399558,0.000763950869441,1.317156671450056e-05,2,230,58,False
within_session,no_ra,W2,oas_trace_eps1e-6,1.0,exact_sorted_order_statistics,5,1,1,P2,0.4827586206896552,0.5226608187134503,0.2459281159099191,0.0007281620055437,1.2554517336960496e-05,2,230,58,False
within_session,no_ra,W2,oas_trace_eps1e-6,1.0,exact_sorted_order_statistics,5,2,2,P2,0.4482758620689655,0.4656432748538012,0.2426327138673514,0.0007502092048525,1.2934641462975534e-05,2,230,58,False
within_session,no_ra,W2,oas_trace_eps1e-6,2.0,exact_sorted_order_statistics,5,1,1,P2,0.396551724137931,0.4122807017543859,0.2388313540723174,0.0007317119743674,1.2615723695991368e-05,2,230,58,False
within_session,no_ra,W2,oas_trace_eps1e-6,2.0,exact_sorted_order_statistics,5,2,2,P2,0.396551724137931,0.3600146198830409,0.2356504299677908,0.0006572320125997,1.1331586424132871e-05,2,230,58,False
within_session,no_ra,W2,oas_trace_eps1e-6,3.0,exact_sorted_order_statistics,5,1,1,P2,0.4310344827586206,0.452485380116959,0.2336423830129206,0.0006641030777245,1.1450053064216828e-05,2,230,58,False
within_session,no_ra,W2,oas_trace_eps1e-6,3.0,exact_sorted_order_statistics,5,2,2,P2,0.3620689655172414,0.3483187134502924,0.2304506010841578,0.0006466421764343,1.1149003041972374e-05,2,230,58,False
within_session,no_ra,W2,oas_trace_eps1e-6,4.0,exact_sorted_order_statistics,5,1,1,P2,0.4310344827586206,0.4470029239766082,0.2293956940993666,0.0006911039818078,1.1915585893238412e-05,2,230,58,False
within_session,no_ra,W2,oas_trace_eps1e-6,4.0,exact_sorted_order_statistics,5,2,2,P2,0.4310344827586206,0.4831871345029239,0.2337814550846815,0.0007010851986706,1.2087675839148718e-05,2,230,58,False
within_session,no_ra,W2,oas_trace_eps1e-6,,ordered_nonoverlap,5,1,1,ordered_control,0.4310344827586206,0.4817251461988303,1.1851243048440665,0.0201863960828632,0.0003480413117735,2,230,58,False
within_session,no_ra,W2,oas_trace_eps1e-6,,ordered_nonoverlap,5,2,2,ordered_control,0.5172413793103449,0.5113304093567251,1.1036945939995348,0.0270495070144534,0.000466370810594,2,230,58,False
within_session,no_ra,W1,oas_trace_eps1e-6,,trial_tangent,5,1,1,B1,0.3684210526315789,0.3771780303030303,0.1788080129772424,0.0060371500439941,0.0001059149130525,3,231,57,False
within_session,no_ra,W1,oas_trace_eps1e-6,,trial_tangent,5,2,2,B1,0.3859649122807017,0.4099431818181818,0.1920981239527464,0.0059206499718129,0.000103871052137,3,231,57,False
within_session,no_ra,W1,oas_trace_eps1e-6,,airm_nearest_class_mean,5,1,1,B2,0.3333333333333333,0.3428030303030303,0.1725566270761191,0.0210149430204182,0.0003686832108845,3,231,57,False
within_session,no_ra,W1,oas_trace_eps1e-6,,airm_nearest_class_mean,5,2,2,B2,0.3333333333333333,0.343844696969697,0.1434842280577868,0.0217278110794723,0.0003811896680609,3,231,57,False
within_session,no_ra,W1,oas_trace_eps1e-6,,mean_decision_score,5,1,1,B3,0.3333333333333333,0.3559659090909091,1.237807566067204,0.0347189358435571,0.0006091041376062,3,231,57,False
within_session,no_ra,W1,oas_trace_eps1e-6,,mean_decision_score,5,2,2,B3,0.4385964912280701,0.4589015151515151,1.1962375638540834,0.0366118289530277,0.0006423127886496,3,231,57,False
within_session,no_ra,W1,oas_trace_eps1e-6,,majority_vote_secondary,5,1,1,B3_majority,0.4035087719298245,0.4226325757575757,0.0,0.0,0.0,3,231,57,False
within_session,no_ra,W1,oas_trace_eps1e-6,,majority_vote_secondary,5,2,2,B3_majority,0.4736842105263157,0.4882575757575758,0.0,0.0,0.0,3,231,57,False
within_session,no_ra,W1,oas_trace_eps1e-6,,mean_window_log_svec,5,1,1,B4,0.3157894736842105,0.3190340909090909,0.0229186620563268,0.0004634330980479,8.130405228911785e-06,3,231,57,False
within_session,no_ra,W1,oas_trace_eps1e-6,,mean_window_log_svec,5,2,2,B4,0.4035087719298245,0.4276515151515151,0.0224837940186262,0.0004612291231751,8.091739003072706e-06,3,231,57,False
within_session,no_ra,W1,oas_trace_eps1e-6,0.0,mean_std_projection_moments,5,1,1,B5,0.5087719298245614,0.506344696969697,0.0465289859566837,0.0005442518740892,9.548278492793702e-06,3,231,57,False
within_session,no_ra,W1,oas_trace_eps1e-6,0.0,mean_std_projection_moments,5,2,2,B5,0.3859649122807017,0.390719696969697,0.0447520699817687,0.0005075901281088,8.905089966822089e-06,3,231,57,False
within_session,no_ra,W1,oas_trace_eps1e-6,1.0,mean_std_projection_moments,5,1,1,B5,0.4035087719298245,0.4002840909090909,0.0446013051550835,0.0007004591170698,1.2288756439821764e-05,3,231,57,False
within_session,no_ra,W1,oas_trace_eps1e-6,1.0,mean_std_projection_moments,5,2,2,B5,0.3684210526315789,0.3761363636363636,0.0431520009879022,0.0005388420540839,9.453369369893744e-06,3,231,57,False
within_session,no_ra,W1,oas_trace_eps1e-6,2.0,mean_std_projection_moments,5,1,1,B5,0.4385964912280701,0.4396780303030303,0.061329771997407,0.0007714889943599,1.3534894637894212e-05,3,231,57,False
within_session,no_ra,W1,oas_trace_eps1e-6,2.0,mean_std_projection_moments,5,2,2,B5,0.4035087719298245,0.4134469696969697,0.043449446093291,0.0005208640359342,9.137965542705436e-06,3,231,57,False
within_session,no_ra,W1,oas_trace_eps1e-6,3.0,mean_std_projection_moments,5,1,1,B5,0.3859649122807017,0.4038825757575757,0.0466946822125464,0.0005689649842679,9.98184182926228e-06,3,231,57,False
within_session,no_ra,W1,oas_trace_eps1e-6,3.0,mean_std_projection_moments,5,2,2,B5,0.4561403508771929,0.462405303030303,0.0429249790031462,0.0005022368859499,8.811173437718759e-06,3,231,57,False
within_session,no_ra,W1,oas_trace_eps1e-6,4.0,mean_std_projection_moments,5,1,1,B5,0.3859649122807017,0.3896780303030303,0.0453081361483782,0.00053969793953,9.468384904035353e-06,3,231,57,False
within_session,no_ra,W1,oas_trace_eps1e-6,4.0,mean_std_projection_moments,5,2,2,B5,0.4385964912280701,0.4538825757575757,0.0439103699754923,0.0005180509760975,9.088613615747084e-06,3,231,57,False
within_session,no_ra,W1,oas_trace_eps1e-6,0.0,pooled_class_measure,5,1,1,P1,0.3508771929824561,0.3534090909090909,0.0021327480208128,0.0329015071038156,0.0005772194228739,3,224,57,False
within_session,no_ra,W1,oas_trace_eps1e-6,0.0,pooled_class_measure,5,2,2,P1,0.2982456140350877,0.2902462121212121,0.0021089587826281,0.0321986798662692,0.0005648891204608,3,224,57,False
within_session,no_ra,W1,oas_trace_eps1e-6,1.0,pooled_class_measure,5,1,1,P1,0.3508771929824561,0.3483901515151515,0.0029655329417437,0.0492645029444247,0.0008642895253407,3,224,57,False
within_session,no_ra,W1,oas_trace_eps1e-6,1.0,pooled_class_measure,5,2,2,P1,0.3684210526315789,0.3690340909090909,0.0020903539843857,0.0320222368463873,0.0005617936288839,3,224,57,False
within_session,no_ra,W1,oas_trace_eps1e-6,2.0,pooled_class_measure,5,1,1,P1,0.4035087719298245,0.3952651515151515,0.0022023739293217,0.0377313429489731,0.0006619533850697,3,224,57,False
within_session,no_ra,W1,oas_trace_eps1e-6,2.0,pooled_class_measure,5,2,2,P1,0.3157894736842105,0.3140151515151515,0.0024935931432992,0.0325457809958606,0.0005709786139624,3,224,57,False
within_session,no_ra,W1,oas_trace_eps1e-6,3.0,pooled_class_measure,5,1,1,P1,0.3859649122807017,0.3846590909090909,0.0021938600111752,0.034883304964751,0.0006119878063991,3,224,57,False
within_session,no_ra,W1,oas_trace_eps1e-6,3.0,pooled_class_measure,5,2,2,P1,0.3333333333333333,0.3306818181818182,0.0020427468698471,0.0286571627948433,0.0005027572420147,3,224,57,False
within_session,no_ra,W1,oas_trace_eps1e-6,4.0,pooled_class_measure,5,1,1,P1,0.4210526315789473,0.4179924242424242,0.0021921282168477,0.034869193797931,0.0006117402420689,3,224,57,False
within_session,no_ra,W1,oas_trace_eps1e-6,4.0,pooled_class_measure,5,2,2,P1,0.3333333333333333,0.3296401515151515,0.0020972380880266,0.0298011009581387,0.0005228263325989,3,224,57,False
within_session,no_ra,W1,oas_trace_eps1e-6,0.0,exact_sorted_order_statistics,5,1,1,P2,0.3684210526315789,0.3579545454545454,1.2882480290718377,0.0008999889250844,1.578927938744687e-05,3,231,57,False
within_session,no_ra,W1,oas_trace_eps1e-6,0.0,exact_sorted_order_statistics,5,2,2,P2,0.4385964912280701,0.4457386363636363,1.1971092179883271,0.0008646179921925,1.5168736705131696e-05,3,231,57,False
within_session,no_ra,W1,oas_trace_eps1e-6,1.0,exact_sorted_order_statistics,5,1,1,P2,0.4035087719298245,0.406344696969697,1.049700628966093,0.0011369320563971,1.994617642802105e-05,3,231,57,False
within_session,no_ra,W1,oas_trace_eps1e-6,1.0,exact_sorted_order_statistics,5,2,2,P2,0.4035087719298245,0.4215909090909091,1.0002717080060393,0.000861071050167,1.51065096520541e-05,3,231,57,False
within_session,no_ra,W1,oas_trace_eps1e-6,2.0,exact_sorted_order_statistics,5,1,1,P2,0.4035087719298245,0.4073863636363636,1.0344335541594774,0.0009444269817322,1.656889441635525e-05,3,231,57,False
within_session,no_ra,W1,oas_trace_eps1e-6,2.0,exact_sorted_order_statistics,5,2,2,P2,0.3333333333333333,0.3417613636363636,1.086476420983672,0.001015932066366,1.7823369585369763e-05,3,231,57,False
within_session,no_ra,W1,oas_trace_eps1e-6,3.0,exact_sorted_order_statistics,5,1,1,P2,0.3684210526315789,0.3953598484848485,1.1066824288573116,0.0009101249743252,1.5967104812724548e-05,3,231,57,False
within_session,no_ra,W1,oas_trace_eps1e-6,3.0,exact_sorted_order_statistics,5,2,2,P2,0.4385964912280701,0.446780303030303,1.1159913910087198,0.0008567480836063,1.5030668133444953e-05,3,231,57,False
within_session,no_ra,W1,oas_trace_eps1e-6,4.0,exact_sorted_order_statistics,5,1,1,P2,0.4385964912280701,0.4386363636363636,1.0350827458314598,0.0009891230147331,1.735303534619641e-05,3,231,57,False
within_session,no_ra,W1,oas_trace_eps1e-6,4.0,exact_sorted_order_statistics,5,2,2,P2,0.5087719298245614,0.5316287878787879,1.126512957038358,0.0009282389655709,1.6284894132823275e-05,3,231,57,False
within_session,no_ra,W2,oas_trace_eps1e-6,,trial_tangent,5,1,1,B1,0.3684210526315789,0.3771780303030303,0.1977610609028488,0.0060882449615746,0.0001068113151153,3,231,57,False
within_session,no_ra,W2,oas_trace_eps1e-6,,trial_tangent,5,2,2,B1,0.3859649122807017,0.4099431818181818,0.2007084460929036,0.006083452142775,0.000106727230575,3,231,57,False
within_session,no_ra,W2,oas_trace_eps1e-6,,airm_nearest_class_mean,5,1,1,B2,0.3333333333333333,0.3428030303030303,0.141349873971194,0.0207216348499059,0.0003635374535071,3,231,57,False
within_session,no_ra,W2,oas_trace_eps1e-6,,airm_nearest_class_mean,5,2,2,B2,0.3333333333333333,0.343844696969697,0.1541025689803064,0.0277265820186585,0.0004864312634852,3,231,57,False
within_session,no_ra,W2,oas_trace_eps1e-6,,mean_decision_score,5,1,1,B3,0.3333333333333333,0.349905303030303,0.7347520010080189,0.0206144000403583,0.0003616561410589,3,231,57,False
within_session,no_ra,W2,oas_trace_eps1e-6,,mean_decision_score,5,2,2,B3,0.3684210526315789,0.3872159090909091,0.6757951818872243,0.0219102469272911,0.00038439029697,3,231,57,False
within_session,no_ra,W2,oas_trace_eps1e-6,,majority_vote_secondary,5,1,1,B3_majority,0.4035087719298245,0.4176136363636363,0.0,0.0,0.0,3,231,57,False
within_session,no_ra,W2,oas_trace_eps1e-6,,majority_vote_secondary,5,2,2,B3_majority,0.3859649122807017,0.4059659090909091,0.0,0.0,0.0,3,231,57,False
within_session,no_ra,W2,oas_trace_eps1e-6,,mean_window_log_svec,5,1,1,B4,0.3333333333333333,0.3336174242424242,0.0206508610863238,0.000376297160983,6.601704578650625e-06,3,231,57,False
within_session,no_ra,W2,oas_trace_eps1e-6,,mean_window_log_svec,5,2,2,B4,0.3684210526315789,0.3932765151515152,0.0230369190685451,0.0004160590469837,7.299281526030156e-06,3,231,57,False
within_session,no_ra,W2,oas_trace_eps1e-6,0.0,mean_std_projection_moments,5,1,1,B5,0.3508771929824561,0.3494318181818182,0.0462336419150233,0.0005628848448395,9.875172716483737e-06,3,231,57,False
within_session,no_ra,W2,oas_trace_eps1e-6,0.0,mean_std_projection_moments,5,2,2,B5,0.3684210526315789,0.3719696969696969,0.0444615199230611,0.0007739879656583,1.3578736239619422e-05,3,231,57,False
within_session,no_ra,W2,oas_trace_eps1e-6,1.0,mean_std_projection_moments,5,1,1,B5,0.4385964912280701,0.4386363636363636,0.0450985708739608,0.0005189930088818,9.105140506698377e-06,3,231,57,False
within_session,no_ra,W2,oas_trace_eps1e-6,1.0,mean_std_projection_moments,5,2,2,B5,0.3859649122807017,0.4038825757575758,0.0452385630924254,0.0005189769435673,9.104858659077109e-06,3,231,57,False
within_session,no_ra,W2,oas_trace_eps1e-6,2.0,mean_std_projection_moments,5,1,1,B5,0.4736842105263157,0.478030303030303,0.0464607090689241,0.0005365619435906,9.413367431414754e-06,3,231,57,False
within_session,no_ra,W2,oas_trace_eps1e-6,2.0,mean_std_projection_moments,5,2,2,B5,0.3859649122807017,0.390719696969697,0.0435255779884755,0.0005002671387046,8.776616468502765e-06,3,231,57,False
within_session,no_ra,W2,oas_trace_eps1e-6,3.0,mean_std_projection_moments,5,1,1,B5,0.3508771929824561,0.3584280303030303,0.046589472098276,0.0005268750246614,9.2434214852881e-06,3,231,57,False
within_session,no_ra,W2,oas_trace_eps1e-6,3.0,mean_std_projection_moments,5,2,2,B5,0.4210526315789473,0.4301136363636363,0.0439894271548837,0.0004926340188831,8.64270208566858e-06,3,231,57,False
within_session,no_ra,W2,oas_trace_eps1e-6,4.0,mean_std_projection_moments,5,1,1,B5,0.4035087719298245,0.4073863636363636,0.05002610408701,0.0005924820434302,1.0394421814565072e-05,3,231,57,False
within_session,no_ra,W2,oas_trace_eps1e-6,4.0,mean_std_projection_moments,5,2,2,B5,0.4035087719298245,0.4144886363636363,0.0422435300424695,0.0004971020389348,8.721088402365384e-06,3,231,57,False
within_session,no_ra,W2,oas_trace_eps1e-6,0.0,pooled_class_measure,5,1,1,P1,0.4035087719298245,0.3983901515151515,0.0011312731076031,0.018704273039475,0.0003281451410434,3,224,57,False
within_session,no_ra,W2,oas_trace_eps1e-6,0.0,pooled_class_measure,5,2,2,P1,0.2807017543859649,0.2735795454545455,0.001133062178269,0.0186601451132446,0.000327370966899,3,224,57,False
within_session,no_ra,W2,oas_trace_eps1e-6,1.0,pooled_class_measure,5,1,1,P1,0.3333333333333333,0.3327651515151515,0.0012036270927637,0.0175457692239433,0.0003078205127007,3,224,57,False
within_session,no_ra,W2,oas_trace_eps1e-6,1.0,pooled_class_measure,5,2,2,P1,0.2982456140350877,0.2983901515151515,0.0011815631296485,0.0190955670550465,0.0003350099483341,3,224,57,False
within_session,no_ra,W2,oas_trace_eps1e-6,2.0,pooled_class_measure,5,1,1,P1,0.3508771929824561,0.3544507575757576,0.0012538649607449,0.0207916051149368,0.0003647650020164,3,224,57,False
within_session,no_ra,W2,oas_trace_eps1e-6,2.0,pooled_class_measure,5,2,2,P1,0.2280701754385964,0.2267045454545454,0.0011375630274415,0.0171739510260522,0.0003012973864219,3,224,57,False
within_session,no_ra,W2,oas_trace_eps1e-6,3.0,pooled_class_measure,5,1,1,P1,0.3333333333333333,0.3388257575757576,0.0012109698727726,0.0190640918444842,0.0003344577516576,3,224,57,False
within_session,no_ra,W2,oas_trace_eps1e-6,3.0,pooled_class_measure,5,2,2,P1,0.2456140350877192,0.2423295454545454,0.0011484108399599,0.0133624321315437,0.0002344286338867,3,224,57,False
within_session,no_ra,W2,oas_trace_eps1e-6,4.0,pooled_class_measure,5,1,1,P1,0.4210526315789473,0.4200757575757575,0.0011552949436008,0.0169534059241414,0.0002974281741077,3,224,57,False
within_session,no_ra,W2,oas_trace_eps1e-6,4.0,pooled_class_measure,5,2,2,P1,0.2807017543859649,0.2806818181818181,0.0011918309610337,0.01847760588862,0.0003241685243617,3,224,57,False
within_session,no_ra,W2,oas_trace_eps1e-6,0.0,exact_sorted_order_statistics,5,1,1,P2,0.3684210526315789,0.378219696969697,0.2377652369905263,0.0007815200369805,1.371087784176333e-05,3,231,57,False
within_session,no_ra,W2,oas_trace_eps1e-6,0.0,exact_sorted_order_statistics,5,2,2,P2,0.4210526315789473,0.4290719696969697,0.2381382950115949,0.0007232830394059,1.2689176129928806e-05,3,231,57,False
within_session,no_ra,W2,oas_trace_eps1e-6,1.0,exact_sorted_order_statistics,5,1,1,P2,0.3508771929824561,0.3563446969696969,0.232265650993213,0.0006506249774247,1.1414473288153348e-05,3,231,57,False
within_session,no_ra,W2,oas_trace_eps1e-6,1.0,exact_sorted_order_statistics,5,2,2,P2,0.3508771929824561,0.3634469696969696,0.2307358528487384,0.000717198010534,1.258242123743944e-05,3,231,57,False
within_session,no_ra,W2,oas_trace_eps1e-6,2.0,exact_sorted_order_statistics,5,1,1,P2,0.3333333333333333,0.3457386363636363,0.2404877259396016,0.0007408338133245,1.2997084444290711e-05,3,231,57,False
within_session,no_ra,W2,oas_trace_eps1e-6,2.0,exact_sorted_order_statistics,5,2,2,P2,0.3859649122807017,0.4017992424242424,0.2300269389525056,0.0006962630432099,1.2215141108945796e-05,3,231,57,False
within_session,no_ra,W2,oas_trace_eps1e-6,3.0,exact_sorted_order_statistics,5,1,1,P2,0.3508771929824561,0.3726325757575757,0.2358166070189327,0.0007316139526665,1.2835332502921425e-05,3,231,57,False
within_session,no_ra,W2,oas_trace_eps1e-6,3.0,exact_sorted_order_statistics,5,2,2,P2,0.4035087719298245,0.4134469696969697,0.2285514790564775,0.0006284171249717,1.1024861841609604e-05,3,231,57,False
within_session,no_ra,W2,oas_trace_eps1e-6,4.0,exact_sorted_order_statistics,5,1,1,P2,0.4210526315789473,0.4290719696969697,0.2292016490828246,0.0006706579588353,1.1765929102374795e-05,3,231,57,False
within_session,no_ra,W2,oas_trace_eps1e-6,4.0,exact_sorted_order_statistics,5,2,2,P2,0.4385964912280701,0.4609848484848485,0.2372819001320749,0.0006569060496985,1.1524667538571776e-05,3,231,57,False
within_session,no_ra,W2,oas_trace_eps1e-6,,ordered_nonoverlap,5,1,1,ordered_control,0.4912280701754385,0.5038825757575758,1.110703632934019,0.0192273550201207,0.0003373220178968,3,231,57,False
within_session,no_ra,W2,oas_trace_eps1e-6,,ordered_nonoverlap,5,2,2,ordered_control,0.4736842105263157,0.4840909090909091,1.1342452871613204,0.0193354138173162,0.0003392177862687,3,231,57,False
within_session,no_ra,W1,oas_trace_eps1e-6,,trial_tangent,5,1,1,B1,0.4561403508771929,0.4447317388493859,0.2002894859760999,0.0060335660818964,0.0001058520365244,4,231,57,False
within_session,no_ra,W1,oas_trace_eps1e-6,,trial_tangent,5,2,2,B1,0.4385964912280701,0.4471557853910795,0.194535142974928,0.0061378730461001,0.0001076819832649,4,231,57,False
within_session,no_ra,W1,oas_trace_eps1e-6,,airm_nearest_class_mean,5,1,1,B2,0.4035087719298245,0.3821105365223012,0.1457866751588881,0.0235070001799613,0.0004124035119291,4,231,57,False
within_session,no_ra,W1,oas_trace_eps1e-6,,airm_nearest_class_mean,5,2,2,B2,0.4912280701754385,0.4898998060762767,0.1497009960003197,0.0212284990120679,0.0003724298072292,4,231,57,False
within_session,no_ra,W1,oas_trace_eps1e-6,,mean_decision_score,5,1,1,B3,0.3859649122807017,0.3831609566903684,1.2416228270158172,0.0342612999957054,0.0006010754385211,4,231,57,False
within_session,no_ra,W1,oas_trace_eps1e-6,,mean_decision_score,5,2,2,B3,0.3684210526315789,0.376131221719457,1.1745896430220455,0.0343442130833864,0.0006025300540944,4,231,57,False
within_session,no_ra,W1,oas_trace_eps1e-6,,majority_vote_secondary,5,1,1,B3_majority,0.3333333333333333,0.3345184227537168,0.0,0.0,0.0,4,231,57,False
within_session,no_ra,W1,oas_trace_eps1e-6,,majority_vote_secondary,5,2,2,B3_majority,0.4035087719298245,0.3996444731738849,0.0,0.0,0.0,4,231,57,False
within_session,no_ra,W1,oas_trace_eps1e-6,,mean_window_log_svec,5,1,1,B4,0.3859649122807017,0.3786360698125404,0.0209586608689278,0.0003883610479533,6.813351718480127e-06,4,231,57,False
within_session,no_ra,W1,oas_trace_eps1e-6,,mean_window_log_svec,5,2,2,B4,0.3508771929824561,0.3460730446024563,0.0206138929352164,0.0004459219053387,7.823191321732706e-06,4,231,57,False
within_session,no_ra,W1,oas_trace_eps1e-6,0.0,mean_std_projection_moments,5,1,1,B5,0.4561403508771929,0.4604880413703943,0.0430473100859671,0.0004817659500986,8.452034212256732e-06,4,231,57,False
within_session,no_ra,W1,oas_trace_eps1e-6,0.0,mean_std_projection_moments,5,2,2,B5,0.3333333333333333,0.3345184227537168,0.0500743200536817,0.00056046503596,9.83271992912418e-06,4,231,57,False
within_session,no_ra,W1,oas_trace_eps1e-6,1.0,mean_std_projection_moments,5,1,1,B5,0.3333333333333333,0.348093083387201,0.0483658500015735,0.0006354190409183,1.1147702472251758e-05,4,231,57,False
within_session,no_ra,W1,oas_trace_eps1e-6,1.0,mean_std_projection_moments,5,2,2,B5,0.4035087719298245,0.403765352294764,0.0420887179207056,0.0004986422136425,8.748109011273636e-06,4,231,57,False
within_session,no_ra,W1,oas_trace_eps1e-6,2.0,mean_std_projection_moments,5,1,1,B5,0.4385964912280701,0.4440045248868778,0.0428126771003007,0.0004998228978365,8.768822769062562e-06,4,231,57,False
within_session,no_ra,W1,oas_trace_eps1e-6,2.0,mean_std_projection_moments,5,2,2,B5,0.3333333333333333,0.3295895281189399,0.0414353539235889,0.0004775889683514,8.378753830727778e-06,4,231,57,False
within_session,no_ra,W1,oas_trace_eps1e-6,3.0,mean_std_projection_moments,5,1,1,B5,0.3157894736842105,0.3076115061409179,0.0424715960398316,0.0005210149101912,9.140612459496447e-06,4,231,57,False
within_session,no_ra,W1,oas_trace_eps1e-6,3.0,mean_std_projection_moments,5,2,2,B5,0.3684210526315789,0.380656108597285,0.0424698099959641,0.0004783209878951,8.391596278861949e-06,4,231,57,False
within_session,no_ra,W1,oas_trace_eps1e-6,4.0,mean_std_projection_moments,5,1,1,B5,0.4035087719298245,0.3905946994182288,0.0519254461396485,0.0005817008204758,1.0205277552207312e-05,4,231,57,False
within_session,no_ra,W1,oas_trace_eps1e-6,4.0,mean_std_projection_moments,5,2,2,B5,0.4210526315789473,0.4206528765352295,0.0535830971784889,0.0005546421743929,9.730564463034013e-06,4,231,57,False
within_session,no_ra,W1,oas_trace_eps1e-6,0.0,pooled_class_measure,5,1,1,P1,0.4035087719298245,0.377989657401422,0.002093297895044,0.0330336119513958,0.0005795370517788,4,220,57,False
within_session,no_ra,W1,oas_trace_eps1e-6,0.0,pooled_class_measure,5,2,2,P1,0.3684210526315789,0.3535067873303167,0.0020066760480403,0.0314604970626533,0.0005519385449588,4,220,57,False
within_session,no_ra,W1,oas_trace_eps1e-6,1.0,pooled_class_measure,5,1,1,P1,0.3684210526315789,0.3454266321913381,0.0024122840259224,0.0341050270944833,0.0005983338086751,4,220,57,False
within_session,no_ra,W1,oas_trace_eps1e-6,1.0,pooled_class_measure,5,2,2,P1,0.4035087719298245,0.3905946994182288,0.0019999330397695,0.0308529159519821,0.0005412792272277,4,220,57,False
within_session,no_ra,W1,oas_trace_eps1e-6,2.0,pooled_class_measure,5,1,1,P1,0.4035087719298245,0.3811409179056237,0.0020654269028455,0.0323566410224884,0.0005676603688155,4,220,57,False
within_session,no_ra,W1,oas_trace_eps1e-6,2.0,pooled_class_measure,5,2,2,P1,0.4736842105263157,0.4557207498383969,0.0023409100249409,0.032910015899688,0.0005773686999945,4,220,57,False
within_session,no_ra,W1,oas_trace_eps1e-6,3.0,pooled_class_measure,5,1,1,P1,0.3859649122807017,0.3587588881706528,0.0021023091394454,0.0338116721250116,0.0005931872302633,4,220,57,False
within_session,no_ra,W1,oas_trace_eps1e-6,3.0,pooled_class_measure,5,2,2,P1,0.4210526315789473,0.4053005817711699,0.0020314718130975,0.0351481819525361,0.0006166347710971,4,220,57,False
within_session,no_ra,W1,oas_trace_eps1e-6,4.0,pooled_class_measure,5,1,1,P1,0.4035087719298245,0.3793632837750484,0.0021125660277903,0.0346872459631413,0.0006085481747919,4,220,57,False
within_session,no_ra,W1,oas_trace_eps1e-6,4.0,pooled_class_measure,5,2,2,P1,0.4035087719298245,0.3892210730446024,0.0025068479590117,0.038860113127157,0.0006817563706518,4,220,57,False
within_session,no_ra,W1,oas_trace_eps1e-6,0.0,exact_sorted_order_statistics,5,1,1,P2,0.4385964912280701,0.4381060116354234,1.0260966059286147,0.0009691370651125,1.7002404651098085e-05,4,231,57,False
within_session,no_ra,W1,oas_trace_eps1e-6,0.0,exact_sorted_order_statistics,5,2,2,P2,0.3333333333333333,0.3394473173884939,1.0826358990743756,0.0009238400962203,1.6207720986322354e-05,4,231,57,False
within_session,no_ra,W1,oas_trace_eps1e-6,1.0,exact_sorted_order_statistics,5,1,1,P2,0.3684210526315789,0.3639301874595992,1.1763450491707772,0.0010242699645459,1.7969648500806407e-05,4,231,57,False
within_session,no_ra,W1,oas_trace_eps1e-6,1.0,exact_sorted_order_statistics,5,2,2,P2,0.4035087719298245,0.404169360051713,1.1297788289375603,0.0009098229929804,1.5961806894394388e-05,4,231,57,False
within_session,no_ra,W1,oas_trace_eps1e-6,2.0,exact_sorted_order_statistics,5,1,1,P2,0.4210526315789473,0.430672268907563,1.0332273829262704,0.0009291479364037,1.63008409895395e-05,4,231,57,False
within_session,no_ra,W1,oas_trace_eps1e-6,2.0,exact_sorted_order_statistics,5,2,2,P2,0.3859649122807017,0.3831609566903684,1.064536980818957,0.0009853451047092,1.7286756222969607e-05,4,231,57,False
within_session,no_ra,W1,oas_trace_eps1e-6,3.0,exact_sorted_order_statistics,5,1,1,P2,0.4385964912280701,0.4381060116354234,1.0436740750446916,0.0010789700318127,1.8929298803733107e-05,4,231,57,False
within_session,no_ra,W1,oas_trace_eps1e-6,3.0,exact_sorted_order_statistics,5,2,2,P2,0.3157894736842105,0.3211861667744021,1.0057003481779248,0.0009093051776289,1.5952722414543753e-05,4,231,57,False
within_session,no_ra,W1,oas_trace_eps1e-6,4.0,exact_sorted_order_statistics,5,1,1,P2,0.4035087719298245,0.3905946994182288,1.089565236121416,0.0009328830055892,1.6366368519109592e-05,4,231,57,False
within_session,no_ra,W1,oas_trace_eps1e-6,4.0,exact_sorted_order_statistics,5,2,2,P2,0.3508771929824561,0.3523755656108597,1.05264965002425,0.0010814310517162,1.897247459151243e-05,4,231,57,False
within_session,no_ra,W2,oas_trace_eps1e-6,,trial_tangent,5,1,1,B1,0.4561403508771929,0.4447317388493859,0.1916794688440859,0.0058850580826401,0.0001032466330287,4,231,57,False
within_session,no_ra,W2,oas_trace_eps1e-6,,trial_tangent,5,2,2,B1,0.4385964912280701,0.4471557853910795,0.1780487128999084,0.0059544360265135,0.0001044637899388,4,231,57,False
within_session,no_ra,W2,oas_trace_eps1e-6,,airm_nearest_class_mean,5,1,1,B2,0.4035087719298245,0.3821105365223012,0.1920167370699346,0.0281367809511721,0.0004936277359854,4,231,57,False
within_session,no_ra,W2,oas_trace_eps1e-6,,airm_nearest_class_mean,5,2,2,B2,0.4912280701754385,0.4898998060762767,0.1613554169889539,0.0199433730449527,0.0003498837376307,4,231,57,False
within_session,no_ra,W2,oas_trace_eps1e-6,,mean_decision_score,5,1,1,B3,0.3684210526315789,0.3517291531997414,0.798173540038988,0.0205016308464109,0.0003596777341475,4,231,57,False
within_session,no_ra,W2,oas_trace_eps1e-6,,mean_decision_score,5,2,2,B3,0.4561403508771929,0.4632352941176471,0.6825055950321257,0.0204524849541485,0.0003588155255113,4,231,57,False
within_session,no_ra,W2,oas_trace_eps1e-6,,majority_vote_secondary,5,1,1,B3_majority,0.4561403508771929,0.4618616677440207,0.0,0.0,0.0,4,231,57,False
within_session,no_ra,W2,oas_trace_eps1e-6,,majority_vote_secondary,5,2,2,B3_majority,0.4210526315789473,0.4188752424046542,0.0,0.0,0.0,4,231,57,False
within_session,no_ra,W2,oas_trace_eps1e-6,,mean_window_log_svec,5,1,1,B4,0.3859649122807017,0.3786360698125404,0.0202962660696357,0.0003693790640681,6.48033445733681e-06,4,231,57,False
within_session,no_ra,W2,oas_trace_eps1e-6,,mean_window_log_svec,5,2,2,B4,0.4035087719298245,0.4023917259211376,0.0208738769870251,0.0004270588979125,7.492261366886005e-06,4,231,57,False
within_session,no_ra,W2,oas_trace_eps1e-6,0.0,mean_std_projection_moments,5,1,1,B5,0.4385964912280701,0.4349547511312217,0.045973801985383,0.0006173220463097,1.0830211338766836e-05,4,231,57,False
within_session,no_ra,W2,oas_trace_eps1e-6,0.0,mean_std_projection_moments,5,2,2,B5,0.3333333333333333,0.3299935358758888,0.0468929060734808,0.0004936589393764,8.660683146955675e-06,4,231,57,False
within_session,no_ra,W2,oas_trace_eps1e-6,1.0,mean_std_projection_moments,5,1,1,B5,0.3684210526315789,0.3747575953458306,0.0448811878450214,0.000536860898137,9.418612248019168e-06,4,231,57,False
within_session,no_ra,W2,oas_trace_eps1e-6,1.0,mean_std_projection_moments,5,2,2,B5,0.3508771929824561,0.3523755656108597,0.0462783579714596,0.0005193890538066,9.11208866327478e-06,4,231,57,False
within_session,no_ra,W2,oas_trace_eps1e-6,2.0,mean_std_projection_moments,5,1,1,B5,0.4736842105263157,0.4734162895927601,0.0459455670788884,0.0005342680960893,9.373124492795845e-06,4,231,57,False
within_session,no_ra,W2,oas_trace_eps1e-6,2.0,mean_std_projection_moments,5,2,2,B5,0.3684210526315789,0.3729799612152553,0.0516232079826295,0.0006351601332426,1.114316023232644e-05,4,231,57,False
within_session,no_ra,W2,oas_trace_eps1e-6,3.0,mean_std_projection_moments,5,1,1,B5,0.3684210526315789,0.3653038138332256,0.0450143287889659,0.0005267690867185,9.241562924887004e-06,4,231,57,False
within_session,no_ra,W2,oas_trace_eps1e-6,3.0,mean_std_projection_moments,5,2,2,B5,0.4385964912280701,0.4426308985132514,0.0838919060770422,0.0006927468348294,1.2153453242621925e-05,4,231,57,False
within_session,no_ra,W2,oas_trace_eps1e-6,4.0,mean_std_projection_moments,5,1,1,B5,0.3684210526315789,0.345830639948287,0.0454312800429761,0.0005346271209418,9.379423174418902e-06,4,231,57,False
within_session,no_ra,W2,oas_trace_eps1e-6,4.0,mean_std_projection_moments,5,2,2,B5,0.4035087719298245,0.4027957336780866,0.0436754059046506,0.0004949730355292,8.683737465425542e-06,4,231,57,False
within_session,no_ra,W2,oas_trace_eps1e-6,0.0,pooled_class_measure,5,1,1,P1,0.3859649122807017,0.3615061409179055,0.0013340220320969,0.0207901850808411,0.0003647400891375,4,220,57,False
within_session,no_ra,W2,oas_trace_eps1e-6,0.0,pooled_class_measure,5,2,2,P1,0.4035087719298245,0.3878474466709761,0.0012936890125274,0.019224870018661,0.00033727842138,4,220,57,False
within_session,no_ra,W2,oas_trace_eps1e-6,1.0,pooled_class_measure,5,1,1,P1,0.3508771929824561,0.3216709760827407,0.0013257609680294,0.0199244278483092,0.0003495513657598,4,220,57,False
within_session,no_ra,W2,oas_trace_eps1e-6,1.0,pooled_class_measure,5,2,2,P1,0.3859649122807017,0.3668390433096315,0.001261468976736,0.0187075939029455,0.000328203401806,4,220,57,False
within_session,no_ra,W2,oas_trace_eps1e-6,2.0,pooled_class_measure,5,1,1,P1,0.3684210526315789,0.3422753716871363,0.00130958808586,0.018654067069292,0.0003272643345489,4,220,57,False
within_session,no_ra,W2,oas_trace_eps1e-6,2.0,pooled_class_measure,5,2,2,P1,0.4035087719298245,0.3815449256625727,0.001451008953154,0.0213751741684973,0.0003750030555876,4,220,57,False
within_session,no_ra,W2,oas_trace_eps1e-6,3.0,pooled_class_measure,5,1,1,P1,0.3859649122807017,0.3510827407886231,0.0013158109504729,0.0209114828612655,0.000366868120373,4,220,57,False
within_session,no_ra,W2,oas_trace_eps1e-6,3.0,pooled_class_measure,5,2,2,P1,0.3859649122807017,0.3636877828054298,0.0012910109944641,0.0185179719701409,0.0003248767012305,4,220,57,False
within_session,no_ra,W2,oas_trace_eps1e-6,4.0,pooled_class_measure,5,1,1,P1,0.3859649122807017,0.3556076276664511,0.0012870379723608,0.0195740030612796,0.0003434035624785,4,220,57,False
within_session,no_ra,W2,oas_trace_eps1e-6,4.0,pooled_class_measure,5,2,2,P1,0.4035087719298245,0.382918552036199,0.0012618268374353,0.0182564279530197,0.0003202882097021,4,220,57,False
within_session,no_ra,W2,oas_trace_eps1e-6,0.0,exact_sorted_order_statistics,5,1,1,P2,0.3859649122807017,0.3786360698125404,0.2484443201683461,0.0006792938802391,1.1917436495423315e-05,4,231,57,False
within_session,no_ra,W2,oas_trace_eps1e-6,0.0,exact_sorted_order_statistics,5,2,2,P2,0.2982456140350877,0.3019553975436328,0.2324842908419668,0.0006701198872178,1.1756489249436478e-05,4,231,57,False
within_session,no_ra,W2,oas_trace_eps1e-6,1.0,exact_sorted_order_statistics,5,1,1,P2,0.3157894736842105,0.316661279896574,0.2395231139380484,0.0006702819373458,1.1759332234137937e-05,4,231,57,False
within_session,no_ra,W2,oas_trace_eps1e-6,1.0,exact_sorted_order_statistics,5,2,2,P2,0.3684210526315789,0.3684550743374273,0.2221065028570592,0.0006683059036731,1.1724664976722316e-05,4,231,57,False
within_session,no_ra,W2,oas_trace_eps1e-6,2.0,exact_sorted_order_statistics,5,1,1,P2,0.4561403508771929,0.4541855203619909,0.2360960221849382,0.0007080130744725,1.242128200829029e-05,4,231,57,False
within_session,no_ra,W2,oas_trace_eps1e-6,2.0,exact_sorted_order_statistics,5,2,2,P2,0.4035087719298245,0.399240465416936,0.2361681668553501,0.0007884858641773,1.383308533644467e-05,4,231,57,False
within_session,no_ra,W2,oas_trace_eps1e-6,3.0,exact_sorted_order_statistics,5,1,1,P2,0.4210526315789473,0.4157239819004525,0.2362038919236511,0.0007054421585053,1.237617821939159e-05,4,231,57,False
within_session,no_ra,W2,oas_trace_eps1e-6,3.0,exact_sorted_order_statistics,5,2,2,P2,0.3684210526315789,0.3792824822236587,0.239303614012897,0.0006528450176119,1.1453421361613692e-05,4,231,57,False
within_session,no_ra,W2,oas_trace_eps1e-6,4.0,exact_sorted_order_statistics,5,1,1,P2,0.3859649122807017,0.3668390433096314,0.2378619799856096,0.0007623909041285,1.337527901979915e-05,4,231,57,False
within_session,no_ra,W2,oas_trace_eps1e-6,4.0,exact_sorted_order_statistics,5,2,2,P2,0.4561403508771929,0.4500646412411118,0.2303560778964311,0.0006387990433722,1.1207000760917076e-05,4,231,57,False
within_session,no_ra,W2,oas_trace_eps1e-6,,ordered_nonoverlap,5,1,1,ordered_control,0.543859649122807,0.5349870717517776,1.1283086768817157,0.0199240201618522,0.0003495442133658,4,231,57,False
within_session,no_ra,W2,oas_trace_eps1e-6,,ordered_nonoverlap,5,2,2,ordered_control,0.4035087719298245,0.403765352294764,1.0842322809621692,0.0237212111242115,0.0004161615986703,4,231,57,False
within_session,no_ra,W1,oas_trace_eps1e-6,,trial_tangent,6,1,1,B1,0.4827586206896552,0.5012772154316272,0.1817590901628136,0.0079056299291551,0.0001363039642957,0,230,58,False
within_session,no_ra,W1,oas_trace_eps1e-6,,trial_tangent,6,2,2,B1,0.6379310344827587,0.6367269984917043,0.1766705790068954,0.005761045962572,9.932837866503616e-05,0,230,58,False
within_session,no_ra,W1,oas_trace_eps1e-6,,airm_nearest_class_mean,6,1,1,B2,0.4137931034482758,0.4170764896867838,0.1643224880099296,0.0203333799727261,0.0003505755167711,0,230,58,False
within_session,no_ra,W1,oas_trace_eps1e-6,,airm_nearest_class_mean,6,2,2,B2,0.5172413793103449,0.5150829562594269,0.1436515781097114,0.0205999100580811,0.0003551708630703,0,230,58,False
within_session,no_ra,W1,oas_trace_eps1e-6,,mean_decision_score,6,1,1,B3,0.3448275862068966,0.3656297746371276,1.231738458853215,0.0443925140425562,0.0007653881731475,0,230,58,False
within_session,no_ra,W1,oas_trace_eps1e-6,,mean_decision_score,6,2,2,B3,0.5689655172413793,0.566892911010558,1.1448873379267752,0.0353025458753109,0.000608664584057,0,230,58,False
within_session,no_ra,W1,oas_trace_eps1e-6,,majority_vote_secondary,6,1,1,B3_majority,0.3793103448275862,0.3937285141329258,0.0,0.0,0.0,0,230,58,False
within_session,no_ra,W1,oas_trace_eps1e-6,,majority_vote_secondary,6,2,2,B3_majority,0.5517241379310345,0.5431372549019609,0.0,0.0,0.0,0,230,58,False
within_session,no_ra,W1,oas_trace_eps1e-6,,mean_window_log_svec,6,1,1,B4,0.3448275862068966,0.356295359052712,0.0256905939895659,0.0004765158519148,8.215790550256597e-06,0,230,58,False
within_session,no_ra,W1,oas_trace_eps1e-6,,mean_window_log_svec,6,2,2,B4,0.5517241379310345,0.5521870286576169,0.0214661138597875,0.0004723249003291,8.143532764295052e-06,0,230,58,False
within_session,no_ra,W1,oas_trace_eps1e-6,0.0,mean_std_projection_moments,6,1,1,B5,0.3793103448275862,0.3906966195569136,0.0457443569321185,0.0004983339458703,8.591964583972405e-06,0,230,58,False
within_session,no_ra,W1,oas_trace_eps1e-6,0.0,mean_std_projection_moments,6,2,2,B5,0.5344827586206896,0.5368778280542986,0.0421719560399651,0.0005089319311082,8.774688467383385e-06,0,230,58,False
within_session,no_ra,W1,oas_trace_eps1e-6,1.0,mean_std_projection_moments,6,1,1,B5,0.3793103448275862,0.3738540870893812,0.0449988399632275,0.0005264801438897,9.077243860168705e-06,0,230,58,False
within_session,no_ra,W1,oas_trace_eps1e-6,1.0,mean_std_projection_moments,6,2,2,B5,0.4827586206896552,0.4868778280542986,0.0426458830479532,0.0004938449710607,8.514568466564705e-06,0,230,58,False
within_session,no_ra,W1,oas_trace_eps1e-6,2.0,mean_std_projection_moments,6,1,1,B5,0.396551724137931,0.3921170741023682,0.0500759440474212,0.0005118590779602,8.825156516556081e-06,0,230,58,False
within_session,no_ra,W1,oas_trace_eps1e-6,2.0,mean_std_projection_moments,6,2,2,B5,0.5172413793103449,0.5182503770739065,0.0429468408692628,0.0005042590200901,8.69412103603626e-06,0,230,58,False
within_session,no_ra,W1,oas_trace_eps1e-6,3.0,mean_std_projection_moments,6,1,1,B5,0.396551724137931,0.4130180481283422,0.044636454898864,0.0004979069344699,8.584602318447211e-06,0,230,58,False
within_session,no_ra,W1,oas_trace_eps1e-6,3.0,mean_std_projection_moments,6,2,2,B5,0.4827586206896552,0.4811463046757164,0.0429835540708154,0.0004803091287612,8.281191875194682e-06,0,230,58,False
within_session,no_ra,W1,oas_trace_eps1e-6,4.0,mean_std_projection_moments,6,1,1,B5,0.3103448275862069,0.3188622039724981,0.0460372921079397,0.0005598489660769,9.652568380637417e-06,0,230,58,False
within_session,no_ra,W1,oas_trace_eps1e-6,4.0,mean_std_projection_moments,6,2,2,B5,0.4310344827586206,0.4260180995475113,0.0464348008390516,0.0005218170117586,8.996845030322156e-06,0,230,58,False
within_session,no_ra,W1,oas_trace_eps1e-6,0.0,pooled_class_measure,6,1,1,P1,0.293103448275862,0.3108646867838044,0.0020048359874635,0.0323884019162505,0.0005584207226939,0,220,58,False
within_session,no_ra,W1,oas_trace_eps1e-6,0.0,pooled_class_measure,6,2,2,P1,0.4827586206896552,0.4843137254901961,0.0020205241162329,0.0325527938548475,0.0005612550664628,0,220,58,False
within_session,no_ra,W1,oas_trace_eps1e-6,1.0,pooled_class_measure,6,1,1,P1,0.3275862068965517,0.3505299847211611,0.0024009270127862,0.0355383330024778,0.000612729879353,0,220,58,False
within_session,no_ra,W1,oas_trace_eps1e-6,1.0,pooled_class_measure,6,2,2,P1,0.4482758620689655,0.4490196078431372,0.0020352590363472,0.0338343968614935,0.0005833516700257,0,220,58,False
within_session,no_ra,W1,oas_trace_eps1e-6,2.0,pooled_class_measure,6,1,1,P1,0.293103448275862,0.3130968296409472,0.0025687580928206,0.0347698580008,0.0005994803103586,0,220,58,False
within_session,no_ra,W1,oas_trace_eps1e-6,2.0,pooled_class_measure,6,2,2,P1,0.4482758620689655,0.4374057315233786,0.0020089750178158,0.0324295139871537,0.0005591295515026,0,220,58,False
within_session,no_ra,W1,oas_trace_eps1e-6,3.0,pooled_class_measure,6,1,1,P1,0.3103448275862069,0.3349049847211612,0.0020764651708304,0.0355370070319622,0.0006127070177924,0,220,58,False
within_session,no_ra,W1,oas_trace_eps1e-6,3.0,pooled_class_measure,6,2,2,P1,0.4482758620689655,0.4419306184012066,0.0021196349989622,0.0386668641585856,0.0006666700716997,0,220,58,False
within_session,no_ra,W1,oas_trace_eps1e-6,4.0,pooled_class_measure,6,1,1,P1,0.3103448275862069,0.3429263750954927,0.0020749140530824,0.0359549240674823,0.0006199124839221,0,220,58,False
within_session,no_ra,W1,oas_trace_eps1e-6,4.0,pooled_class_measure,6,2,2,P1,0.4827586206896552,0.480392156862745,0.0020828798878937,0.0373857070226222,0.0006445811555624,0,220,58,False
within_session,no_ra,W1,oas_trace_eps1e-6,0.0,exact_sorted_order_statistics,6,1,1,P2,0.3275862068965517,0.3402764514896867,1.0870113000273705,0.0009068781509995,1.5635830189647345e-05,0,230,58,False
within_session,no_ra,W1,oas_trace_eps1e-6,0.0,exact_sorted_order_statistics,6,2,2,P2,0.4655172413793103,0.4650829562594268,1.1051836558617651,0.0011075609363615,1.9095878213130197e-05,0,230,58,False
within_session,no_ra,W1,oas_trace_eps1e-6,1.0,exact_sorted_order_statistics,6,1,1,P2,0.396551724137931,0.4085537624140565,1.0841069989837706,0.0010134440381079,1.7473173070827435e-05,0,230,58,False
within_session,no_ra,W1,oas_trace_eps1e-6,1.0,exact_sorted_order_statistics,6,2,2,P2,0.603448275862069,0.6098793363499246,0.980296673020348,0.0009033528622239,1.557504934868936e-05,0,230,58,False
within_session,no_ra,W1,oas_trace_eps1e-6,2.0,exact_sorted_order_statistics,6,1,1,P2,0.3620689655172414,0.3634931245225362,1.031848523998633,0.0010651180054992,1.8364103543090408e-05,0,230,58,False
within_session,no_ra,W1,oas_trace_eps1e-6,2.0,exact_sorted_order_statistics,6,2,2,P2,0.5,0.5015837104072398,0.9392193700186908,0.0008704611100256,1.5007950172855935e-05,0,230,58,False
within_session,no_ra,W1,oas_trace_eps1e-6,3.0,exact_sorted_order_statistics,6,1,1,P2,0.4655172413793103,0.4999761268143621,1.1342752119526267,0.0009390090126544,1.6189810563007306e-05,0,230,58,False
within_session,no_ra,W1,oas_trace_eps1e-6,3.0,exact_sorted_order_statistics,6,2,2,P2,0.5,0.4913273001508296,1.0017805760726333,0.0010729781351983,1.849962302066129e-05,0,230,58,False
within_session,no_ra,W1,oas_trace_eps1e-6,4.0,exact_sorted_order_statistics,6,1,1,P2,0.3103448275862069,0.314911191749427,1.106288197916001,0.0009141629561781,1.5761430278934282e-05,0,230,58,False
within_session,no_ra,W1,oas_trace_eps1e-6,4.0,exact_sorted_order_statistics,6,2,2,P2,0.4482758620689655,0.4484162895927602,1.094627380836755,0.0008850980084389,1.5260310490326635e-05,0,230,58,False
within_session,no_ra,W2,oas_trace_eps1e-6,,trial_tangent,6,1,1,B1,0.4827586206896552,0.5012772154316272,0.1765116951428353,0.0079050869680941,0.0001362946028981,0,230,58,False
within_session,no_ra,W2,oas_trace_eps1e-6,,trial_tangent,6,2,2,B1,0.6379310344827587,0.6367269984917043,0.1836735280230641,0.0057303810026496,9.879967245947698e-05,0,230,58,False
within_session,no_ra,W2,oas_trace_eps1e-6,,airm_nearest_class_mean,6,1,1,B2,0.4137931034482758,0.4170764896867838,0.1742016719654202,0.0224456039723008,0.0003869931719362,0,230,58,False
within_session,no_ra,W2,oas_trace_eps1e-6,,airm_nearest_class_mean,6,2,2,B2,0.5172413793103449,0.5150829562594269,0.1656486608553677,0.0200760988518595,0.0003461396353768,0,230,58,False
within_session,no_ra,W2,oas_trace_eps1e-6,,mean_decision_score,6,1,1,B3,0.3793103448275862,0.3920096447669977,0.7204603441059589,0.0290411578025668,0.0005007096172856,0,230,58,False
within_session,no_ra,W2,oas_trace_eps1e-6,,mean_decision_score,6,2,2,B3,0.5689655172413793,0.5688536953242835,0.6735154590569437,0.021612845826894,0.0003726352728774,0,230,58,False
within_session,no_ra,W2,oas_trace_eps1e-6,,majority_vote_secondary,6,1,1,B3_majority,0.2758620689655172,0.2943205691367456,0.0,0.0,0.0,0,230,58,False
within_session,no_ra,W2,oas_trace_eps1e-6,,majority_vote_secondary,6,2,2,B3_majority,0.4827586206896552,0.4778280542986425,0.0,0.0,0.0,0,230,58,False
within_session,no_ra,W2,oas_trace_eps1e-6,,mean_window_log_svec,6,1,1,B4,0.3448275862068966,0.3540632161955691,0.0206915340386331,0.0003976821899414,6.856589481748383e-06,0,230,58,False
within_session,no_ra,W2,oas_trace_eps1e-6,,mean_window_log_svec,6,2,2,B4,0.5344827586206896,0.5329562594268477,0.021563947899267,0.0004273501690477,7.368106362891608e-06,0,230,58,False
within_session,no_ra,W2,oas_trace_eps1e-6,0.0,mean_std_projection_moments,6,1,1,B5,0.3620689655172414,0.384012127578304,0.050032498082146,0.0005376730114221,9.27022433486478e-06,0,230,58,False
within_session,no_ra,W2,oas_trace_eps1e-6,0.0,mean_std_projection_moments,6,2,2,B5,0.5,0.5055052790346908,0.0522264530882239,0.0005615588743239,9.682049557309726e-06,0,230,58,False
within_session,no_ra,W2,oas_trace_eps1e-6,1.0,mean_std_projection_moments,6,1,1,B5,0.396551724137931,0.4010456455309396,0.0494303801096975,0.0005344271194189,9.214260679637564e-06,0,230,58,False
within_session,no_ra,W2,oas_trace_eps1e-6,1.0,mean_std_projection_moments,6,2,2,B5,0.4310344827586206,0.4331070889894419,0.0512311230413615,0.0006056758575141,1.0442687198519708e-05,0,230,58,False
within_session,no_ra,W2,oas_trace_eps1e-6,2.0,mean_std_projection_moments,6,1,1,B5,0.3793103448275862,0.3733408135981665,0.0493305469863116,0.0005175210535526,8.922776785390131e-06,0,230,58,False
within_session,no_ra,W2,oas_trace_eps1e-6,2.0,mean_std_projection_moments,6,2,2,B5,0.4137931034482758,0.4138763197586727,0.0480263649951666,0.000686443876475,1.1835239249570616e-05,0,230,58,False
within_session,no_ra,W2,oas_trace_eps1e-6,3.0,mean_std_projection_moments,6,1,1,B5,0.3103448275862069,0.3451585179526356,0.0488710040226578,0.0006152198184281,1.060723824876136e-05,0,230,58,False
within_session,no_ra,W2,oas_trace_eps1e-6,3.0,mean_std_projection_moments,6,2,2,B5,0.4310344827586206,0.4195324283559578,0.0496576451696455,0.0007281911093741,1.2555019127140783e-05,0,230,58,False
within_session,no_ra,W2,oas_trace_eps1e-6,4.0,mean_std_projection_moments,6,1,1,B5,0.2758620689655172,0.2730137509549274,0.0524988258257508,0.000618128105998,1.0657381137897228e-05,0,230,58,False
within_session,no_ra,W2,oas_trace_eps1e-6,4.0,mean_std_projection_moments,6,2,2,B5,0.4655172413793103,0.4664404223227752,0.0474439479876309,0.0005987810436636,1.0323811097648638e-05,0,230,58,False
within_session,no_ra,W2,oas_trace_eps1e-6,0.0,pooled_class_measure,6,1,1,P1,0.2758620689655172,0.2952396867838044,0.0016090788412839,0.0221925061196088,0.0003826294158553,0,220,58,False
within_session,no_ra,W2,oas_trace_eps1e-6,0.0,pooled_class_measure,6,2,2,P1,0.4827586206896552,0.4894419306184012,0.0012823590077459,0.0183262710925191,0.0003159701912503,0,220,58,False
within_session,no_ra,W2,oas_trace_eps1e-6,1.0,pooled_class_measure,6,1,1,P1,0.3103448275862069,0.3278027119938884,0.0016043360810726,0.0212478889152407,0.0003663429123317,0,220,58,False
within_session,no_ra,W2,oas_trace_eps1e-6,1.0,pooled_class_measure,6,2,2,P1,0.4310344827586206,0.4343137254901961,0.0012544540222734,0.017178809037432,0.0002961863627143,0,220,58,False
within_session,no_ra,W2,oas_trace_eps1e-6,2.0,pooled_class_measure,6,1,1,P1,0.3103448275862069,0.3278027119938884,0.0015742371324449,0.020970701938495,0.0003615638265257,0,220,58,False
within_session,no_ra,W2,oas_trace_eps1e-6,2.0,pooled_class_measure,6,2,2,P1,0.4310344827586206,0.4181749622926093,0.0013004541397094,0.0209649510215967,0.0003614646727861,0,220,58,False
within_session,no_ra,W2,oas_trace_eps1e-6,3.0,pooled_class_measure,6,1,1,P1,0.2586206896551724,0.2809277119938884,0.0016077170148491,0.021159972064197,0.0003648271045551,0,220,58,False
within_session,no_ra,W2,oas_trace_eps1e-6,3.0,pooled_class_measure,6,2,2,P1,0.4655172413793103,0.4585972850678733,0.0013478889595717,0.0223735698964446,0.0003857512051111,0,220,58,False
within_session,no_ra,W2,oas_trace_eps1e-6,4.0,pooled_class_measure,6,1,1,P1,0.2758620689655172,0.2965527119938884,0.0015795598737895,0.0217435229569673,0.0003748883268442,0,220,58,False
within_session,no_ra,W2,oas_trace_eps1e-6,4.0,pooled_class_measure,6,2,2,P1,0.4310344827586206,0.438235294117647,0.0012794588692486,0.0177218648605048,0.0003055493941466,0,220,58,False
within_session,no_ra,W2,oas_trace_eps1e-6,0.0,exact_sorted_order_statistics,6,1,1,P2,0.3620689655172414,0.3830930099312452,0.2423517890274524,0.0007716729305684,1.3304705699456149e-05,0,230,58,False
within_session,no_ra,W2,oas_trace_eps1e-6,0.0,exact_sorted_order_statistics,6,2,2,P2,0.4482758620689655,0.4574660633484162,0.2381334339734166,0.000679284101352,1.17117948508982e-05,0,230,58,False
within_session,no_ra,W2,oas_trace_eps1e-6,1.0,exact_sorted_order_statistics,6,1,1,P2,0.4310344827586206,0.4313765278838808,0.2439053819980472,0.0007819340098649,1.348162085974011e-05,0,230,58,False
within_session,no_ra,W2,oas_trace_eps1e-6,1.0,exact_sorted_order_statistics,6,2,2,P2,0.5,0.5080693815987933,0.2211266357917338,0.0007555619813501,1.30269307129342e-05,0,230,58,False
within_session,no_ra,W2,oas_trace_eps1e-6,2.0,exact_sorted_order_statistics,6,1,1,P2,0.396551724137931,0.4046027501909855,0.2368834458757192,0.0007663811556994,1.3213468201715373e-05,0,230,58,False
within_session,no_ra,W2,oas_trace_eps1e-6,2.0,exact_sorted_order_statistics,6,2,2,P2,0.4137931034482758,0.4209653092006032,0.2272124919109046,0.0006990430410951,1.2052466225778235e-05,0,230,58,False
within_session,no_ra,W2,oas_trace_eps1e-6,3.0,exact_sorted_order_statistics,6,1,1,P2,0.3103448275862069,0.3309539724980901,0.2374311559833586,0.0007672000210732,1.3227586570227967e-05,0,230,58,False
within_session,no_ra,W2,oas_trace_eps1e-6,3.0,exact_sorted_order_statistics,6,2,2,P2,0.4655172413793103,0.4528657616892911,0.2370112631469965,0.0007023059297353,1.210872292647074e-05,0,230,58,False
within_session,no_ra,W2,oas_trace_eps1e-6,4.0,exact_sorted_order_statistics,6,1,1,P2,0.2758620689655172,0.2734076585179526,0.2346118551213294,0.000754112843424,1.3001945576277271e-05,0,230,58,False
within_session,no_ra,W2,oas_trace_eps1e-6,4.0,exact_sorted_order_statistics,6,2,2,P2,0.396551724137931,0.4017345399698341,0.2388148037716746,0.000666273990646,1.1487482597344908e-05,0,230,58,False
within_session,no_ra,W2,oas_trace_eps1e-6,,ordered_nonoverlap,6,1,1,ordered_control,0.4310344827586206,0.4450677998472115,1.1521454530302435,0.0222150031477212,0.0003830172956503,0,230,58,False
within_session,no_ra,W2,oas_trace_eps1e-6,,ordered_nonoverlap,6,2,2,ordered_control,0.5344827586206896,0.5388386123680241,1.100974732078612,0.0231519339140504,0.0003991712743801,0,230,58,False
within_session,no_ra,W1,oas_trace_eps1e-6,,trial_tangent,6,1,1,B1,0.5689655172413793,0.590831043956044,0.2081535460893064,0.0078917460050433,0.0001360645862938,1,230,58,False
within_session,no_ra,W1,oas_trace_eps1e-6,,trial_tangent,6,2,2,B1,0.5172413793103449,0.5138464476699771,0.1777560610789805,0.0141046068165451,0.0002431828761473,1,230,58,False
within_session,no_ra,W1,oas_trace_eps1e-6,,airm_nearest_class_mean,6,1,1,B2,0.396551724137931,0.3914522977022977,0.1530433481093496,0.0218323550652712,0.0003764199149184,1,230,58,False
within_session,no_ra,W1,oas_trace_eps1e-6,,airm_nearest_class_mean,6,2,2,B2,0.4310344827586206,0.4250740068754775,0.1467578171286732,0.0212758709676563,0.0003668253615113,1,230,58,False
within_session,no_ra,W1,oas_trace_eps1e-6,,mean_decision_score,6,1,1,B3,0.5517241379310345,0.5830731768231768,1.2415717539843172,0.0368710849434137,0.0006357083610933,1,230,58,False
within_session,no_ra,W1,oas_trace_eps1e-6,,mean_decision_score,6,2,2,B3,0.5172413793103449,0.5125334224598931,1.0990140638314188,0.0358218899928033,0.0006176187929793,1,230,58,False
within_session,no_ra,W1,oas_trace_eps1e-6,,majority_vote_secondary,6,1,1,B3_majority,0.5,0.5125031218781219,0.0,0.0,0.0,1,230,58,False
within_session,no_ra,W1,oas_trace_eps1e-6,,majority_vote_secondary,6,2,2,B3_majority,0.5344827586206896,0.5276451489686783,0.0,0.0,0.0,1,230,58,False
within_session,no_ra,W1,oas_trace_eps1e-6,,mean_window_log_svec,6,1,1,B4,0.5172413793103449,0.5238667582417582,0.0217600490432232,0.0004790779203176,8.259964143407755e-06,1,230,58,False
within_session,no_ra,W1,oas_trace_eps1e-6,,mean_window_log_svec,6,2,2,B4,0.5517241379310345,0.5482477081741788,0.0211221750359982,0.0004777607973664,8.23725512700862e-06,1,230,58,False
within_session,no_ra,W1,oas_trace_eps1e-6,0.0,mean_std_projection_moments,6,1,1,B5,0.4482758620689655,0.4699831418581418,0.0519010149873793,0.0006035610567778,1.0406225116859222e-05,1,230,58,False
within_session,no_ra,W1,oas_trace_eps1e-6,0.0,mean_std_projection_moments,6,2,2,B5,0.4310344827586206,0.4281059014514897,0.0452062571421265,0.000544890994206,9.394672313897774e-06,1,230,58,False
within_session,no_ra,W1,oas_trace_eps1e-6,1.0,mean_std_projection_moments,6,1,1,B5,0.4137931034482758,0.4392950799200799,0.043944947887212,0.0005070830229669,8.742810740810016e-06,1,230,58,False
within_session,no_ra,W1,oas_trace_eps1e-6,1.0,mean_std_projection_moments,6,2,2,B5,0.4655172413793103,0.483933346065699,0.0430260149296373,0.0005599521100521,9.654346725036358e-06,1,230,58,False
within_session,no_ra,W1,oas_trace_eps1e-6,2.0,mean_std_projection_moments,6,1,1,B5,0.4655172413793103,0.4819087162837163,0.0469249468296766,0.0005488379392772,9.46272309098778e-06,1,230,58,False
within_session,no_ra,W1,oas_trace_eps1e-6,2.0,mean_std_projection_moments,6,2,2,B5,0.5172413793103449,0.5218678380443086,0.0449545141309499,0.0005249108653515,9.050187333647546e-06,1,230,58,False
within_session,no_ra,W1,oas_trace_eps1e-6,3.0,mean_std_projection_moments,6,1,1,B5,0.603448275862069,0.5720685564435565,0.0467008838895708,0.0006642949301749,1.145336086508529e-05,1,230,58,False
within_session,no_ra,W1,oas_trace_eps1e-6,3.0,mean_std_projection_moments,6,2,2,B5,0.4655172413793103,0.4607882925897631,0.0436964258551597,0.0005109449848532,8.80939629057358e-06,1,230,58,False
within_session,no_ra,W1,oas_trace_eps1e-6,4.0,mean_std_projection_moments,6,1,1,B5,0.4827586206896552,0.4962225274725275,0.0469255920033901,0.0005708090029656,9.841534533891184e-06,1,230,58,False
within_session,no_ra,W1,oas_trace_eps1e-6,4.0,mean_std_projection_moments,6,2,2,B5,0.4655172413793103,0.464345397249809,0.0433282409794628,0.0005001570098102,8.623396720865677e-06,1,230,58,False
within_session,no_ra,W1,oas_trace_eps1e-6,0.0,pooled_class_measure,6,1,1,P1,0.3793103448275862,0.3708166833166833,0.0023251450620591,0.034912372007966,0.0006019374484132,1,200,58,False
within_session,no_ra,W1,oas_trace_eps1e-6,0.0,pooled_class_measure,6,2,2,P1,0.3448275862068966,0.3348691749427043,0.0019900009501725,0.0327104029711335,0.0005639724650195,1,220,58,False
within_session,no_ra,W1,oas_trace_eps1e-6,1.0,pooled_class_measure,6,1,1,P1,0.3793103448275862,0.3830388361638361,0.0020442560780793,0.0333996419794857,0.000575855896198,1,200,58,False
within_session,no_ra,W1,oas_trace_eps1e-6,1.0,pooled_class_measure,6,2,2,P1,0.3793103448275862,0.3816367456073338,0.0020870750304311,0.0351227028295397,0.0006055638418886,1,220,58,False
within_session,no_ra,W1,oas_trace_eps1e-6,2.0,pooled_class_measure,6,1,1,P1,0.4137931034482758,0.3827266483516484,0.0020149589981883,0.0332105830311775,0.0005725962591582,1,200,58,False
within_session,no_ra,W1,oas_trace_eps1e-6,2.0,pooled_class_measure,6,2,2,P1,0.3793103448275862,0.3817561115355232,0.001995381899178,0.0322051979601383,0.0005552620337954,1,220,58,False
within_session,no_ra,W1,oas_trace_eps1e-6,3.0,pooled_class_measure,6,1,1,P1,0.4482758620689655,0.4520947802197802,0.0019270060583949,0.0250563099980354,0.0004320053447937,1,200,58,False
within_session,no_ra,W1,oas_trace_eps1e-6,3.0,pooled_class_measure,6,2,2,P1,0.4310344827586206,0.4271867838044308,0.0020629120990633,0.0320285288617014,0.0005522160148569,1,220,58,False
within_session,no_ra,W1,oas_trace_eps1e-6,4.0,pooled_class_measure,6,1,1,P1,0.3793103448275862,0.4037837162837163,0.0019751500803977,0.027874703053385,0.0004805983285066,1,200,58,False
within_session,no_ra,W1,oas_trace_eps1e-6,4.0,pooled_class_measure,6,2,2,P1,0.3793103448275862,0.3786048510313216,0.0020217881537973,0.0369394437875598,0.0006368869618544,1,220,58,False
within_session,no_ra,W1,oas_trace_eps1e-6,0.0,exact_sorted_order_statistics,6,1,1,P2,0.5,0.5003746253746253,1.05402712803334,0.0010190559551119,1.7569930260551388e-05,1,230,58,False
within_session,no_ra,W1,oas_trace_eps1e-6,0.0,exact_sorted_order_statistics,6,2,2,P2,0.4655172413793103,0.4611941367456074,1.1380879448261112,0.0008988198824226,1.5496894524529063e-05,1,230,58,False
within_session,no_ra,W1,oas_trace_eps1e-6,1.0,exact_sorted_order_statistics,6,1,1,P2,0.5862068965517241,0.5922671078921079,1.0506587761919943,0.0009987009689211,1.7218982222779043e-05,1,230,58,False
within_session,no_ra,W1,oas_trace_eps1e-6,1.0,exact_sorted_order_statistics,6,2,2,P2,0.5,0.5088808250572957,0.9771952140145004,0.0009158318862318,1.5790204935032746e-05,1,230,58,False
within_session,no_ra,W1,oas_trace_eps1e-6,2.0,exact_sorted_order_statistics,6,1,1,P2,0.4137931034482758,0.4557785964035964,1.2592772769276053,0.0009055780246853,1.5613414218713496e-05,1,230,58,False
within_session,no_ra,W1,oas_trace_eps1e-6,2.0,exact_sorted_order_statistics,6,2,2,P2,0.6551724137931034,0.6526451489686783,1.226338380947709,0.0009201439097523,1.586455016814429e-05,1,230,58,False
within_session,no_ra,W1,oas_trace_eps1e-6,3.0,exact_sorted_order_statistics,6,1,1,P2,0.5172413793103449,0.5196053946053946,1.091707597952336,0.0009642869699746,1.6625637413355812e-05,1,230,58,False
within_session,no_ra,W1,oas_trace_eps1e-6,3.0,exact_sorted_order_statistics,6,2,2,P2,0.4482758620689655,0.4464882543926661,1.013980147894472,0.0008814751636236,1.519784764868432e-05,1,230,58,False
within_session,no_ra,W1,oas_trace_eps1e-6,4.0,exact_sorted_order_statistics,6,1,1,P2,0.4482758620689655,0.4212818431568431,1.0704398129601032,0.0008822081144899,1.5210484732584707e-05,1,230,58,False
within_session,no_ra,W1,oas_trace_eps1e-6,4.0,exact_sorted_order_statistics,6,2,2,P2,0.4827586206896552,0.4693110198624904,1.1045432430692017,0.0008872470352798,1.5297362677239138e-05,1,230,58,False
within_session,no_ra,W2,oas_trace_eps1e-6,,trial_tangent,6,1,1,B1,0.5689655172413793,0.590831043956044,0.1793444650247693,0.0061367410235106,0.0001058058797157,1,230,58,False
within_session,no_ra,W2,oas_trace_eps1e-6,,trial_tangent,6,2,2,B1,0.5172413793103449,0.5138464476699771,0.1764166899956762,0.0059873880818486,0.0001032308289973,1,230,58,False
within_session,no_ra,W2,oas_trace_eps1e-6,,airm_nearest_class_mean,6,1,1,B2,0.396551724137931,0.3914522977022977,0.1650037199724465,0.0214118969161063,0.0003691706364845,1,230,58,False
within_session,no_ra,W2,oas_trace_eps1e-6,,airm_nearest_class_mean,6,2,2,B2,0.4310344827586206,0.4250740068754775,0.1456082030199468,0.020825149025768,0.0003590542935477,1,230,58,False
within_session,no_ra,W2,oas_trace_eps1e-6,,mean_decision_score,6,1,1,B3,0.603448275862069,0.622081043956044,0.6667302378918976,0.0211482280865311,0.0003646246221815,1,230,58,False
within_session,no_ra,W2,oas_trace_eps1e-6,,mean_decision_score,6,2,2,B3,0.5172413793103449,0.5196356951871658,0.6453405090142041,0.0225721469614654,0.0003891749476114,1,230,58,False
within_session,no_ra,W2,oas_trace_eps1e-6,,majority_vote_secondary,6,1,1,B3_majority,0.4827586206896552,0.5169674075924076,0.0,0.0,0.0,1,230,58,False
within_session,no_ra,W2,oas_trace_eps1e-6,,majority_vote_secondary,6,2,2,B3_majority,0.5862068965517241,0.5780653170359052,0.0,0.0,0.0,1,230,58,False
within_session,no_ra,W2,oas_trace_eps1e-6,,mean_window_log_svec,6,1,1,B4,0.4827586206896552,0.4975337162837163,0.0214132841210812,0.0004867538809776,8.392308292717769e-06,1,230,58,False
within_session,no_ra,W2,oas_trace_eps1e-6,,mean_window_log_svec,6,2,2,B4,0.5344827586206896,0.5374928380443086,0.0235778561327606,0.0005384038668125,9.282825289872186e-06,1,230,58,False
within_session,no_ra,W2,oas_trace_eps1e-6,0.0,mean_std_projection_moments,6,1,1,B5,0.4310344827586206,0.4184409340659341,0.0453611928969621,0.0004810849204659,8.294567594240452e-06,1,230,58,False
within_session,no_ra,W2,oas_trace_eps1e-6,0.0,mean_std_projection_moments,6,2,2,B5,0.4310344827586206,0.4344084224598931,0.0434453759808093,0.0004863699432462,8.385688676659402e-06,1,230,58,False
within_session,no_ra,W2,oas_trace_eps1e-6,1.0,mean_std_projection_moments,6,1,1,B5,0.4137931034482758,0.4192057942057942,0.04689054004848,0.0005171289667487,8.916016668081284e-06,1,230,58,False
within_session,no_ra,W2,oas_trace_eps1e-6,1.0,mean_std_projection_moments,6,2,2,B5,0.5862068965517241,0.5847617456073338,0.0438873870298266,0.0005217229481786,8.995223244459464e-06,1,230,58,False
within_session,no_ra,W2,oas_trace_eps1e-6,2.0,mean_std_projection_moments,6,1,1,B5,0.4655172413793103,0.5026535964035964,0.0466360468417406,0.0005684760399162,9.801311033039258e-06,1,230,58,False
within_session,no_ra,W2,oas_trace_eps1e-6,2.0,mean_std_projection_moments,6,2,2,B5,0.4137931034482758,0.4077301375095492,0.0444179878104478,0.0005091310013085,8.778120712216559e-06,1,230,58,False
within_session,no_ra,W2,oas_trace_eps1e-6,3.0,mean_std_projection_moments,6,1,1,B5,0.4827586206896552,0.4811438561438561,0.0472010159865021,0.0005916969384998,1.0201671353444972e-05,1,230,58,False
within_session,no_ra,W2,oas_trace_eps1e-6,3.0,mean_std_projection_moments,6,2,2,B5,0.5172413793103449,0.5196356951871658,0.0463310710620135,0.0005315889138728,9.165326101255828e-06,1,230,58,False
within_session,no_ra,W2,oas_trace_eps1e-6,4.0,mean_std_projection_moments,6,1,1,B5,0.5172413793103449,0.5390390859140859,0.0455428732093423,0.0005422250833362,9.348708333383346e-06,1,230,58,False
within_session,no_ra,W2,oas_trace_eps1e-6,4.0,mean_std_projection_moments,6,2,2,B5,0.3793103448275862,0.3880586325439267,0.0481823850423097,0.0005786090623587,9.976018316529948e-06,1,230,58,False
within_session,no_ra,W2,oas_trace_eps1e-6,0.0,pooled_class_measure,6,1,1,P1,0.3103448275862069,0.2896322427572427,0.0010738871060311,0.0175071358680725,0.0003018471701391,1,200,58,False
within_session,no_ra,W2,oas_trace_eps1e-6,0.0,pooled_class_measure,6,2,2,P1,0.3275862068965517,0.3223954354469061,0.001302006887272,0.0168930278159677,0.0002912591002753,1,220,58,False
within_session,no_ra,W2,oas_trace_eps1e-6,1.0,pooled_class_measure,6,1,1,P1,0.3275862068965517,0.3253465284715284,0.0011072228662669,0.0196641599759459,0.0003390372409645,1,200,58,False
within_session,no_ra,W2,oas_trace_eps1e-6,1.0,pooled_class_measure,6,2,2,P1,0.3793103448275862,0.3816367456073338,0.0013022709172219,0.0180030360352247,0.0003103971730211,1,220,58,False
within_session,no_ra,W2,oas_trace_eps1e-6,2.0,pooled_class_measure,6,1,1,P1,0.4310344827586206,0.3898289210789211,0.0011502299457788,0.0204902500845491,0.0003532801738715,1,200,58,False
within_session,no_ra,W2,oas_trace_eps1e-6,2.0,pooled_class_measure,6,2,2,P1,0.3448275862068966,0.3336635790679908,0.0013186249416321,0.0239679259248077,0.0004132401021518,1,220,58,False
within_session,no_ra,W2,oas_trace_eps1e-6,3.0,pooled_class_measure,6,1,1,P1,0.396551724137931,0.3865353396603396,0.0010848639067262,0.0196519668679684,0.0003388270149649,1,200,58,False
within_session,no_ra,W2,oas_trace_eps1e-6,3.0,pooled_class_measure,6,2,2,P1,0.4310344827586206,0.4183656417112299,0.0014505630824714,0.020694525912404,0.0003568021709035,1,220,58,False
within_session,no_ra,W2,oas_trace_eps1e-6,4.0,pooled_class_measure,6,1,1,P1,0.4310344827586206,0.4385302197802198,0.0011294938158243,0.020953691098839,0.0003612705361868,1,200,58,False
within_session,no_ra,W2,oas_trace_eps1e-6,4.0,pooled_class_measure,6,2,2,P1,0.3448275862068966,0.3322311879297173,0.0013774668332189,0.0218111709691584,0.000376054671882,1,220,58,False
within_session,no_ra,W2,oas_trace_eps1e-6,0.0,exact_sorted_order_statistics,6,1,1,P2,0.4827586206896552,0.5012331418581418,0.2341399090364575,0.0007240038830786,1.2482825570322317e-05,1,230,58,False
within_session,no_ra,W2,oas_trace_eps1e-6,0.0,exact_sorted_order_statistics,6,2,2,P2,0.4482758620689655,0.4468821619556914,0.2283530721906572,0.0006907968781888,1.1910291003256009e-05,1,230,58,False
within_session,no_ra,W2,oas_trace_eps1e-6,1.0,exact_sorted_order_statistics,6,1,1,P2,0.4482758620689655,0.4584165834165834,0.2267882160376757,0.0007585631683468,1.3078675316325547e-05,1,230,58,False
within_session,no_ra,W2,oas_trace_eps1e-6,1.0,exact_sorted_order_statistics,6,2,2,P2,0.5172413793103449,0.5089763177998472,0.2245484769809991,0.0006924958433955,1.1939583506820533e-05,1,230,58,False
within_session,no_ra,W2,oas_trace_eps1e-6,2.0,exact_sorted_order_statistics,6,1,1,P2,0.4655172413793103,0.4697802197802198,0.2373112400528043,0.0007606951985508,1.3115434457772764e-05,1,230,58,False
within_session,no_ra,W2,oas_trace_eps1e-6,2.0,exact_sorted_order_statistics,6,2,2,P2,0.5172413793103449,0.5263321237585944,0.225505911046639,0.0007445400115102,1.2836896750176774e-05,1,230,58,False
within_session,no_ra,W2,oas_trace_eps1e-6,3.0,exact_sorted_order_statistics,6,1,1,P2,0.5517241379310345,0.575206043956044,0.2472638529725372,0.0008054848294705,1.3887669473629571e-05,1,230,58,False
within_session,no_ra,W2,oas_trace_eps1e-6,3.0,exact_sorted_order_statistics,6,2,2,P2,0.5,0.5030915775401069,0.2354440100025385,0.0007382452022284,1.2728365555662534e-05,1,230,58,False
within_session,no_ra,W2,oas_trace_eps1e-6,4.0,exact_sorted_order_statistics,6,1,1,P2,0.4482758620689655,0.4541552197802198,0.2383525371551513,0.0007964828982949,1.3732463763705617e-05,1,230,58,False
within_session,no_ra,W2,oas_trace_eps1e-6,4.0,exact_sorted_order_statistics,6,2,2,P2,0.4655172413793103,0.4617074102368219,0.2321973461657762,0.0007825999055057,1.3493101819065113e-05,1,230,58,False
within_session,no_ra,W2,oas_trace_eps1e-6,,ordered_nonoverlap,6,1,1,ordered_control,0.5344827586206896,0.5566308691308691,1.0792483140248803,0.0195078991819173,0.0003363430893434,1,230,58,False
within_session,no_ra,W2,oas_trace_eps1e-6,,ordered_nonoverlap,6,2,2,ordered_control,0.5517241379310345,0.5535117456073338,1.034837783081457,0.0193941278848797,0.0003343815152565,1,230,58,False
within_session,no_ra,W1,oas_trace_eps1e-6,,trial_tangent,6,1,1,B1,0.543859649122807,0.5392361111111111,0.2419783631339669,0.0059893121942877,0.0001050756525313,2,231,57,False
within_session,no_ra,W1,oas_trace_eps1e-6,,trial_tangent,6,2,2,B1,0.5344827586206896,0.5614035087719298,0.1866285689175129,0.0061465608887374,0.0001059751877368,2,230,58,False
within_session,no_ra,W1,oas_trace_eps1e-6,,airm_nearest_class_mean,6,1,1,B2,0.5087719298245614,0.521875,0.1501965799834579,0.0221946269739419,0.0003893794205954,2,231,57,False
within_session,no_ra,W1,oas_trace_eps1e-6,,airm_nearest_class_mean,6,2,2,B2,0.3793103448275862,0.4276315789473685,0.1485437389928847,0.0212680310942232,0.0003666901912797,2,230,58,False
within_session,no_ra,W1,oas_trace_eps1e-6,,mean_decision_score,6,1,1,B3,0.5614035087719298,0.5423611111111111,1.1729956548660994,0.0348884828854352,0.0006120786471128,2,231,57,False
within_session,no_ra,W1,oas_trace_eps1e-6,,mean_decision_score,6,2,2,B3,0.5344827586206896,0.5551900584795322,1.0840960461646318,0.0348661970347166,0.0006011413281847,2,230,58,False
within_session,no_ra,W1,oas_trace_eps1e-6,,majority_vote_secondary,6,1,1,B3_majority,0.5789473684210527,0.55625,0.0,0.0,0.0,2,231,57,False
within_session,no_ra,W1,oas_trace_eps1e-6,,majority_vote_secondary,6,2,2,B3_majority,0.4827586206896552,0.5164473684210527,0.0,0.0,0.0,2,230,58,False
within_session,no_ra,W1,oas_trace_eps1e-6,,mean_window_log_svec,6,1,1,B4,0.543859649122807,0.5267361111111111,0.0213781788479536,0.0004218178801238,7.400313686383398e-06,2,231,57,False
within_session,no_ra,W1,oas_trace_eps1e-6,,mean_window_log_svec,6,2,2,B4,0.4655172413793103,0.471125730994152,0.0212398709263652,0.000410065986216,7.070103210621867e-06,2,230,58,False
within_session,no_ra,W1,oas_trace_eps1e-6,0.0,mean_std_projection_moments,6,1,1,B5,0.4385964912280701,0.4458333333333333,0.0438334371428936,0.0005036687944084,8.836294638744571e-06,2,231,57,False
within_session,no_ra,W1,oas_trace_eps1e-6,0.0,mean_std_projection_moments,6,2,2,B5,0.4310344827586206,0.4747807017543859,0.0426511229015886,0.0005109219346195,8.808998872750791e-06,2,230,58,False
within_session,no_ra,W1,oas_trace_eps1e-6,1.0,mean_std_projection_moments,6,1,1,B5,0.4736842105263157,0.465625,0.045642364071682,0.0005825301632285,1.0219827425061611e-05,2,231,57,False
within_session,no_ra,W1,oas_trace_eps1e-6,1.0,mean_std_projection_moments,6,2,2,B5,0.4310344827586206,0.4239766081871344,0.0465238739270716,0.000574184115976,9.899726137518884e-06,2,230,58,False
within_session,no_ra,W1,oas_trace_eps1e-6,2.0,mean_std_projection_moments,6,1,1,B5,0.4210526315789473,0.4222222222222222,0.0484400510322302,0.0005467589944601,9.592263060703612e-06,2,231,57,False
within_session,no_ra,W1,oas_trace_eps1e-6,2.0,mean_std_projection_moments,6,2,2,B5,0.4655172413793103,0.4725877192982456,0.0469898299779742,0.0005439519882202,9.378482555520943e-06,2,230,58,False
within_session,no_ra,W1,oas_trace_eps1e-6,3.0,mean_std_projection_moments,6,1,1,B5,0.4210526315789473,0.4149305555555556,0.0444619471672922,0.0004978028591722,8.733383494249561e-06,2,231,57,False
within_session,no_ra,W1,oas_trace_eps1e-6,3.0,mean_std_projection_moments,6,2,2,B5,0.4310344827586206,0.4323830409356725,0.0467753428965806,0.0005384820979088,9.284174101876802e-06,2,230,58,False
within_session,no_ra,W1,oas_trace_eps1e-6,4.0,mean_std_projection_moments,6,1,1,B5,0.3508771929824561,0.3357638888888888,0.045935524161905,0.0005523890722543,9.691036355338598e-06,2,231,57,False
within_session,no_ra,W1,oas_trace_eps1e-6,4.0,mean_std_projection_moments,6,2,2,B5,0.3448275862068966,0.3852339181286549,0.0488940579816699,0.0004955059848725,8.54320663573413e-06,2,230,58,False
within_session,no_ra,W1,oas_trace_eps1e-6,0.0,pooled_class_measure,6,1,1,P1,0.4736842105263157,0.4888888888888889,0.002206637058407,0.0356790318619459,0.0006259479274025,2,216,57,False
within_session,no_ra,W1,oas_trace_eps1e-6,0.0,pooled_class_measure,6,2,2,P1,0.3620689655172414,0.3636695906432748,0.0021257631015032,0.0370390131138265,0.0006386036743763,2,212,58,False
within_session,no_ra,W1,oas_trace_eps1e-6,1.0,pooled_class_measure,6,1,1,P1,0.5087719298245614,0.5038194444444445,0.0021145141217857,0.0288504501804709,0.0005061482487801,2,216,57,False
within_session,no_ra,W1,oas_trace_eps1e-6,1.0,pooled_class_measure,6,2,2,P1,0.3275862068965517,0.2927631578947368,0.0021690889261662,0.0351093930657953,0.0006053343632033,2,212,58,False
within_session,no_ra,W1,oas_trace_eps1e-6,2.0,pooled_class_measure,6,1,1,P1,0.4035087719298245,0.4076388888888889,0.002229809993878,0.0335356700234115,0.00058834508813,2,216,57,False
within_session,no_ra,W1,oas_trace_eps1e-6,2.0,pooled_class_measure,6,2,2,P1,0.3620689655172414,0.3852339181286549,0.0020502528641372,0.0329032340086996,0.000567297138081,2,212,58,False
within_session,no_ra,W1,oas_trace_eps1e-6,3.0,pooled_class_measure,6,1,1,P1,0.4210526315789473,0.4079861111111111,0.0021689410787075,0.0329682498704642,0.0005783903486046,2,216,57,False
within_session,no_ra,W1,oas_trace_eps1e-6,3.0,pooled_class_measure,6,2,2,P1,0.3448275862068966,0.3428362573099415,0.0024030969943851,0.037721793865785,0.0006503757563066,2,212,58,False
within_session,no_ra,W1,oas_trace_eps1e-6,4.0,pooled_class_measure,6,1,1,P1,0.3859649122807017,0.3763888888888889,0.0021888208575546,0.036143940873444,0.0006341042258498,2,216,57,False
within_session,no_ra,W1,oas_trace_eps1e-6,4.0,pooled_class_measure,6,2,2,P1,0.3793103448275862,0.3852339181286549,0.0024606310762465,0.0373100729193538,0.0006432771192992,2,212,58,False
within_session,no_ra,W1,oas_trace_eps1e-6,0.0,exact_sorted_order_statistics,6,1,1,P2,0.4736842105263157,0.4635416666666666,1.2279013069346547,0.0010181169491261,1.786170086186183e-05,2,231,57,False
within_session,no_ra,W1,oas_trace_eps1e-6,0.0,exact_sorted_order_statistics,6,2,2,P2,0.396551724137931,0.4554093567251461,1.0020480540115386,0.0010452629067003,1.80217742534547e-05,2,230,58,False
within_session,no_ra,W1,oas_trace_eps1e-6,1.0,exact_sorted_order_statistics,6,1,1,P2,0.4736842105263157,0.4576388888888889,1.0675844210200012,0.0009854780510067,1.728908861415428e-05,2,231,57,False
within_session,no_ra,W1,oas_trace_eps1e-6,1.0,exact_sorted_order_statistics,6,2,2,P2,0.4655172413793103,0.4864766081871344,1.0912205069325864,0.0010265528690069,1.7699187396672264e-05,2,230,58,False
within_session,no_ra,W1,oas_trace_eps1e-6,2.0,exact_sorted_order_statistics,6,1,1,P2,0.3859649122807017,0.3875,0.9494425470475109,0.0010128850117325,1.776991248653646e-05,2,231,57,False
within_session,no_ra,W1,oas_trace_eps1e-6,2.0,exact_sorted_order_statistics,6,2,2,P2,0.4655172413793103,0.4671052631578947,0.9657483550254256,0.0009515930432826,1.6406776608321175e-05,2,230,58,False
within_session,no_ra,W1,oas_trace_eps1e-6,3.0,exact_sorted_order_statistics,6,1,1,P2,0.4385964912280701,0.4142361111111111,0.9845420469064264,0.000971436034888,1.704273745417595e-05,2,231,57,False
within_session,no_ra,W1,oas_trace_eps1e-6,3.0,exact_sorted_order_statistics,6,2,2,P2,0.4310344827586206,0.4393274853801169,1.026513498974964,0.001024450873956,1.766294610269111e-05,2,230,58,False
within_session,no_ra,W1,oas_trace_eps1e-6,4.0,exact_sorted_order_statistics,6,1,1,P2,0.3508771929824561,0.3493055555555555,1.0273761299904436,0.000960849924013,1.685701621075471e-05,2,231,57,False
within_session,no_ra,W1,oas_trace_eps1e-6,4.0,exact_sorted_order_statistics,6,2,2,P2,0.4655172413793103,0.4872076023391812,1.0110778720118103,0.0011274989228695,1.943963660119936e-05,2,230,58,False
within_session,no_ra,W2,oas_trace_eps1e-6,,trial_tangent,6,1,1,B1,0.543859649122807,0.5392361111111111,0.1789869449567049,0.0077591799199581,0.000136125963508,2,231,57,False
within_session,no_ra,W2,oas_trace_eps1e-6,,trial_tangent,6,2,2,B1,0.5344827586206896,0.5614035087719298,0.1806074120104313,0.0058762240223586,0.000101314207282,2,230,58,False
within_session,no_ra,W2,oas_trace_eps1e-6,,airm_nearest_class_mean,6,1,1,B2,0.5087719298245614,0.521875,0.1724007700104266,0.0204769480042159,0.0003592447018283,2,231,57,False
within_session,no_ra,W2,oas_trace_eps1e-6,,airm_nearest_class_mean,6,2,2,B2,0.3793103448275862,0.4276315789473685,0.1624921788461506,0.0202776319347322,0.0003496143437022,2,230,58,False
within_session,no_ra,W2,oas_trace_eps1e-6,,mean_decision_score,6,1,1,B3,0.5964912280701754,0.5746527777777778,0.711443561129272,0.0204509289469569,0.0003587882271395,2,231,57,False
within_session,no_ra,W2,oas_trace_eps1e-6,,mean_decision_score,6,2,2,B3,0.5172413793103449,0.54203216374269,0.6990403619129211,0.0209830529056489,0.0003617767742353,2,230,58,False
within_session,no_ra,W2,oas_trace_eps1e-6,,majority_vote_secondary,6,1,1,B3_majority,0.543859649122807,0.5267361111111111,0.0,0.0,0.0,2,231,57,False
within_session,no_ra,W2,oas_trace_eps1e-6,,majority_vote_secondary,6,2,2,B3_majority,0.4482758620689655,0.496345029239766,0.0,0.0,0.0,2,230,58,False
within_session,no_ra,W2,oas_trace_eps1e-6,,mean_window_log_svec,6,1,1,B4,0.5614035087719298,0.5552083333333333,0.0211013578809797,0.0004587080329656,8.04750935027474e-06,2,231,57,False
within_session,no_ra,W2,oas_trace_eps1e-6,,mean_window_log_svec,6,2,2,B4,0.4827586206896552,0.506578947368421,0.0214649969711899,0.0004220230039209,7.276258688291599e-06,2,230,58,False
within_session,no_ra,W2,oas_trace_eps1e-6,0.0,mean_std_projection_moments,6,1,1,B5,0.4561403508771929,0.4607638888888888,0.0468228510580956,0.0006131830159574,1.0757596771183768e-05,2,231,57,False
within_session,no_ra,W2,oas_trace_eps1e-6,0.0,mean_std_projection_moments,6,2,2,B5,0.4137931034482758,0.4554093567251462,0.0550081350374966,0.0006061380263417,1.0450655626582689e-05,2,230,58,False
within_session,no_ra,W2,oas_trace_eps1e-6,1.0,mean_std_projection_moments,6,1,1,B5,0.4210526315789473,0.4149305555555556,0.052715809084475,0.0006209400016814,1.0893684240025386e-05,2,231,57,False
within_session,no_ra,W2,oas_trace_eps1e-6,1.0,mean_std_projection_moments,6,2,2,B5,0.5,0.5204678362573099,0.0525179570540785,0.0005444129928946,9.386430911976716e-06,2,230,58,False
within_session,no_ra,W2,oas_trace_eps1e-6,2.0,mean_std_projection_moments,6,1,1,B5,0.3157894736842105,0.3079861111111111,0.0490601810161024,0.0005531390197575,9.704193329079109e-06,2,231,57,False
within_session,no_ra,W2,oas_trace_eps1e-6,2.0,mean_std_projection_moments,6,2,2,B5,0.3620689655172414,0.362938596491228,0.0472409890498966,0.0005578331183642,9.617812385589912e-06,2,230,58,False
within_session,no_ra,W2,oas_trace_eps1e-6,3.0,mean_std_projection_moments,6,1,1,B5,0.4561403508771929,0.4645833333333333,0.0512521839700639,0.0005240160971879,9.193264862947296e-06,2,231,57,False
within_session,no_ra,W2,oas_trace_eps1e-6,3.0,mean_std_projection_moments,6,2,2,B5,0.4137931034482758,0.4184941520467836,0.0490036290138959,0.0005605299957096,9.664310270856168e-06,2,230,58,False
within_session,no_ra,W2,oas_trace_eps1e-6,4.0,mean_std_projection_moments,6,1,1,B5,0.3157894736842105,0.30625,0.0497717019170522,0.0006919249426573,1.2139034081707922e-05,2,231,57,False
within_session,no_ra,W2,oas_trace_eps1e-6,4.0,mean_std_projection_moments,6,2,2,B5,0.3103448275862069,0.3296783625730993,0.0490373410284519,0.0005265451036393,9.078363855851107e-06,2,230,58,False
within_session,no_ra,W2,oas_trace_eps1e-6,0.0,pooled_class_measure,6,1,1,P1,0.4210526315789473,0.4399305555555555,0.0012583709321916,0.0194616189692169,0.0003414319117406,2,216,57,False
within_session,no_ra,W2,oas_trace_eps1e-6,0.0,pooled_class_measure,6,2,2,P1,0.3448275862068966,0.3519736842105263,0.0015049299690872,0.0223152260296046,0.0003847452763724,2,212,58,False
within_session,no_ra,W2,oas_trace_eps1e-6,1.0,pooled_class_measure,6,1,1,P1,0.5087719298245614,0.5173611111111112,0.0012947008945047,0.0197825441136956,0.0003470621774332,2,216,57,False
within_session,no_ra,W2,oas_trace_eps1e-6,1.0,pooled_class_measure,6,2,2,P1,0.3103448275862069,0.2949561403508772,0.0014650980010628,0.0190152509603649,0.000327849154489,2,212,58,False
within_session,no_ra,W2,oas_trace_eps1e-6,2.0,pooled_class_measure,6,1,1,P1,0.4210526315789473,0.4253472222222222,0.0012882121372967,0.0194875511806458,0.0003418868628183,2,216,57,False
within_session,no_ra,W2,oas_trace_eps1e-6,2.0,pooled_class_measure,6,2,2,P1,0.293103448275862,0.3318713450292397,0.0011993299704045,0.0185432960279285,0.0003197120004815,2,212,58,False
within_session,no_ra,W2,oas_trace_eps1e-6,3.0,pooled_class_measure,6,1,1,P1,0.4385964912280701,0.4246527777777777,0.0012487238273024,0.0201799841597676,0.0003540348098204,2,216,57,False
within_session,no_ra,W2,oas_trace_eps1e-6,3.0,pooled_class_measure,6,2,2,P1,0.3275862068965517,0.3234649122807017,0.0016216419171541,0.0194288950879126,0.0003349809497915,2,212,58,False
within_session,no_ra,W2,oas_trace_eps1e-6,4.0,pooled_class_measure,6,1,1,P1,0.4210526315789473,0.4041666666666667,0.0014931010082364,0.0174199959728866,0.0003056139644366,2,216,57,False
within_session,no_ra,W2,oas_trace_eps1e-6,4.0,pooled_class_measure,6,2,2,P1,0.3448275862068966,0.3512426900584795,0.0012005590833723,0.0166817891877144,0.0002876170549605,2,212,58,False
within_session,no_ra,W2,oas_trace_eps1e-6,0.0,exact_sorted_order_statistics,6,1,1,P2,0.5614035087719298,0.553125,0.2374260600190609,0.0006633379962295,1.1637508705781216e-05,2,231,57,False
within_session,no_ra,W2,oas_trace_eps1e-6,0.0,exact_sorted_order_statistics,6,2,2,P2,0.3793103448275862,0.4214181286549707,0.2566898220684379,0.00086305802688,1.4880310808276309e-05,2,230,58,False
within_session,no_ra,W2,oas_trace_eps1e-6,1.0,exact_sorted_order_statistics,6,1,1,P2,0.4385964912280701,0.4315972222222222,0.2428715599235147,0.0007119697984308,1.2490698218084218e-05,2,231,57,False
within_session,no_ra,W2,oas_trace_eps1e-6,1.0,exact_sorted_order_statistics,6,2,2,P2,0.4310344827586206,0.4809941520467836,0.2423965078778565,0.0007534848991781,1.2991118951347368e-05,2,230,58,False
within_session,no_ra,W2,oas_trace_eps1e-6,2.0,exact_sorted_order_statistics,6,1,1,P2,0.4035087719298245,0.4045138888888889,0.2430497899185866,0.000703735044226,1.234622884607106e-05,2,231,57,False
within_session,no_ra,W2,oas_trace_eps1e-6,2.0,exact_sorted_order_statistics,6,2,2,P2,0.4137931034482758,0.4115497076023391,0.2420552168041467,0.0006847470067441,1.1805982874899077e-05,2,230,58,False
within_session,no_ra,W2,oas_trace_eps1e-6,3.0,exact_sorted_order_statistics,6,1,1,P2,0.4912280701754385,0.4979166666666667,0.2379599320702254,0.0007674929220229,1.3464788105665592e-05,2,231,57,False
within_session,no_ra,W2,oas_trace_eps1e-6,3.0,exact_sorted_order_statistics,6,2,2,P2,0.396551724137931,0.3983918128654971,0.2472116451244801,0.0007844599895179,1.352517223306771e-05,2,230,58,False
within_session,no_ra,W2,oas_trace_eps1e-6,4.0,exact_sorted_order_statistics,6,1,1,P2,0.3859649122807017,0.3680555555555556,0.2381101159844547,0.0007910481654107,1.3878037989662404e-05,2,231,57,False
within_session,no_ra,W2,oas_trace_eps1e-6,4.0,exact_sorted_order_statistics,6,2,2,P2,0.4137931034482758,0.4470029239766081,0.2459834790788591,0.0006355210207402,1.0957258978280527e-05,2,230,58,False
within_session,no_ra,W2,oas_trace_eps1e-6,,ordered_nonoverlap,6,1,1,ordered_control,0.5614035087719298,0.5736111111111111,1.1854256009683013,0.025933327153325,0.0004549706518127,2,231,57,False
within_session,no_ra,W2,oas_trace_eps1e-6,,ordered_nonoverlap,6,2,2,ordered_control,0.5,0.5080409356725146,1.1649188760202378,0.0273077299352735,0.0004708229299185,2,230,58,False
within_session,no_ra,W1,oas_trace_eps1e-6,,trial_tangent,6,1,1,B1,0.5172413793103449,0.4924200799200799,0.190624110167846,0.006190693937242,0.0001067361023662,3,230,58,False
within_session,no_ra,W1,oas_trace_eps1e-6,,trial_tangent,6,2,2,B1,0.4912280701754385,0.4946969696969697,0.1905769929289817,0.0057637910358607,0.00010111914098,3,231,57,False
within_session,no_ra,W1,oas_trace_eps1e-6,,airm_nearest_class_mean,6,1,1,B2,0.3793103448275862,0.358016983016983,0.1691100520547479,0.0227509420365095,0.0003922576213191,3,230,58,False
within_session,no_ra,W1,oas_trace_eps1e-6,,airm_nearest_class_mean,6,2,2,B2,0.4912280701754385,0.4978219696969697,0.1438318588770926,0.0201854098122566,0.0003541299967062,3,231,57,False
within_session,no_ra,W1,oas_trace_eps1e-6,,mean_decision_score,6,1,1,B3,0.603448275862069,0.5990634365634365,1.148177252151072,0.0373452340718358,0.0006438833460661,3,230,58,False
within_session,no_ra,W1,oas_trace_eps1e-6,,mean_decision_score,6,2,2,B3,0.5964912280701754,0.6107954545454546,1.108211230952293,0.0376868429593741,0.0006611726834977,3,231,57,False
within_session,no_ra,W1,oas_trace_eps1e-6,,majority_vote_secondary,6,1,1,B3_majority,0.5,0.4936438561438561,0.0,0.0,0.0,3,230,58,False
within_session,no_ra,W1,oas_trace_eps1e-6,,majority_vote_secondary,6,2,2,B3_majority,0.4561403508771929,0.4613636363636363,0.0,0.0,0.0,3,231,57,False
within_session,no_ra,W1,oas_trace_eps1e-6,,mean_window_log_svec,6,1,1,B4,0.5344827586206896,0.5213911088911088,0.0230445158667862,0.0008070699404925,1.3914998974008806e-05,3,230,58,False
within_session,no_ra,W1,oas_trace_eps1e-6,,mean_window_log_svec,6,2,2,B4,0.5087719298245614,0.5103219696969696,0.0215096219908446,0.0004146401770412,7.274389070899863e-06,3,231,57,False
within_session,no_ra,W1,oas_trace_eps1e-6,0.0,mean_std_projection_moments,6,1,1,B5,0.4482758620689655,0.4312187812187812,0.0598692749626934,0.00056420895271,9.727740563966076e-06,3,230,58,False
within_session,no_ra,W1,oas_trace_eps1e-6,0.0,mean_std_projection_moments,6,2,2,B5,0.4912280701754385,0.4946969696969697,0.0441970869433134,0.0005741699133068,1.0073156373804076e-05,3,231,57,False
within_session,no_ra,W1,oas_trace_eps1e-6,1.0,mean_std_projection_moments,6,1,1,B5,0.4310344827586206,0.4312937062937063,0.0456919239368289,0.0005191878881305,8.951515312595613e-06,3,230,58,False
within_session,no_ra,W1,oas_trace_eps1e-6,1.0,mean_std_projection_moments,6,2,2,B5,0.4210526315789473,0.4169507575757576,0.0431664809584617,0.0005085750017315,8.922368451430087e-06,3,231,57,False
within_session,no_ra,W1,oas_trace_eps1e-6,2.0,mean_std_projection_moments,6,1,1,B5,0.4482758620689655,0.4321928071928071,0.0435761909466236,0.0005670811515301,9.77726123327839e-06,3,230,58,False
within_session,no_ra,W1,oas_trace_eps1e-6,2.0,mean_std_projection_moments,6,2,2,B5,0.4561403508771929,0.4674242424242424,0.0412053901236504,0.000478679081425,8.397878621492469e-06,3,231,57,False
within_session,no_ra,W1,oas_trace_eps1e-6,3.0,mean_std_projection_moments,6,1,1,B5,0.4655172413793103,0.4481893106893107,0.0448242588900029,0.0005112891085445,8.815329457665311e-06,3,230,58,False
within_session,no_ra,W1,oas_trace_eps1e-6,3.0,mean_std_projection_moments,6,2,2,B5,0.5087719298245614,0.5042613636363636,0.0409471760503947,0.0004721551667898,8.283423978769988e-06,3,231,57,False
within_session,no_ra,W1,oas_trace_eps1e-6,4.0,mean_std_projection_moments,6,1,1,B5,0.4827586206896552,0.4757867132867133,0.0428396728821098,0.0005282110068947,9.107086325770824e-06,3,230,58,False
within_session,no_ra,W1,oas_trace_eps1e-6,4.0,mean_std_projection_moments,6,2,2,B5,0.4385964912280701,0.4386363636363636,0.0439790689852088,0.0005606377962976,9.835750812239812e-06,3,231,57,False
within_session,no_ra,W1,oas_trace_eps1e-6,0.0,pooled_class_measure,6,1,1,P1,0.3448275862068966,0.3446178821178821,0.0020366190001368,0.0312557669822126,0.000538892534176,3,208,58,False
within_session,no_ra,W1,oas_trace_eps1e-6,0.0,pooled_class_measure,6,2,2,P1,0.4736842105263157,0.5033143939393939,0.0020524431020021,0.0294617030303925,0.0005168719829893,3,224,57,False
within_session,no_ra,W1,oas_trace_eps1e-6,1.0,pooled_class_measure,6,1,1,P1,0.3275862068965517,0.3272477522477522,0.0019267050083726,0.0298311919905245,0.0005143308963883,3,208,58,False
within_session,no_ra,W1,oas_trace_eps1e-6,1.0,pooled_class_measure,6,2,2,P1,0.4385964912280701,0.4649621212121212,0.0021087229251861,0.0295174079947173,0.0005178492630652,3,224,57,False
within_session,no_ra,W1,oas_trace_eps1e-6,2.0,pooled_class_measure,6,1,1,P1,0.3448275862068966,0.3481143856143856,0.0019802749156951,0.0294340827967971,0.0005074841861516,3,208,58,False
within_session,no_ra,W1,oas_trace_eps1e-6,2.0,pooled_class_measure,6,2,2,P1,0.4385964912280701,0.4599431818181818,0.0020845320541411,0.0291167628020048,0.0005108204000351,3,224,57,False
within_session,no_ra,W1,oas_trace_eps1e-6,3.0,pooled_class_measure,6,1,1,P1,0.3620689655172414,0.3708416583416583,0.0019266309682279,0.0292567498981952,0.0005044267223826,3,208,58,False
within_session,no_ra,W1,oas_trace_eps1e-6,3.0,pooled_class_measure,6,2,2,P1,0.4385964912280701,0.4578598484848484,0.002093109069392,0.0326813710853457,0.0005733573874622,3,224,57,False
within_session,no_ra,W1,oas_trace_eps1e-6,4.0,pooled_class_measure,6,1,1,P1,0.3275862068965517,0.3326048951048951,0.0019331588409841,0.0285226439591497,0.0004917697234336,3,208,58,False
within_session,no_ra,W1,oas_trace_eps1e-6,4.0,pooled_class_measure,6,2,2,P1,0.4385964912280701,0.4599431818181818,0.0022019720636308,0.0333336950279772,0.0005848016671574,3,224,57,False
within_session,no_ra,W1,oas_trace_eps1e-6,0.0,exact_sorted_order_statistics,6,1,1,P2,0.4482758620689655,0.4500374625374626,1.075026776175946,0.0010576671920716,1.823564124261511e-05,3,230,58,False
within_session,no_ra,W1,oas_trace_eps1e-6,0.0,exact_sorted_order_statistics,6,2,2,P2,0.4912280701754385,0.4946969696969697,1.1195124578662217,0.0008666170760989,1.5203808352612611e-05,3,231,57,False
within_session,no_ra,W1,oas_trace_eps1e-6,1.0,exact_sorted_order_statistics,6,1,1,P2,0.5172413793103449,0.5107517482517483,1.0287762670777738,0.0009073398541659,1.5643790589067444e-05,3,230,58,False
within_session,no_ra,W1,oas_trace_eps1e-6,1.0,exact_sorted_order_statistics,6,2,2,P2,0.4385964912280701,0.4336174242424242,0.9692969329189508,0.0009094181004911,1.595470351738888e-05,3,231,57,False
within_session,no_ra,W1,oas_trace_eps1e-6,2.0,exact_sorted_order_statistics,6,1,1,P2,0.5344827586206896,0.533479020979021,1.0552925281226635,0.0008852169848978,1.5262361808583653e-05,3,230,58,False
within_session,no_ra,W1,oas_trace_eps1e-6,2.0,exact_sorted_order_statistics,6,2,2,P2,0.4736842105263157,0.4820075757575757,0.9850234580226244,0.0008945930749177,1.569461534943497e-05,3,231,57,False
within_session,no_ra,W1,oas_trace_eps1e-6,3.0,exact_sorted_order_statistics,6,1,1,P2,0.4482758620689655,0.4365759240759241,1.127348303096369,0.0008259781170636,1.4241002018338648e-05,3,230,58,False
within_session,no_ra,W1,oas_trace_eps1e-6,3.0,exact_sorted_order_statistics,6,2,2,P2,0.4736842105263157,0.4588068181818182,0.978692861041054,0.0008556800894439,1.501193139375302e-05,3,231,57,False
within_session,no_ra,W1,oas_trace_eps1e-6,4.0,exact_sorted_order_statistics,6,1,1,P2,0.5344827586206896,0.5137737262737263,1.1006378969177604,0.0008644710760563,1.4904673725109676e-05,3,230,58,False
within_session,no_ra,W1,oas_trace_eps1e-6,4.0,exact_sorted_order_statistics,6,2,2,P2,0.4210526315789473,0.4169507575757576,1.152597590116784,0.0011054021306335,1.9393019835677065e-05,3,231,57,False
within_session,no_ra,W2,oas_trace_eps1e-6,,trial_tangent,6,1,1,B1,0.5172413793103449,0.4924200799200799,0.1780570328701287,0.0062360879965126,0.0001075187585605,3,230,58,False
within_session,no_ra,W2,oas_trace_eps1e-6,,trial_tangent,6,2,2,B1,0.4912280701754385,0.4946969696969697,0.1761414350476116,0.0058679189532995,0.0001029459465491,3,231,57,False
within_session,no_ra,W2,oas_trace_eps1e-6,,airm_nearest_class_mean,6,1,1,B2,0.3793103448275862,0.358016983016983,0.1648009358905255,0.0212839590385556,0.0003669648110095,3,230,58,False
within_session,no_ra,W2,oas_trace_eps1e-6,,airm_nearest_class_mean,6,2,2,B2,0.4912280701754385,0.4978219696969697,0.1599024890456348,0.0206721650902181,0.0003626695629862,3,231,57,False
within_session,no_ra,W2,oas_trace_eps1e-6,,mean_decision_score,6,1,1,B3,0.5344827586206896,0.5253746253746253,0.6885505290701985,0.0214173740241676,0.0003692650693822,3,230,58,False
within_session,no_ra,W2,oas_trace_eps1e-6,,mean_decision_score,6,2,2,B3,0.543859649122807,0.5639204545454546,0.6848051119595766,0.0232314357999712,0.0004075690491223,3,231,57,False
within_session,no_ra,W2,oas_trace_eps1e-6,,majority_vote_secondary,6,1,1,B3_majority,0.5,0.4963911088911089,0.0,0.0,0.0,3,230,58,False
within_session,no_ra,W2,oas_trace_eps1e-6,,majority_vote_secondary,6,2,2,B3_majority,0.4736842105263157,0.4882575757575758,0.0,0.0,0.0,3,231,57,False
within_session,no_ra,W2,oas_trace_eps1e-6,,mean_window_log_svec,6,1,1,B4,0.5172413793103449,0.5123876123876123,0.0211189589463174,0.0004204330034554,7.248844887162077e-06,3,230,58,False
within_session,no_ra,W2,oas_trace_eps1e-6,,mean_window_log_svec,6,2,2,B4,0.5087719298245614,0.5124053030303031,0.0213069932069629,0.0004025402013212,7.062108795109548e-06,3,231,57,False
within_session,no_ra,W2,oas_trace_eps1e-6,0.0,mean_std_projection_moments,6,1,1,B5,0.4482758620689655,0.4602647352647352,0.0441025528125464,0.0005059018731117,8.722446088133187e-06,3,230,58,False
within_session,no_ra,W2,oas_trace_eps1e-6,0.0,mean_std_projection_moments,6,2,2,B5,0.4385964912280701,0.4396780303030303,0.0472034800332039,0.0005533448420464,9.70780424642981e-06,3,231,57,False
within_session,no_ra,W2,oas_trace_eps1e-6,1.0,mean_std_projection_moments,6,1,1,B5,0.3620689655172414,0.3487512487512487,0.0425966999027878,0.0005011560861021,8.640622174174621e-06,3,230,58,False
within_session,no_ra,W2,oas_trace_eps1e-6,1.0,mean_std_projection_moments,6,2,2,B5,0.4035087719298245,0.3992424242424243,0.0483812519814819,0.0004897869657725,8.592753785482624e-06,3,231,57,False
within_session,no_ra,W2,oas_trace_eps1e-6,2.0,mean_std_projection_moments,6,1,1,B5,0.3620689655172414,0.3536213786213786,0.0440426811110228,0.0005102010909467,8.796570533565406e-06,3,230,58,False
within_session,no_ra,W2,oas_trace_eps1e-6,2.0,mean_std_projection_moments,6,2,2,B5,0.543859649122807,0.5557765151515152,0.0478291290346533,0.0005503019783645,9.654420673062929e-06,3,231,57,False
within_session,no_ra,W2,oas_trace_eps1e-6,3.0,mean_std_projection_moments,6,1,1,B5,0.4482758620689655,0.4352022977022977,0.0458369238767772,0.0005316620226949,9.166586598188713e-06,3,230,58,False
within_session,no_ra,W2,oas_trace_eps1e-6,3.0,mean_std_projection_moments,6,2,2,B5,0.4736842105263157,0.4759469696969697,0.0469778999686241,0.0005128260236233,8.996947782865741e-06,3,231,57,False
within_session,no_ra,W2,oas_trace_eps1e-6,4.0,mean_std_projection_moments,6,1,1,B5,0.5344827586206896,0.5409590409590409,0.0448942971415817,0.0005505769513547,9.49270605784038e-06,3,230,58,False
within_session,no_ra,W2,oas_trace_eps1e-6,4.0,mean_std_projection_moments,6,2,2,B5,0.4035087719298245,0.4053030303030303,0.0505618678871542,0.0005471168551594,9.598541318585998e-06,3,231,57,False
within_session,no_ra,W2,oas_trace_eps1e-6,0.0,pooled_class_measure,6,1,1,P1,0.3448275862068966,0.3618381618381618,0.0011575939133763,0.0164240230806171,0.0002831728117347,3,208,58,False
within_session,no_ra,W2,oas_trace_eps1e-6,0.0,pooled_class_measure,6,2,2,P1,0.4736842105263157,0.5033143939393939,0.00116136088036,0.0174193310085684,0.0003056022983959,3,224,57,False
within_session,no_ra,W2,oas_trace_eps1e-6,1.0,pooled_class_measure,6,1,1,P1,0.293103448275862,0.3057442557442557,0.0011664300691336,0.016680201049894,0.000287589673274,3,208,58,False
within_session,no_ra,W2,oas_trace_eps1e-6,1.0,pooled_class_measure,6,2,2,P1,0.4210526315789473,0.4472537878787879,0.0011286011431366,0.0175635230261832,0.0003081319829154,3,224,57,False
within_session,no_ra,W2,oas_trace_eps1e-6,2.0,pooled_class_measure,6,1,1,P1,0.293103448275862,0.3066308691308691,0.0011938109528273,0.021824297029525,0.0003762809832676,3,208,58,False
within_session,no_ra,W2,oas_trace_eps1e-6,2.0,pooled_class_measure,6,2,2,P1,0.4385964912280701,0.4599431818181818,0.0011625459883362,0.0201789201237261,0.0003540161425215,3,224,57,False
within_session,no_ra,W2,oas_trace_eps1e-6,3.0,pooled_class_measure,6,1,1,P1,0.3275862068965517,0.339110889110889,0.0011925320141017,0.0192848939914256,0.0003324981722659,3,208,58,False
within_session,no_ra,W2,oas_trace_eps1e-6,3.0,pooled_class_measure,6,2,2,P1,0.4561403508771929,0.4745265151515151,0.0011274451389908,0.0174214218277484,0.0003056389794341,3,224,57,False
within_session,no_ra,W2,oas_trace_eps1e-6,4.0,pooled_class_measure,6,1,1,P1,0.3275862068965517,0.3477022977022977,0.0011793209705501,0.0195221239700913,0.0003365883443119,3,208,58,False
within_session,no_ra,W2,oas_trace_eps1e-6,4.0,pooled_class_measure,6,2,2,P1,0.4385964912280701,0.4660037878787879,0.0014232469256967,0.0198626520577818,0.000348467579961,3,224,57,False
within_session,no_ra,W2,oas_trace_eps1e-6,0.0,exact_sorted_order_statistics,6,1,1,P2,0.4482758620689655,0.4530469530469531,0.2346648920793086,0.0007716650143265,1.330456921252711e-05,3,230,58,False
within_session,no_ra,W2,oas_trace_eps1e-6,0.0,exact_sorted_order_statistics,6,2,2,P2,0.4912280701754385,0.4946969696969697,0.2318228189833462,0.0006550920661538,1.1492843265857612e-05,3,231,57,False
within_session,no_ra,W2,oas_trace_eps1e-6,1.0,exact_sorted_order_statistics,6,1,1,P2,0.4827586206896552,0.4674200799200799,0.2227556481957435,0.0006923419423401,1.1936930040347164e-05,3,230,58,False
within_session,no_ra,W2,oas_trace_eps1e-6,1.0,exact_sorted_order_statistics,6,2,2,P2,0.4561403508771929,0.4492424242424242,0.2267701029777526,0.00065015302971,1.1406193503685164e-05,3,231,57,False
within_session,no_ra,W2,oas_trace_eps1e-6,2.0,exact_sorted_order_statistics,6,1,1,P2,0.4137931034482758,0.4155594405594405,0.223811789881438,0.0007249428890645,1.2499015328699144e-05,3,230,58,False
within_session,no_ra,W2,oas_trace_eps1e-6,2.0,exact_sorted_order_statistics,6,2,2,P2,0.4912280701754385,0.5017992424242425,0.2335800430737435,0.0008068499155342,1.4155261676039612e-05,3,231,57,False
within_session,no_ra,W2,oas_trace_eps1e-6,3.0,exact_sorted_order_statistics,6,1,1,P2,0.4655172413793103,0.4646603396603396,0.2286505608353763,0.0007171931210905,1.236539863949192e-05,3,230,58,False
within_session,no_ra,W2,oas_trace_eps1e-6,3.0,exact_sorted_order_statistics,6,2,2,P2,0.4561403508771929,0.4482007575757576,0.2302469059359282,0.0006373841315507,1.1182177746505068e-05,3,231,57,False
within_session,no_ra,W2,oas_trace_eps1e-6,4.0,exact_sorted_order_statistics,6,1,1,P2,0.5172413793103449,0.5373126873126873,0.2281063960399478,0.0006897719576954,1.1892619960266969e-05,3,230,58,False
within_session,no_ra,W2,oas_trace_eps1e-6,4.0,exact_sorted_order_statistics,6,2,2,P2,0.4035087719298245,0.4002840909090909,0.2243491299450397,0.0008288831450045,1.4541809561482648e-05,3,231,57,False
within_session,no_ra,W2,oas_trace_eps1e-6,,ordered_nonoverlap,6,1,1,ordered_control,0.3793103448275862,0.3803321678321678,1.0377116838935765,0.019817427964881,0.0003416797924979,3,230,58,False
within_session,no_ra,W2,oas_trace_eps1e-6,,ordered_nonoverlap,6,2,2,ordered_control,0.5614035087719298,0.5724431818181819,1.163676822092384,0.0266966049093753,0.0004683614896381,3,231,57,False
within_session,no_ra,W1,oas_trace_eps1e-6,,trial_tangent,6,1,1,B1,0.5789473684210527,0.5717068878833584,0.1831538288388401,0.0061868319753557,0.0001085409118483,4,231,57,False
within_session,no_ra,W1,oas_trace_eps1e-6,,trial_tangent,6,2,2,B1,0.4385964912280701,0.4408532643826761,0.1803542608395218,0.0060080119874328,0.0001054037190777,4,231,57,False
within_session,no_ra,W1,oas_trace_eps1e-6,,airm_nearest_class_mean,6,1,1,B2,0.5789473684210527,0.5835218702865762,0.1513427030295133,0.0211373278871178,0.000370830313809,4,231,57,False
within_session,no_ra,W1,oas_trace_eps1e-6,,airm_nearest_class_mean,6,2,2,B2,0.4385964912280701,0.4503070458952811,0.1479043918661773,0.0202473679091781,0.0003552169808627,4,231,57,False
within_session,no_ra,W1,oas_trace_eps1e-6,,mean_decision_score,6,1,1,B3,0.5789473684210527,0.573340874811463,1.1091514041181654,0.0343731620814651,0.0006030379312537,4,231,57,False
within_session,no_ra,W1,oas_trace_eps1e-6,,mean_decision_score,6,2,2,B3,0.5614035087719298,0.5563994828700711,1.0953349410556257,0.0338004559744149,0.0005929904556914,4,231,57,False
within_session,no_ra,W1,oas_trace_eps1e-6,,majority_vote_secondary,6,1,1,B3_majority,0.5614035087719298,0.5602689793866265,0.0,0.0,0.0,4,231,57,False
within_session,no_ra,W1,oas_trace_eps1e-6,,majority_vote_secondary,6,2,2,B3_majority,0.543859649122807,0.5444408532643827,0.0,0.0,0.0,4,231,57,False
within_session,no_ra,W1,oas_trace_eps1e-6,,mean_window_log_svec,6,1,1,B4,0.5263157894736842,0.5255153343388638,0.0213759269099682,0.0004150639288127,7.28182331250425e-06,4,231,57,False
within_session,no_ra,W1,oas_trace_eps1e-6,,mean_window_log_svec,6,2,2,B4,0.4210526315789473,0.4170976082740789,0.0204914091154932,0.0003764680586755,6.6047027837811855e-06,4,231,57,False
within_session,no_ra,W1,oas_trace_eps1e-6,0.0,mean_std_projection_moments,6,1,1,B5,0.4210526315789473,0.4405480140774258,0.0438006659969687,0.0005474910140037,9.605105508837783e-06,4,231,57,False
within_session,no_ra,W1,oas_trace_eps1e-6,0.0,mean_std_projection_moments,6,2,2,B5,0.4561403508771929,0.4632352941176471,0.0427303360775113,0.0004834379069507,8.481366788608985e-06,4,231,57,False
within_session,no_ra,W1,oas_trace_eps1e-6,1.0,mean_std_projection_moments,6,1,1,B5,0.3508771929824561,0.3780165912518853,0.0451386258937418,0.0005383719690144,9.445122263410635e-06,4,231,57,False
within_session,no_ra,W1,oas_trace_eps1e-6,1.0,mean_std_projection_moments,6,2,2,B5,0.4210526315789473,0.4175016160310278,0.0422711749561131,0.0005376618355512,9.432663781601086e-06,4,231,57,False
within_session,no_ra,W1,oas_trace_eps1e-6,2.0,mean_std_projection_moments,6,1,1,B5,0.4385964912280701,0.4261563599798894,0.0444388629402965,0.0005015530623495,8.799176532448383e-06,4,231,57,False
within_session,no_ra,W1,oas_trace_eps1e-6,2.0,mean_std_projection_moments,6,2,2,B5,0.3859649122807017,0.3817873303167421,0.050719304010272,0.0005874938797205,1.0306910170536293e-05,4,231,57,False
within_session,no_ra,W1,oas_trace_eps1e-6,3.0,mean_std_projection_moments,6,1,1,B5,0.4561403508771929,0.4600930115635998,0.0427378891035914,0.0005150001961737,9.035091160943634e-06,4,231,57,False
within_session,no_ra,W1,oas_trace_eps1e-6,3.0,mean_std_projection_moments,6,2,2,B5,0.4736842105263157,0.4716386554621848,0.0454571340233087,0.0004927150439471,8.644123578019309e-06,4,231,57,False
within_session,no_ra,W1,oas_trace_eps1e-6,4.0,mean_std_projection_moments,6,1,1,B5,0.4210526315789473,0.4314982403217697,0.0465114149264991,0.0005292899440973,9.285788492936837e-06,4,231,57,False
within_session,no_ra,W1,oas_trace_eps1e-6,4.0,mean_std_projection_moments,6,2,2,B5,0.4385964912280701,0.436328377504848,0.0442755080293864,0.0005704970099031,1.0008719471985832e-05,4,231,57,False
within_session,no_ra,W1,oas_trace_eps1e-6,0.0,pooled_class_measure,6,1,1,P1,0.4035087719298245,0.4258421317244846,0.0021300569642335,0.0310524520464241,0.0005447798604635,4,216,57,False
within_session,no_ra,W1,oas_trace_eps1e-6,0.0,pooled_class_measure,6,2,2,P1,0.4736842105263157,0.4869909502262444,0.0020046839490532,0.030129499034956,0.0005285877023676,4,220,57,False
within_session,no_ra,W1,oas_trace_eps1e-6,1.0,pooled_class_measure,6,1,1,P1,0.4736842105263157,0.4928984414278531,0.0021173299755901,0.0319456269498914,0.0005604495956121,4,216,57,False
within_session,no_ra,W1,oas_trace_eps1e-6,1.0,pooled_class_measure,6,2,2,P1,0.3859649122807017,0.4040077569489334,0.0021026448812335,0.0334272840991616,0.000586443580687,4,220,57,False
within_session,no_ra,W1,oas_trace_eps1e-6,2.0,pooled_class_measure,6,1,1,P1,0.4035087719298245,0.400201106083459,0.0020609421189874,0.0272098700515925,0.000477366141256,4,216,57,False
within_session,no_ra,W1,oas_trace_eps1e-6,2.0,pooled_class_measure,6,2,2,P1,0.3333333333333333,0.3345184227537169,0.0024349340237677,0.0368382961023598,0.0006462858965326,4,220,57,False
within_session,no_ra,W1,oas_trace_eps1e-6,3.0,pooled_class_measure,6,1,1,P1,0.4035087719298245,0.3882604323780795,0.002089497866109,0.0309828768949955,0.0005435592437718,4,216,57,False
within_session,no_ra,W1,oas_trace_eps1e-6,3.0,pooled_class_measure,6,2,2,P1,0.3508771929824561,0.3596477052359405,0.0020393629092723,0.0362295899540185,0.0006356068412985,4,220,57,False
within_session,no_ra,W1,oas_trace_eps1e-6,4.0,pooled_class_measure,6,1,1,P1,0.4385964912280701,0.4565736551030669,0.002112956950441,0.0297646559774875,0.0005221869469734,4,216,57,False
within_session,no_ra,W1,oas_trace_eps1e-6,4.0,pooled_class_measure,6,2,2,P1,0.3157894736842105,0.3257110536522301,0.0024083908647298,0.0387946760747581,0.0006806083521887,4,220,57,False
within_session,no_ra,W1,oas_trace_eps1e-6,0.0,exact_sorted_order_statistics,6,1,1,P2,0.4035087719298245,0.3943564605329311,1.1223217300139368,0.0010238839313387,1.7962875988399773e-05,4,231,57,False
within_session,no_ra,W1,oas_trace_eps1e-6,0.0,exact_sorted_order_statistics,6,2,2,P2,0.4210526315789473,0.4143503555268261,1.0277808560058477,0.0008117412216961,1.4241074064844532e-05,4,231,57,False
within_session,no_ra,W1,oas_trace_eps1e-6,1.0,exact_sorted_order_statistics,6,1,1,P2,0.4912280701754385,0.5099924585218703,1.1264951990451664,0.0008508551400154,1.4927283158166366e-05,4,231,57,False
within_session,no_ra,W1,oas_trace_eps1e-6,1.0,exact_sorted_order_statistics,6,2,2,P2,0.4035087719298245,0.4023917259211376,1.0185274709947407,0.0009606140665709,1.685287836089469e-05,4,231,57,False
within_session,no_ra,W1,oas_trace_eps1e-6,2.0,exact_sorted_order_statistics,6,1,1,P2,0.4736842105263157,0.460910005027652,1.152898462023586,0.0008417428471148,1.4767418370435112e-05,4,231,57,False
within_session,no_ra,W1,oas_trace_eps1e-6,2.0,exact_sorted_order_statistics,6,2,2,P2,0.4035087719298245,0.4010180995475113,1.1298649471718818,0.0010516659822314,1.8450280390026275e-05,4,231,57,False
within_session,no_ra,W1,oas_trace_eps1e-6,3.0,exact_sorted_order_statistics,6,1,1,P2,0.4561403508771929,0.4654348919054801,1.0227705021388829,0.0008752299472689,1.535491135559584e-05,4,231,57,False
within_session,no_ra,W1,oas_trace_eps1e-6,3.0,exact_sorted_order_statistics,6,2,2,P2,0.5087719298245614,0.5042016806722689,1.00803282414563,0.0010756789706647,1.887156088885508e-05,4,231,57,False
within_session,no_ra,W1,oas_trace_eps1e-6,4.0,exact_sorted_order_statistics,6,1,1,P2,0.4385964912280701,0.432315233785822,1.2263060389086604,0.0009448300115764,1.6575965115375685e-05,4,231,57,False
within_session,no_ra,W1,oas_trace_eps1e-6,4.0,exact_sorted_order_statistics,6,2,2,P2,0.4210526315789473,0.4216224951519069,1.205239803995937,0.0010052530560642,1.763601852744295e-05,4,231,57,False
within_session,no_ra,W2,oas_trace_eps1e-6,,trial_tangent,6,1,1,B1,0.5789473684210527,0.5717068878833584,0.1767625280190259,0.0058084570337086,0.0001019027549773,4,231,57,False
within_session,no_ra,W2,oas_trace_eps1e-6,,trial_tangent,6,2,2,B1,0.4385964912280701,0.4408532643826761,0.1790827489458024,0.0059221189003437,0.000103896822813,4,231,57,False
within_session,no_ra,W2,oas_trace_eps1e-6,,airm_nearest_class_mean,6,1,1,B2,0.5789473684210527,0.5835218702865762,0.1538038058206439,0.0199259920045733,0.0003495788070977,4,231,57,False
within_session,no_ra,W2,oas_trace_eps1e-6,,airm_nearest_class_mean,6,2,2,B2,0.4385964912280701,0.4503070458952811,0.148698816075921,0.0208493240643292,0.0003657776151636,4,231,57,False
within_session,no_ra,W2,oas_trace_eps1e-6,,mean_decision_score,6,1,1,B3,0.5614035087719298,0.5586349924585219,0.6417503710836172,0.0212262959685176,0.0003723911573424,4,231,57,False
within_session,no_ra,W2,oas_trace_eps1e-6,,mean_decision_score,6,2,2,B3,0.4912280701754385,0.4835972850678733,0.6457335939630866,0.0203403851483017,0.0003568488622509,4,231,57,False
within_session,no_ra,W2,oas_trace_eps1e-6,,majority_vote_secondary,6,1,1,B3_majority,0.5263157894736842,0.5223102061337355,0.0,0.0,0.0,4,231,57,False
within_session,no_ra,W2,oas_trace_eps1e-6,,majority_vote_secondary,6,2,2,B3_majority,0.5087719298245614,0.5118778280542986,0.0,0.0,0.0,4,231,57,False
within_session,no_ra,W2,oas_trace_eps1e-6,,mean_window_log_svec,6,1,1,B4,0.4912280701754385,0.4961035696329814,0.0224632278550416,0.0004435169976204,7.780999958253743e-06,4,231,57,False
within_session,no_ra,W2,oas_trace_eps1e-6,,mean_window_log_svec,6,2,2,B4,0.4912280701754385,0.4835972850678733,0.0207949660252779,0.0003895019181072,6.833366984338091e-06,4,231,57,False
within_session,no_ra,W2,oas_trace_eps1e-6,0.0,mean_std_projection_moments,6,1,1,B5,0.3684210526315789,0.3604198089492207,0.053601463092491,0.0007774371188133,1.3639247698480622e-05,4,231,57,False
within_session,no_ra,W2,oas_trace_eps1e-6,0.0,mean_std_projection_moments,6,2,2,B5,0.4035087719298245,0.4027957336780866,0.0426199419889599,0.0004909839481115,8.61375347564095e-06,4,231,57,False
within_session,no_ra,W2,oas_trace_eps1e-6,1.0,mean_std_projection_moments,6,1,1,B5,0.3157894736842105,0.3448969331322272,0.0465734240133315,0.0005304489750415,9.306122369149277e-06,4,231,57,False
within_session,no_ra,W2,oas_trace_eps1e-6,1.0,mean_std_projection_moments,6,2,2,B5,0.4385964912280701,0.4426308985132514,0.0458698440343141,0.0005092748906463,8.934647204321727e-06,4,231,57,False
within_session,no_ra,W2,oas_trace_eps1e-6,2.0,mean_std_projection_moments,6,1,1,B5,0.4210526315789473,0.4037204625439919,0.0446096831001341,0.0004850120749324,8.508983770744843e-06,4,231,57,False
within_session,no_ra,W2,oas_trace_eps1e-6,2.0,mean_std_projection_moments,6,2,2,B5,0.3684210526315789,0.3670814479638009,0.0431759429629892,0.0004897369071841,8.591875564633755e-06,4,231,57,False
within_session,no_ra,W2,oas_trace_eps1e-6,3.0,mean_std_projection_moments,6,1,1,B5,0.4561403508771929,0.4707767722473605,0.0446729559917002,0.0004940640646964,8.667790608709319e-06,4,231,57,False
within_session,no_ra,W2,oas_trace_eps1e-6,3.0,mean_std_projection_moments,6,2,2,B5,0.3684210526315789,0.3743535875888817,0.047749179881066,0.0005714199505746,1.0024911413590113e-05,4,231,57,False
within_session,no_ra,W2,oas_trace_eps1e-6,4.0,mean_std_projection_moments,6,1,1,B5,0.4385964912280701,0.4368401206636501,0.0472326988819986,0.0005942999850958,1.0426315527997518e-05,4,231,57,False
within_session,no_ra,W2,oas_trace_eps1e-6,4.0,mean_std_projection_moments,6,2,2,B5,0.3333333333333333,0.3313671622495152,0.0531232878565788,0.0006337389349937,1.1118226929714804e-05,4,231,57,False
within_session,no_ra,W2,oas_trace_eps1e-6,0.0,pooled_class_measure,6,1,1,P1,0.3859649122807017,0.3988813474107592,0.0015885960310697,0.0205002750735729,0.0003596539486591,4,216,57,False
within_session,no_ra,W2,oas_trace_eps1e-6,0.0,pooled_class_measure,6,2,2,P1,0.4210526315789473,0.4320458952811894,0.0013015929143875,0.0185043991077691,0.000324638580838,4,220,57,False
within_session,no_ra,W2,oas_trace_eps1e-6,1.0,pooled_class_measure,6,1,1,P1,0.4385964912280701,0.4368401206636501,0.0015064280014485,0.0194556501228362,0.0003413271951374,4,216,57,False
within_session,no_ra,W2,oas_trace_eps1e-6,1.0,pooled_class_measure,6,2,2,P1,0.3859649122807017,0.3994828700711054,0.0012917390558868,0.0178948249667882,0.0003139442976629,4,220,57,False
within_session,no_ra,W2,oas_trace_eps1e-6,2.0,pooled_class_measure,6,1,1,P1,0.3684210526315789,0.3617395676219205,0.0015306370332837,0.0218142389785498,0.0003827059469921,4,216,57,False
within_session,no_ra,W2,oas_trace_eps1e-6,2.0,pooled_class_measure,6,2,2,P1,0.3333333333333333,0.3345184227537169,0.0016060061752796,0.0221139551140368,0.0003879641248076,4,220,57,False
within_session,no_ra,W2,oas_trace_eps1e-6,3.0,pooled_class_measure,6,1,1,P1,0.4035087719298245,0.3866264454499749,0.0015869608614593,0.0251160690095275,0.0004406327896408,4,216,57,False
within_session,no_ra,W2,oas_trace_eps1e-6,3.0,pooled_class_measure,6,2,2,P1,0.3333333333333333,0.3404169360051713,0.0017809381242841,0.0219553690403699,0.0003851819129889,4,220,57,False
within_session,no_ra,W2,oas_trace_eps1e-6,4.0,pooled_class_measure,6,1,1,P1,0.3859649122807017,0.3764454499748617,0.0015606009401381,0.0232482531573623,0.00040786409048,4,216,57,False
within_session,no_ra,W2,oas_trace_eps1e-6,4.0,pooled_class_measure,6,2,2,P1,0.3333333333333333,0.3404169360051713,0.001576580107212,0.0237914598546922,0.0004173940325384,4,220,57,False
within_session,no_ra,W2,oas_trace_eps1e-6,0.0,exact_sorted_order_statistics,6,1,1,P2,0.3684210526315789,0.3641277023629964,0.2702212759759277,0.0009149920661002,1.6052492387723505e-05,4,231,57,False
within_session,no_ra,W2,oas_trace_eps1e-6,0.0,exact_sorted_order_statistics,6,2,2,P2,0.3859649122807017,0.377262443438914,0.230710910167545,0.0006548329256474,1.148829694118416e-05,4,231,57,False
within_session,no_ra,W2,oas_trace_eps1e-6,1.0,exact_sorted_order_statistics,6,1,1,P2,0.3333333333333333,0.3318250377073906,0.2459391320589929,0.0007531577721238,1.3213294247786203e-05,4,231,57,False
within_session,no_ra,W2,oas_trace_eps1e-6,1.0,exact_sorted_order_statistics,6,2,2,P2,0.4210526315789473,0.4170976082740789,0.2353621248621493,0.0006395380478352,1.1219965751495278e-05,4,231,57,False
within_session,no_ra,W2,oas_trace_eps1e-6,2.0,exact_sorted_order_statistics,6,1,1,P2,0.3859649122807017,0.3836726998491704,0.2342097898945212,0.0007352419197559,1.2898981048349748e-05,4,231,57,False
within_session,no_ra,W2,oas_trace_eps1e-6,2.0,exact_sorted_order_statistics,6,2,2,P2,0.4210526315789473,0.4247737556561086,0.2400849100667983,0.0007747609633952,1.3592297603425228e-05,4,231,57,False
within_session,no_ra,W2,oas_trace_eps1e-6,3.0,exact_sorted_order_statistics,6,1,1,P2,0.4210526315789473,0.4274761186525892,0.2392554460093379,0.0009374190121889,1.6445947582261605e-05,4,231,57,False
within_session,no_ra,W2,oas_trace_eps1e-6,3.0,exact_sorted_order_statistics,6,2,2,P2,0.4385964912280701,0.4440045248868778,0.2382837389595806,0.0007830271497368,1.3737318416436514e-05,4,231,57,False
within_session,no_ra,W2,oas_trace_eps1e-6,4.0,exact_sorted_order_statistics,6,1,1,P2,0.3157894736842105,0.318753142282554,0.2447252271231264,0.0007958330679684,1.396198364856996e-05,4,231,57,False
within_session,no_ra,W2,oas_trace_eps1e-6,4.0,exact_sorted_order_statistics,6,2,2,P2,0.4385964912280701,0.4349547511312217,0.2410000681411475,0.0007973529864102,1.398864888439053e-05,4,231,57,False
within_session,no_ra,W2,oas_trace_eps1e-6,,ordered_nonoverlap,6,1,1,ordered_control,0.5263157894736842,0.5348793363499246,1.036003486951813,0.0198141909204423,0.0003476173845691,4,231,57,False
within_session,no_ra,W2,oas_trace_eps1e-6,,ordered_nonoverlap,6,2,2,ordered_control,0.5263157894736842,0.5283613445378151,1.0616757918614894,0.0187069789972156,0.0003281926139862,4,231,57,False
within_session,no_ra,W1,oas_trace_eps1e-6,,trial_tangent,7,1,1,B1,0.7413793103448276,0.739291101055807,0.1832414730452001,0.0059885471127927,0.0001032508122895,0,230,58,False
within_session,no_ra,W1,oas_trace_eps1e-6,,trial_tangent,7,2,2,B1,0.913793103448276,0.9109351432880844,0.2070411117747426,0.0062910870183259,0.0001084670175573,0,230,58,False
within_session,no_ra,W1,oas_trace_eps1e-6,,airm_nearest_class_mean,7,1,1,B2,0.6896551724137931,0.6886877828054299,0.1533738430589437,0.0210760459303855,0.000363380102248,0,230,58,False
within_session,no_ra,W1,oas_trace_eps1e-6,,airm_nearest_class_mean,7,2,2,B2,0.8103448275862069,0.8193815987933635,0.1323306791018694,0.0228146400768309,0.0003933558633936,0,230,58,False
within_session,no_ra,W1,oas_trace_eps1e-6,,mean_decision_score,7,1,1,B3,0.6896551724137931,0.6932126696832579,1.2560737261082977,0.0360984590370208,0.0006223872247762,0,230,58,False
within_session,no_ra,W1,oas_trace_eps1e-6,,mean_decision_score,7,2,2,B3,0.9310344827586208,0.9301659125188536,1.203236007131636,0.0377776988316327,0.0006513396350281,0,230,58,False
within_session,no_ra,W1,oas_trace_eps1e-6,,majority_vote_secondary,7,1,1,B3_majority,0.6551724137931034,0.657315233785822,0.0,0.0,0.0,0,230,58,False
within_session,no_ra,W1,oas_trace_eps1e-6,,majority_vote_secondary,7,2,2,B3_majority,0.8793103448275862,0.8750377073906486,0.0,0.0,0.0,0,230,58,False
within_session,no_ra,W1,oas_trace_eps1e-6,,mean_window_log_svec,7,1,1,B4,0.7413793103448276,0.7418552036199095,0.0209126968402415,0.0004236041568219,7.303519945206313e-06,0,230,58,False
within_session,no_ra,W1,oas_trace_eps1e-6,,mean_window_log_svec,7,2,2,B4,0.913793103448276,0.908371040723982,0.0201762882061302,0.0004219079855829,7.274275613499098e-06,0,230,58,False
within_session,no_ra,W1,oas_trace_eps1e-6,0.0,mean_std_projection_moments,7,1,1,B5,0.6379310344827587,0.6496983408748115,0.050310504855588,0.0005433459300547,9.368033276806618e-06,0,230,58,False
within_session,no_ra,W1,oas_trace_eps1e-6,0.0,mean_std_projection_moments,7,2,2,B5,0.8275862068965517,0.8328808446455505,0.0437726459931582,0.000505639007315,8.71791391922482e-06,0,230,58,False
within_session,no_ra,W1,oas_trace_eps1e-6,1.0,mean_std_projection_moments,7,1,1,B5,0.7586206896551724,0.7604826546003016,0.0471293779555708,0.0006138340104371,1.058334500753674e-05,0,230,58,False
within_session,no_ra,W1,oas_trace_eps1e-6,1.0,mean_std_projection_moments,7,2,2,B5,0.8448275862068966,0.8340120663650075,0.0455121230334043,0.0005206980276852,8.977552201470424e-06,0,230,58,False
within_session,no_ra,W1,oas_trace_eps1e-6,2.0,mean_std_projection_moments,7,1,1,B5,0.5689655172413793,0.579260935143288,0.0490537320729345,0.0005348820704966,9.222104663735834e-06,0,230,58,False
within_session,no_ra,W1,oas_trace_eps1e-6,2.0,mean_std_projection_moments,7,2,2,B5,0.8793103448275862,0.872473604826546,0.0545947861392051,0.0005793399177491,9.988619271537351e-06,0,230,58,False
within_session,no_ra,W1,oas_trace_eps1e-6,3.0,mean_std_projection_moments,7,1,1,B5,0.6206896551724138,0.6253393665158371,0.0458883380051702,0.0005276519805192,9.09744793998784e-06,0,230,58,False
within_session,no_ra,W1,oas_trace_eps1e-6,3.0,mean_std_projection_moments,7,2,2,B5,0.7758620689655172,0.7757918552036198,0.0456350441090762,0.0006034951657056,1.040508906389105e-05,0,230,58,False
within_session,no_ra,W1,oas_trace_eps1e-6,4.0,mean_std_projection_moments,7,1,1,B5,0.6551724137931034,0.6592760180995475,0.0529603520408272,0.0006422279402613,1.1072895521747655e-05,0,230,58,False
within_session,no_ra,W1,oas_trace_eps1e-6,4.0,mean_std_projection_moments,7,2,2,B5,0.896551724137931,0.8942684766214177,0.0534738679416477,0.0006035971455276,1.040684733668278e-05,0,230,58,False
within_session,no_ra,W1,oas_trace_eps1e-6,0.0,pooled_class_measure,7,1,1,P1,0.6896551724137931,0.6867269984917044,0.0021968458313494,0.0379636001307517,0.0006545448298405,0,220,58,False
within_session,no_ra,W1,oas_trace_eps1e-6,0.0,pooled_class_measure,7,2,2,P1,0.6896551724137931,0.7042232277526395,0.0024683619849383,0.040628527989611,0.0007004918618898,0,220,58,False
within_session,no_ra,W1,oas_trace_eps1e-6,1.0,pooled_class_measure,7,1,1,P1,0.6724137931034483,0.6739819004524886,0.0019633600022643,0.0279124919325113,0.0004812498609053,0,220,58,False
within_session,no_ra,W1,oas_trace_eps1e-6,1.0,pooled_class_measure,7,2,2,P1,0.7241379310344828,0.7316742081447964,0.0020467769354581,0.0343973040580749,0.0005930569665185,0,220,58,False
within_session,no_ra,W1,oas_trace_eps1e-6,2.0,pooled_class_measure,7,1,1,P1,0.5689655172413793,0.5753393665158371,0.0020804801024496,0.0362966109532862,0.0006258036371256,0,220,58,False
within_session,no_ra,W1,oas_trace_eps1e-6,2.0,pooled_class_measure,7,2,2,P1,0.7413793103448276,0.7509049773755656,0.0020677510183304,0.0351768299005925,0.0006064970672515,0,220,58,False
within_session,no_ra,W1,oas_trace_eps1e-6,3.0,pooled_class_measure,7,1,1,P1,0.6379310344827587,0.6426093514328808,0.0024686849210411,0.0390444570221006,0.0006731802934844,0,220,58,False
within_session,no_ra,W1,oas_trace_eps1e-6,3.0,pooled_class_measure,7,2,2,P1,0.6896551724137931,0.7113122171945702,0.002053301082924,0.0362794289831072,0.0006255073962604,0,220,58,False
within_session,no_ra,W1,oas_trace_eps1e-6,4.0,pooled_class_measure,7,1,1,P1,0.6551724137931034,0.6592760180995476,0.0021305971313267,0.0361559640150517,0.0006233786899146,0,220,58,False
within_session,no_ra,W1,oas_trace_eps1e-6,4.0,pooled_class_measure,7,2,2,P1,0.7241379310344828,0.7407239819004525,0.002049416070804,0.0359541198704391,0.0006198986184558,0,220,58,False
within_session,no_ra,W1,oas_trace_eps1e-6,0.0,exact_sorted_order_statistics,7,1,1,P2,0.5862068965517241,0.5920060331825038,1.230864899000153,0.0010208778548985,1.760134232583745e-05,0,230,58,False
within_session,no_ra,W1,oas_trace_eps1e-6,0.0,exact_sorted_order_statistics,7,2,2,P2,0.8620689655172413,0.8687782805429866,1.1879062061198056,0.0010166100692003,1.752775981379994e-05,0,230,58,False
within_session,no_ra,W1,oas_trace_eps1e-6,1.0,exact_sorted_order_statistics,7,1,1,P2,0.6724137931034483,0.6869532428355958,1.0877483210060743,0.000833217985928,1.4365827343587215e-05,0,230,58,False
within_session,no_ra,W1,oas_trace_eps1e-6,1.0,exact_sorted_order_statistics,7,2,2,P2,0.896551724137931,0.8917043740573152,1.0805321829393506,0.0009147720411419,1.5771931743827358e-05,0,230,58,False
within_session,no_ra,W1,oas_trace_eps1e-6,2.0,exact_sorted_order_statistics,7,1,1,P2,0.5689655172413793,0.5773001508295625,1.083615998039022,0.0009385629091411,1.6182119123123843e-05,0,230,58,False
within_session,no_ra,W1,oas_trace_eps1e-6,2.0,exact_sorted_order_statistics,7,2,2,P2,0.913793103448276,0.908371040723982,1.0091315140016377,0.0009593009017407,1.6539670719668782e-05,0,230,58,False
within_session,no_ra,W1,oas_trace_eps1e-6,3.0,exact_sorted_order_statistics,7,1,1,P2,0.6551724137931034,0.6547511312217195,1.1532189950812608,0.0010208119638264,1.7600206272869273e-05,0,230,58,False
within_session,no_ra,W1,oas_trace_eps1e-6,3.0,exact_sorted_order_statistics,7,2,2,P2,0.8103448275862069,0.8077677224736048,1.0654869659338146,0.000928483903408,1.6008343162207766e-05,0,230,58,False
within_session,no_ra,W1,oas_trace_eps1e-6,4.0,exact_sorted_order_statistics,7,1,1,P2,0.6551724137931034,0.657315233785822,1.0546112800948322,0.0010639771353453,1.83444333680231e-05,0,230,58,False
within_session,no_ra,W1,oas_trace_eps1e-6,4.0,exact_sorted_order_statistics,7,2,2,P2,0.913793103448276,0.913499245852187,0.9915641909465194,0.0009290571324527,1.601822642159873e-05,0,230,58,False
within_session,no_ra,W2,oas_trace_eps1e-6,,trial_tangent,7,1,1,B1,0.7413793103448276,0.739291101055807,0.1719366919714957,0.0061539909802377,0.0001061032927627,0,230,58,False
within_session,no_ra,W2,oas_trace_eps1e-6,,trial_tangent,7,2,2,B1,0.913793103448276,0.9109351432880844,0.2120178521145135,0.0057395990006625,9.89586034596994e-05,0,230,58,False
within_session,no_ra,W2,oas_trace_eps1e-6,,airm_nearest_class_mean,7,1,1,B2,0.6896551724137931,0.6886877828054299,0.1529830491635948,0.0211033301893621,0.0003638505205062,0,230,58,False
within_session,no_ra,W2,oas_trace_eps1e-6,,airm_nearest_class_mean,7,2,2,B2,0.8103448275862069,0.8193815987933635,0.1434042600449174,0.0277658798731863,0.000478722066779,0,230,58,False
within_session,no_ra,W2,oas_trace_eps1e-6,,mean_decision_score,7,1,1,B3,0.7068965517241379,0.7053544494720966,0.6795507930219173,0.0209961449727416,0.00036200249953,0,230,58,False
within_session,no_ra,W2,oas_trace_eps1e-6,,mean_decision_score,7,2,2,B3,0.896551724137931,0.8917043740573153,0.7031224549282342,0.0288574451114982,0.0004975421570947,0,230,58,False
within_session,no_ra,W2,oas_trace_eps1e-6,,majority_vote_secondary,7,1,1,B3_majority,0.6896551724137931,0.6841628959276018,0.0,0.0,0.0,0,230,58,False
within_session,no_ra,W2,oas_trace_eps1e-6,,majority_vote_secondary,7,2,2,B3_majority,0.8620689655172413,0.8552036199095022,0.0,0.0,0.0,0,230,58,False
within_session,no_ra,W2,oas_trace_eps1e-6,,mean_window_log_svec,7,1,1,B4,0.7241379310344828,0.7271493212669684,0.0226237310562282,0.0004339879378676,7.48255065289037e-06,0,230,58,False
within_session,no_ra,W2,oas_trace_eps1e-6,,mean_window_log_svec,7,2,2,B4,0.913793103448276,0.903846153846154,0.0272715820465236,0.0005072990898042,8.746536031108478e-06,0,230,58,False
within_session,no_ra,W2,oas_trace_eps1e-6,0.0,mean_std_projection_moments,7,1,1,B5,0.6551724137931034,0.6547511312217195,0.0479154828935861,0.0005414229817688,9.334878996014597e-06,0,230,58,False
within_session,no_ra,W2,oas_trace_eps1e-6,0.0,mean_std_projection_moments,7,2,2,B5,0.8103448275862069,0.8181749622926093,0.0553643351886421,0.0006638809572905,1.1446223401560865e-05,0,230,58,False
within_session,no_ra,W2,oas_trace_eps1e-6,1.0,mean_std_projection_moments,7,1,1,B5,0.7586206896551724,0.7604826546003016,0.0545043989550322,0.0006434640381485,1.1094207554284868e-05,0,230,58,False
within_session,no_ra,W2,oas_trace_eps1e-6,1.0,mean_std_projection_moments,7,2,2,B5,0.8275862068965517,0.8193061840120665,0.0453046469483524,0.0005050159525126,8.707171595045205e-06,0,230,58,False
within_session,no_ra,W2,oas_trace_eps1e-6,2.0,mean_std_projection_moments,7,1,1,B5,0.603448275862069,0.6041478129713425,0.0486250668764114,0.0006138789467513,1.0584119771575106e-05,0,230,58,False
within_session,no_ra,W2,oas_trace_eps1e-6,2.0,mean_std_projection_moments,7,2,2,B5,0.8103448275862069,0.8071644042232278,0.0468082160223275,0.000568478135392,9.801347161932238e-06,0,230,58,False
within_session,no_ra,W2,oas_trace_eps1e-6,3.0,mean_std_projection_moments,7,1,1,B5,0.6379310344827587,0.6355203619909502,0.044965123059228,0.0005411910824477,9.330880731858057e-06,0,230,58,False
within_session,no_ra,W2,oas_trace_eps1e-6,3.0,mean_std_projection_moments,7,2,2,B5,0.7758620689655172,0.7757918552036198,0.0486310650594532,0.0005810919683426,1.0018827040390722e-05,0,230,58,False
within_session,no_ra,W2,oas_trace_eps1e-6,4.0,mean_std_projection_moments,7,1,1,B5,0.7068965517241379,0.7053544494720966,0.0468516449909657,0.0005334701854735,9.197761818509675e-06,0,230,58,False
within_session,no_ra,W2,oas_trace_eps1e-6,4.0,mean_std_projection_moments,7,2,2,B5,0.8275862068965517,0.8380090497737558,0.0456731738522648,0.00050755799748,8.750999956552324e-06,0,230,58,False
within_session,no_ra,W2,oas_trace_eps1e-6,0.0,pooled_class_measure,7,1,1,P1,0.6724137931034483,0.6604072398190045,0.0013181120157241,0.0223849080502986,0.0003859466905223,0,220,58,False
within_session,no_ra,W2,oas_trace_eps1e-6,0.0,pooled_class_measure,7,2,2,P1,0.6551724137931034,0.6728506787330317,0.0016377861611545,0.0234930969309061,0.0004050533953604,0,220,58,False
within_session,no_ra,W2,oas_trace_eps1e-6,1.0,pooled_class_measure,7,1,1,P1,0.6896551724137931,0.6861236802413273,0.0016160788945853,0.0235015680082142,0.0004051994484174,0,220,58,False
within_session,no_ra,W2,oas_trace_eps1e-6,1.0,pooled_class_measure,7,2,2,P1,0.7241379310344828,0.7316742081447964,0.0013268189504742,0.0192360731307417,0.0003316564332886,0,220,58,False
within_session,no_ra,W2,oas_trace_eps1e-6,2.0,pooled_class_measure,7,1,1,P1,0.603448275862069,0.6061085972850679,0.0013508670963346,0.0188060791697353,0.0003242427443057,0,220,58,False
within_session,no_ra,W2,oas_trace_eps1e-6,2.0,pooled_class_measure,7,2,2,P1,0.6379310344827587,0.660708898944193,0.0012945490889251,0.0183868678286671,0.0003170149625632,0,220,58,False
within_session,no_ra,W2,oas_trace_eps1e-6,3.0,pooled_class_measure,7,1,1,P1,0.6379310344827587,0.6355203619909502,0.0013378199655562,0.0218234800267964,0.0003762668970137,0,220,58,False
within_session,no_ra,W2,oas_trace_eps1e-6,3.0,pooled_class_measure,7,2,2,P1,0.6896551724137931,0.7113122171945702,0.0013377899304032,0.0194587090518325,0.0003354949836522,0,220,58,False
within_session,no_ra,W2,oas_trace_eps1e-6,4.0,pooled_class_measure,7,1,1,P1,0.6896551724137931,0.6996983408748114,0.0013432300183922,0.0198353880550712,0.0003419894492253,0,220,58,False
within_session,no_ra,W2,oas_trace_eps1e-6,4.0,pooled_class_measure,7,2,2,P1,0.7068965517241379,0.7266214177978884,0.0013133571483194,0.0196411130018532,0.0003386398793422,0,220,58,False
within_session,no_ra,W2,oas_trace_eps1e-6,0.0,exact_sorted_order_statistics,7,1,1,P2,0.6206896551724138,0.6259426847662142,0.2434539690148085,0.0007514629978686,1.2956258583942364e-05,0,230,58,False
within_session,no_ra,W2,oas_trace_eps1e-6,0.0,exact_sorted_order_statistics,7,2,2,P2,0.8275862068965517,0.8257918552036199,0.2563411770388484,0.0008019730448722,1.382712146331524e-05,0,230,58,False
within_session,no_ra,W2,oas_trace_eps1e-6,1.0,exact_sorted_order_statistics,7,1,1,P2,0.7758620689655172,0.7771493212669682,0.2489584379363805,0.0007951480802148,1.3709449658876864e-05,0,230,58,False
within_session,no_ra,W2,oas_trace_eps1e-6,1.0,exact_sorted_order_statistics,7,2,2,P2,0.913793103448276,0.91289592760181,0.2352535359095782,0.0007376021239906,1.2717277999838878e-05,0,230,58,False
within_session,no_ra,W2,oas_trace_eps1e-6,2.0,exact_sorted_order_statistics,7,1,1,P2,0.6551724137931034,0.6547511312217194,0.2253445889800787,0.0006428940687328,1.1084380495394098e-05,0,230,58,False
within_session,no_ra,W2,oas_trace_eps1e-6,2.0,exact_sorted_order_statistics,7,2,2,P2,0.8620689655172413,0.8552036199095022,0.238498613005504,0.000655734911561,1.1305774337258833e-05,0,230,58,False
within_session,no_ra,W2,oas_trace_eps1e-6,3.0,exact_sorted_order_statistics,7,1,1,P2,0.6551724137931034,0.6618401206636501,0.2265732630621642,0.000737875001505,1.2721982784569263e-05,0,230,58,False
within_session,no_ra,W2,oas_trace_eps1e-6,3.0,exact_sorted_order_statistics,7,2,2,P2,0.8620689655172413,0.8648567119155355,0.2374532460235059,0.0007019329350441,1.2102291983520163e-05,0,230,58,False
within_session,no_ra,W2,oas_trace_eps1e-6,4.0,exact_sorted_order_statistics,7,1,1,P2,0.6896551724137931,0.6886877828054299,0.2259865021333098,0.0007060861680656,1.2173899449408054e-05,0,230,58,False
within_session,no_ra,W2,oas_trace_eps1e-6,4.0,exact_sorted_order_statistics,7,2,2,P2,0.9482758620689656,0.9493966817496228,0.2288417089730501,0.0006283691618591,1.083395106653715e-05,0,230,58,False
within_session,no_ra,W2,oas_trace_eps1e-6,,ordered_nonoverlap,7,1,1,ordered_control,0.7241379310344828,0.7200603318250378,1.117297497112304,0.020010228967294,0.0003450039477119,0,230,58,False
within_session,no_ra,W2,oas_trace_eps1e-6,,ordered_nonoverlap,7,2,2,ordered_control,0.8448275862068966,0.8430618401206637,1.146843558177352,0.0285731919575482,0.0004926412406473,0,230,58,False
within_session,no_ra,W1,oas_trace_eps1e-6,,trial_tangent,7,1,1,B1,0.8103448275862069,0.8139323911382735,0.1948515102267265,0.0059052200522273,0.0001018141388315,1,230,58,False
within_session,no_ra,W1,oas_trace_eps1e-6,,trial_tangent,7,2,2,B1,0.896551724137931,0.9076943277310924,0.1937234511133283,0.006099377060309,0.0001051616734536,1,230,58,False
within_session,no_ra,W1,oas_trace_eps1e-6,,airm_nearest_class_mean,7,1,1,B2,0.8103448275862069,0.818002769289534,0.1499033779837191,0.0276515700388699,0.0004767512075667,1,230,58,False
within_session,no_ra,W1,oas_trace_eps1e-6,,airm_nearest_class_mean,7,2,2,B2,0.896551724137931,0.9076943277310924,0.1676875778939575,0.0204756979364901,0.000353029274767,1,230,58,False
within_session,no_ra,W1,oas_trace_eps1e-6,,mean_decision_score,7,1,1,B3,0.8448275862068966,0.853203781512605,1.2711799340322614,0.0360232638195157,0.0006210907555088,1,230,58,False
within_session,no_ra,W1,oas_trace_eps1e-6,,mean_decision_score,7,2,2,B3,0.896551724137931,0.9076943277310924,1.2758242120034993,0.0374135540332645,0.0006450612764355,1,230,58,False
within_session,no_ra,W1,oas_trace_eps1e-6,,majority_vote_secondary,7,1,1,B3_majority,0.8275862068965517,0.8384978991596639,0.0,0.0,0.0,1,230,58,False
within_session,no_ra,W1,oas_trace_eps1e-6,,majority_vote_secondary,7,2,2,B3_majority,0.8275862068965517,0.8457195378151261,0.0,0.0,0.0,1,230,58,False
within_session,no_ra,W1,oas_trace_eps1e-6,,mean_window_log_svec,7,1,1,B4,0.7586206896551724,0.7577229755538579,0.0276185378897935,0.0005531930364668,9.537810973566154e-06,1,230,58,False
within_session,no_ra,W1,oas_trace_eps1e-6,,mean_window_log_svec,7,2,2,B4,0.913793103448276,0.9224002100840336,0.0245086969807744,0.0005489431787282,9.464537564279704e-06,1,230,58,False
within_session,no_ra,W1,oas_trace_eps1e-6,0.0,mean_std_projection_moments,7,1,1,B5,0.7068965517241379,0.7024326776165011,0.0500849019736051,0.0005744330119341,9.90401744714071e-06,1,230,58,False
within_session,no_ra,W1,oas_trace_eps1e-6,0.0,mean_std_projection_moments,7,2,2,B5,0.8275862068965517,0.8319088999236058,0.0529743018560111,0.0007029110565781,1.2119156147899298e-05,1,230,58,False
within_session,no_ra,W1,oas_trace_eps1e-6,1.0,mean_std_projection_moments,7,1,1,B5,0.7931034482758621,0.7770005729564553,0.045803777873516,0.0005529718473553,9.53399736819596e-06,1,230,58,False
within_session,no_ra,W1,oas_trace_eps1e-6,1.0,mean_std_projection_moments,7,2,2,B5,0.8103448275862069,0.8028791061879297,0.0478231310844421,0.0005764150992035,9.93819136557908e-06,1,230,58,False
within_session,no_ra,W1,oas_trace_eps1e-6,2.0,mean_std_projection_moments,7,1,1,B5,0.8275862068965517,0.8344275210084033,0.0517248061951249,0.0005761010106652,9.932776045953406e-06,1,230,58,False
within_session,no_ra,W1,oas_trace_eps1e-6,2.0,mean_std_projection_moments,7,2,2,B5,0.7758620689655172,0.7792565889992361,0.0492333490401506,0.0005015111528337,8.64674401437414e-06,1,230,58,False
within_session,no_ra,W1,oas_trace_eps1e-6,3.0,mean_std_projection_moments,7,1,1,B5,0.7931034482758621,0.7938431054239877,0.0467941870447248,0.0005572328809648,9.607463464911642e-06,1,230,58,False
within_session,no_ra,W1,oas_trace_eps1e-6,3.0,mean_std_projection_moments,7,2,2,B5,0.7758620689655172,0.7775377196333079,0.0445133219473063,0.0005502889398485,9.487740342216246e-06,1,230,58,False
within_session,no_ra,W1,oas_trace_eps1e-6,4.0,mean_std_projection_moments,7,1,1,B5,0.7931034482758621,0.7938431054239877,0.0455624221358448,0.0005492880009114,9.470482774335764e-06,1,230,58,False
within_session,no_ra,W1,oas_trace_eps1e-6,4.0,mean_std_projection_moments,7,2,2,B5,0.8793103448275862,0.8786645339954163,0.0481032871175557,0.0005095310043543,8.785017316454443e-06,1,230,58,False
within_session,no_ra,W1,oas_trace_eps1e-6,0.0,pooled_class_measure,7,1,1,P1,0.7241379310344828,0.7221280557677616,0.0021088370122015,0.0370442140847444,0.0006386933462886,1,220,58,False
within_session,no_ra,W1,oas_trace_eps1e-6,0.0,pooled_class_measure,7,2,2,P1,0.7068965517241379,0.7204330595874714,0.0020554841030389,0.0334381798747926,0.0005765203426688,1,220,58,False
within_session,no_ra,W1,oas_trace_eps1e-6,1.0,pooled_class_measure,7,1,1,P1,0.7758620689655172,0.7764992360580596,0.0020796959288418,0.0358648630790412,0.0006183597082593,1,220,58,False
within_session,no_ra,W1,oas_trace_eps1e-6,1.0,pooled_class_measure,7,2,2,P1,0.7758620689655172,0.7743864591291062,0.0023686510976403,0.0365048020612448,0.0006293931389869,1,220,58,False
within_session,no_ra,W1,oas_trace_eps1e-6,2.0,pooled_class_measure,7,1,1,P1,0.7758620689655172,0.7769050802139037,0.0021007501054555,0.0384875030722469,0.0006635776391766,1,220,58,False
within_session,no_ra,W1,oas_trace_eps1e-6,2.0,pooled_class_measure,7,2,2,P1,0.6896551724137931,0.693635408708938,0.0023925339337438,0.0324482249561697,0.0005594521544167,1,220,58,False
within_session,no_ra,W1,oas_trace_eps1e-6,3.0,pooled_class_measure,7,1,1,P1,0.7931034482758621,0.7996323529411764,0.0020205869805067,0.0304019839968532,0.0005241721378767,1,220,58,False
within_session,no_ra,W1,oas_trace_eps1e-6,3.0,pooled_class_measure,7,2,2,P1,0.7241379310344828,0.7359386936592819,0.0024315230548381,0.0385495848022401,0.0006646480138317,1,220,58,False
within_session,no_ra,W1,oas_trace_eps1e-6,4.0,pooled_class_measure,7,1,1,P1,0.7413793103448276,0.7456550802139037,0.0022978240158408,0.0357465071137994,0.0006163190881689,1,220,58,False
within_session,no_ra,W1,oas_trace_eps1e-6,4.0,pooled_class_measure,7,2,2,P1,0.7931034482758621,0.8051351222307105,0.0020606720354408,0.0335123708937317,0.0005777994981677,1,220,58,False
within_session,no_ra,W1,oas_trace_eps1e-6,0.0,exact_sorted_order_statistics,7,1,1,P2,0.7586206896551724,0.7474694423223835,1.0705554850865155,0.0009500291198492,1.637981241119319e-05,1,230,58,False
within_session,no_ra,W1,oas_trace_eps1e-6,0.0,exact_sorted_order_statistics,7,2,2,P2,0.8103448275862069,0.8082625095492743,1.1420146729797125,0.000954169081524,1.645119106075887e-05,1,230,58,False
within_session,no_ra,W1,oas_trace_eps1e-6,1.0,exact_sorted_order_statistics,7,1,1,P2,0.8275862068965517,0.8237681436210849,1.010656283935532,0.0008816618937999,1.5201067134481052e-05,1,230,58,False
within_session,no_ra,W1,oas_trace_eps1e-6,1.0,exact_sorted_order_statistics,7,2,2,P2,0.896551724137931,0.9045430672268908,1.066598455887288,0.0010077201295644,1.737448499248973e-05,1,230,58,False
within_session,no_ra,W1,oas_trace_eps1e-6,2.0,exact_sorted_order_statistics,7,1,1,P2,0.8103448275862069,0.8188025210084033,1.0604816919658333,0.0010149991139769,1.749998472374061e-05,1,230,58,False
within_session,no_ra,W1,oas_trace_eps1e-6,2.0,exact_sorted_order_statistics,7,2,2,P2,0.7931034482758621,0.7971137318563789,0.9786442599724978,0.001008738996461,1.7392051663121273e-05,1,230,58,False
within_session,no_ra,W1,oas_trace_eps1e-6,3.0,exact_sorted_order_statistics,7,1,1,P2,0.8448275862068966,0.8522846638655462,1.1501611501444131,0.0008486488368362,1.4631876497176187e-05,1,230,58,False
within_session,no_ra,W1,oas_trace_eps1e-6,3.0,exact_sorted_order_statistics,7,2,2,P2,0.8448275862068966,0.8475338999236058,1.0519317199941725,0.0010550660081207,1.8190793243461643e-05,1,230,58,False
within_session,no_ra,W1,oas_trace_eps1e-6,4.0,exact_sorted_order_statistics,7,1,1,P2,0.7931034482758621,0.7992265087853323,0.9975779510568829,0.0008291839621961,1.4296275210277788e-05,1,230,58,False
within_session,no_ra,W1,oas_trace_eps1e-6,4.0,exact_sorted_order_statistics,7,2,2,P2,0.8448275862068966,0.8461015087853323,1.057551431003958,0.0009202437940984,1.5866272312043042e-05,1,230,58,False
within_session,no_ra,W2,oas_trace_eps1e-6,,trial_tangent,7,1,1,B1,0.8103448275862069,0.8139323911382735,0.1861658520065248,0.0080107080284506,0.0001381156556629,1,230,58,False
within_session,no_ra,W2,oas_trace_eps1e-6,,trial_tangent,7,2,2,B1,0.896551724137931,0.9076943277310924,0.2085474759805947,0.0079654618166387,0.0001373355485627,1,230,58,False
within_session,no_ra,W2,oas_trace_eps1e-6,,airm_nearest_class_mean,7,1,1,B2,0.8103448275862069,0.818002769289534,0.1306245878804475,0.0249488609842956,0.0004301527755913,1,230,58,False
within_session,no_ra,W2,oas_trace_eps1e-6,,airm_nearest_class_mean,7,2,2,B2,0.896551724137931,0.9076943277310924,0.1410338431596756,0.0213365580420941,0.0003678716903809,1,230,58,False
within_session,no_ra,W2,oas_trace_eps1e-6,,mean_decision_score,7,1,1,B3,0.8448275862068966,0.8522846638655462,0.756387764820829,0.0258478589821606,0.0004456527410717,1,230,58,False
within_session,no_ra,W2,oas_trace_eps1e-6,,mean_decision_score,7,2,2,B3,0.9310344827586208,0.9371060924369748,0.6840198938734829,0.0291951349936425,0.0005033643964421,1,230,58,False
within_session,no_ra,W2,oas_trace_eps1e-6,,majority_vote_secondary,7,1,1,B3_majority,0.7758620689655172,0.7895101222307105,0.0,0.0,0.0,1,230,58,False
within_session,no_ra,W2,oas_trace_eps1e-6,,majority_vote_secondary,7,2,2,B3_majority,0.8275862068965517,0.8408494079449962,0.0,0.0,0.0,1,230,58,False
within_session,no_ra,W2,oas_trace_eps1e-6,,mean_window_log_svec,7,1,1,B4,0.7931034482758621,0.7960752482811306,0.0251690638251602,0.000513378996402,8.85136200693147e-06,1,230,58,False
within_session,no_ra,W2,oas_trace_eps1e-6,,mean_window_log_svec,7,2,2,B4,0.8793103448275862,0.8818157944996181,0.0248188180848956,0.0004935550969094,8.509570636369032e-06,1,230,58,False
within_session,no_ra,W2,oas_trace_eps1e-6,0.0,mean_std_projection_moments,7,1,1,B5,0.7413793103448276,0.7439362108479756,0.0496384960133582,0.0005613018292933,9.677617746437416e-06,1,230,58,False
within_session,no_ra,W2,oas_trace_eps1e-6,0.0,mean_std_projection_moments,7,2,2,B5,0.8448275862068966,0.8363612490450725,0.0461031279992312,0.0004890330601483,8.431604485316523e-06,1,230,58,False
within_session,no_ra,W2,oas_trace_eps1e-6,1.0,mean_std_projection_moments,7,1,1,B5,0.8103448275862069,0.8010408708938122,0.0458545631263405,0.0005187441129237,8.943864015926575e-06,1,230,58,False
within_session,no_ra,W2,oas_trace_eps1e-6,1.0,mean_std_projection_moments,7,2,2,B5,0.8275862068965517,0.8233742360580596,0.0422410380560904,0.0005009127780795,8.636427208267409e-06,1,230,58,False
within_session,no_ra,W2,oas_trace_eps1e-6,2.0,mean_std_projection_moments,7,1,1,B5,0.7413793103448276,0.7478872230710465,0.046766942134127,0.0005857939831912,1.0099896261918134e-05,1,230,58,False
within_session,no_ra,W2,oas_trace_eps1e-6,2.0,mean_std_projection_moments,7,2,2,B5,0.8275862068965517,0.8313956264323912,0.0486237357836216,0.0005507038440555,9.494893863026436e-06,1,230,58,False
within_session,no_ra,W2,oas_trace_eps1e-6,3.0,mean_std_projection_moments,7,1,1,B5,0.8448275862068966,0.8513655462184875,0.0458982591517269,0.0005565318278968,9.595376343048853e-06,1,230,58,False
within_session,no_ra,W2,oas_trace_eps1e-6,3.0,mean_std_projection_moments,7,2,2,B5,0.7758620689655172,0.776618601986249,0.0459069309290498,0.0005314680747687,9.16324266842727e-06,1,230,58,False
within_session,no_ra,W2,oas_trace_eps1e-6,4.0,mean_std_projection_moments,7,1,1,B5,0.7931034482758621,0.7912051184110008,0.0472180959768593,0.0005406611599028,9.321744136255364e-06,1,230,58,False
within_session,no_ra,W2,oas_trace_eps1e-6,4.0,mean_std_projection_moments,7,2,2,B5,0.8275862068965517,0.8233742360580596,0.0532525910530239,0.0006209150888025,1.0705432565561656e-05,1,230,58,False
within_session,no_ra,W2,oas_trace_eps1e-6,0.0,pooled_class_measure,7,1,1,P1,0.7758620689655172,0.7903098739495799,0.0016226950101554,0.0205355838406831,0.0003540617903566,1,220,58,False
within_session,no_ra,W2,oas_trace_eps1e-6,0.0,pooled_class_measure,7,2,2,P1,0.7068965517241379,0.7204330595874714,0.0012895611580461,0.0153087079524993,0.0002639432405603,1,220,58,False
within_session,no_ra,W2,oas_trace_eps1e-6,1.0,pooled_class_measure,7,1,1,P1,0.8103448275862069,0.8122135217723454,0.0013159718364477,0.01999446679838,0.0003447321861789,1,220,58,False
within_session,no_ra,W2,oas_trace_eps1e-6,1.0,pooled_class_measure,7,2,2,P1,0.7241379310344828,0.7190961611917495,0.0015902249142527,0.0222534299828112,0.0003836798272898,1,220,58,False
within_session,no_ra,W2,oas_trace_eps1e-6,2.0,pooled_class_measure,7,1,1,P1,0.8103448275862069,0.820640756302521,0.0013229399919509,0.0201901670079678,0.0003481063277235,1,220,58,False
within_session,no_ra,W2,oas_trace_eps1e-6,2.0,pooled_class_measure,7,2,2,P1,0.6551724137931034,0.6610723834988541,0.0018570420797914,0.0244671439286321,0.0004218473091143,1,220,58,False
within_session,no_ra,W2,oas_trace_eps1e-6,3.0,pooled_class_measure,7,1,1,P1,0.7758620689655172,0.7817752100840336,0.0013501900248229,0.0215077828615903,0.0003708238424412,1,220,58,False
within_session,no_ra,W2,oas_trace_eps1e-6,3.0,pooled_class_measure,7,2,2,P1,0.6896551724137931,0.7104779411764706,0.001314683118835,0.0192525391466915,0.0003319403301153,1,220,58,False
within_session,no_ra,W2,oas_trace_eps1e-6,4.0,pooled_class_measure,7,1,1,P1,0.7586206896551724,0.7715336134453781,0.0016084848903119,0.0230430699884891,0.0003972943101463,1,220,58,False
within_session,no_ra,W2,oas_trace_eps1e-6,4.0,pooled_class_measure,7,2,2,P1,0.7758620689655172,0.7872779793735677,0.0015500700101256,0.0210124820005148,0.0003622841724226,1,220,58,False
within_session,no_ra,W2,oas_trace_eps1e-6,0.0,exact_sorted_order_statistics,7,1,1,P2,0.7413793103448276,0.7439362108479756,0.2375908507965505,0.0007824499625712,1.3490516596056264e-05,1,230,58,False
within_session,no_ra,W2,oas_trace_eps1e-6,0.0,exact_sorted_order_statistics,7,2,2,P2,0.8793103448275862,0.8808966768525592,0.2319756720680743,0.0006654618773609,1.1473480644154138e-05,1,230,58,False
within_session,no_ra,W2,oas_trace_eps1e-6,1.0,exact_sorted_order_statistics,7,1,1,P2,0.8448275862068966,0.8456956646294882,0.2276413540821522,0.0007148911245167,1.232570904339182e-05,1,230,58,False
within_session,no_ra,W2,oas_trace_eps1e-6,1.0,exact_sorted_order_statistics,7,2,2,P2,0.8448275862068966,0.8434635217723454,0.228240551892668,0.0007880148477852,1.358646289284887e-05,1,230,58,False
within_session,no_ra,W2,oas_trace_eps1e-6,2.0,exact_sorted_order_statistics,7,1,1,P2,0.7931034482758621,0.7960752482811306,0.235700893914327,0.0007701071444898,1.3277709387756628e-05,1,230,58,False
within_session,no_ra,W2,oas_trace_eps1e-6,2.0,exact_sorted_order_statistics,7,2,2,P2,0.8103448275862069,0.8189218869365928,0.2305138078518211,0.0008358918130397,1.4411927811030685e-05,1,230,58,False
within_session,no_ra,W2,oas_trace_eps1e-6,3.0,exact_sorted_order_statistics,7,1,1,P2,0.8275862068965517,0.8317895339954163,0.232730712974444,0.0007959499489516,1.3723274981924172e-05,1,230,58,False
within_session,no_ra,W2,oas_trace_eps1e-6,3.0,exact_sorted_order_statistics,7,2,2,P2,0.7931034482758621,0.80106474407945,0.2333627298939973,0.0007484690286219,1.2904638424515724e-05,1,230,58,False
within_session,no_ra,W2,oas_trace_eps1e-6,4.0,exact_sorted_order_statistics,7,1,1,P2,0.8620689655172413,0.870141806722689,0.2416359281633049,0.0008276640437543,1.42700697199024e-05,1,230,58,False
within_session,no_ra,W2,oas_trace_eps1e-6,4.0,exact_sorted_order_statistics,7,2,2,P2,0.8448275862068966,0.8434635217723454,0.2436932309065014,0.0008139719720929,1.4033999518844588e-05,1,230,58,False
within_session,no_ra,W2,oas_trace_eps1e-6,,ordered_nonoverlap,7,1,1,ordered_control,0.8103448275862069,0.8059110007639421,1.1398469370324165,0.0199897158890962,0.0003446502739499,1,230,58,False
within_session,no_ra,W2,oas_trace_eps1e-6,,ordered_nonoverlap,7,2,2,ordered_control,0.8275862068965517,0.8394170168067228,1.108744221040979,0.0194446030072867,0.0003352517759877,1,230,58,False
within_session,no_ra,W1,oas_trace_eps1e-6,,trial_tangent,7,1,1,B1,0.7758620689655172,0.7605994152046784,0.1786149649415165,0.0068337640259414,0.0001178235176886,2,230,58,False
within_session,no_ra,W1,oas_trace_eps1e-6,,trial_tangent,7,2,2,B1,0.896551724137931,0.904970760233918,0.2063055830076336,0.0061075570993125,0.0001053027086088,2,230,58,False
within_session,no_ra,W1,oas_trace_eps1e-6,,airm_nearest_class_mean,7,1,1,B2,0.7241379310344828,0.7273391812865497,0.1731755998916924,0.021487777121365,0.0003704789158856,2,230,58,False
within_session,no_ra,W1,oas_trace_eps1e-6,,airm_nearest_class_mean,7,2,2,B2,0.7413793103448276,0.7196637426900585,0.1773862880654633,0.0210725509095937,0.0003633198432688,2,230,58,False
within_session,no_ra,W1,oas_trace_eps1e-6,,mean_decision_score,7,1,1,B3,0.7413793103448276,0.7342836257309943,1.269942498067394,0.0362086030654609,0.0006242862597493,2,230,58,False
within_session,no_ra,W1,oas_trace_eps1e-6,,mean_decision_score,7,2,2,B3,0.8793103448275862,0.8764619883040936,1.1752098351716995,0.0357164018787443,0.0006158000323921,2,230,58,False
within_session,no_ra,W1,oas_trace_eps1e-6,,majority_vote_secondary,7,1,1,B3_majority,0.7586206896551724,0.7766812865497076,0.0,0.0,0.0,2,230,58,False
within_session,no_ra,W1,oas_trace_eps1e-6,,majority_vote_secondary,7,2,2,B3_majority,0.8620689655172413,0.8640350877192984,0.0,0.0,0.0,2,230,58,False
within_session,no_ra,W1,oas_trace_eps1e-6,,mean_window_log_svec,7,1,1,B4,0.7068965517241379,0.7218567251461988,0.024196223122999,0.0004993460606783,8.609414839282117e-06,2,230,58,False
within_session,no_ra,W1,oas_trace_eps1e-6,,mean_window_log_svec,7,2,2,B4,0.913793103448276,0.9166666666666669,0.0214909249916672,0.0004188560415059,7.221655888033324e-06,2,230,58,False
within_session,no_ra,W1,oas_trace_eps1e-6,0.0,mean_std_projection_moments,7,1,1,B5,0.6724137931034483,0.6732456140350878,0.0517818690277636,0.0006573661230504,1.1333898673283645e-05,2,230,58,False
within_session,no_ra,W1,oas_trace_eps1e-6,0.0,mean_std_projection_moments,7,2,2,B5,0.8103448275862069,0.8384502923976608,0.049880253849551,0.0005770199932157,9.948620572686195e-06,2,230,58,False
within_session,no_ra,W1,oas_trace_eps1e-6,1.0,mean_std_projection_moments,7,1,1,B5,0.7068965517241379,0.6849415204678362,0.0458848481066525,0.000558208907023,9.624291500397798e-06,2,230,58,False
within_session,no_ra,W1,oas_trace_eps1e-6,1.0,mean_std_projection_moments,7,2,2,B5,0.7931034482758621,0.7891081871345029,0.048325662035495,0.0005987228360027,1.032280751728806e-05,2,230,58,False
within_session,no_ra,W1,oas_trace_eps1e-6,2.0,mean_std_projection_moments,7,1,1,B5,0.603448275862069,0.6059941520467836,0.0513490438461303,0.0006049540825188,1.043024280204855e-05,2,230,58,False
within_session,no_ra,W1,oas_trace_eps1e-6,2.0,mean_std_projection_moments,7,2,2,B5,0.7241379310344828,0.7203947368421052,0.0484139642212539,0.0005022101104259,8.65879500734395e-06,2,230,58,False
within_session,no_ra,W1,oas_trace_eps1e-6,3.0,mean_std_projection_moments,7,1,1,B5,0.6724137931034483,0.6948099415204678,0.0420719850808382,0.0005108560435473,8.807862819782619e-06,2,230,58,False
within_session,no_ra,W1,oas_trace_eps1e-6,3.0,mean_std_projection_moments,7,2,2,B5,0.896551724137931,0.8903508771929824,0.045998005894944,0.000526568852365,9.078773316638224e-06,2,230,58,False
within_session,no_ra,W1,oas_trace_eps1e-6,4.0,mean_std_projection_moments,7,1,1,B5,0.6551724137931034,0.6461988304093567,0.0455542090348899,0.0006455988623201,1.1131014867589392e-05,2,230,58,False
within_session,no_ra,W1,oas_trace_eps1e-6,4.0,mean_std_projection_moments,7,2,2,B5,0.913793103448276,0.9111842105263156,0.0431026800069958,0.0005767529364675,9.944016145991868e-06,2,230,58,False
within_session,no_ra,W1,oas_trace_eps1e-6,0.0,pooled_class_measure,7,1,1,P1,0.6206896551724138,0.631578947368421,0.0020670969970524,0.0343752210028469,0.000592676224187,2,212,58,False
within_session,no_ra,W1,oas_trace_eps1e-6,0.0,pooled_class_measure,7,2,2,P1,0.6551724137931034,0.6871345029239765,0.0020929020829498,0.0329966160934418,0.0005689071740248,2,212,58,False
within_session,no_ra,W1,oas_trace_eps1e-6,1.0,pooled_class_measure,7,1,1,P1,0.5862068965517241,0.5822368421052632,0.0020445301197469,0.0335698470007628,0.0005787904655303,2,212,58,False
within_session,no_ra,W1,oas_trace_eps1e-6,1.0,pooled_class_measure,7,2,2,P1,0.6896551724137931,0.7072368421052632,0.0023888568393886,0.0356134949252009,0.0006140257745724,2,212,58,False
within_session,no_ra,W1,oas_trace_eps1e-6,2.0,pooled_class_measure,7,1,1,P1,0.5344827586206896,0.5274122807017543,0.0019720108248293,0.0309846519958227,0.000534218137859,2,212,58,False
within_session,no_ra,W1,oas_trace_eps1e-6,2.0,pooled_class_measure,7,2,2,P1,0.6724137931034483,0.6787280701754386,0.0023838540073484,0.0358900348655879,0.0006187937045791,2,212,58,False
within_session,no_ra,W1,oas_trace_eps1e-6,3.0,pooled_class_measure,7,1,1,P1,0.5517241379310345,0.547514619883041,0.0024284007959067,0.0390992399770766,0.0006741248271909,2,212,58,False
within_session,no_ra,W1,oas_trace_eps1e-6,3.0,pooled_class_measure,7,2,2,P1,0.7241379310344828,0.748172514619883,0.0020252969115972,0.0325736780650913,0.0005616151390532,2,212,58,False
within_session,no_ra,W1,oas_trace_eps1e-6,4.0,pooled_class_measure,7,1,1,P1,0.5689655172413793,0.560672514619883,0.0020582808647304,0.0311040291562676,0.0005362763647632,2,212,58,False
within_session,no_ra,W1,oas_trace_eps1e-6,4.0,pooled_class_measure,7,2,2,P1,0.7413793103448276,0.7481725146198831,0.0020893800538033,0.0330561951268464,0.0005699343987387,2,212,58,False
within_session,no_ra,W1,oas_trace_eps1e-6,0.0,exact_sorted_order_statistics,7,1,1,P2,0.6379310344827587,0.6476608187134503,1.0951944689732045,0.0009729310404509,1.677467311122294e-05,2,230,58,False
within_session,no_ra,W1,oas_trace_eps1e-6,0.0,exact_sorted_order_statistics,7,2,2,P2,0.7758620689655172,0.8114035087719299,1.1014355460647494,0.0009374129585921,1.6162292389520282e-05,2,230,58,False
within_session,no_ra,W1,oas_trace_eps1e-6,1.0,exact_sorted_order_statistics,7,1,1,P2,0.7241379310344828,0.735014619883041,1.1461331159807742,0.0009152879938483,1.5780827480143513e-05,2,230,58,False
within_session,no_ra,W1,oas_trace_eps1e-6,1.0,exact_sorted_order_statistics,7,2,2,P2,0.913793103448276,0.9250730994152048,1.083864366170019,0.0010440819896757,1.8001413615099316e-05,2,230,58,False
within_session,no_ra,W1,oas_trace_eps1e-6,2.0,exact_sorted_order_statistics,7,1,1,P2,0.6206896551724138,0.6546052631578947,1.0768828890286386,0.0008784979581832,1.5146516520401529e-05,2,230,58,False
within_session,no_ra,W1,oas_trace_eps1e-6,2.0,exact_sorted_order_statistics,7,2,2,P2,0.7931034482758621,0.7960526315789473,1.0729667518753558,0.0009741198737174,1.6795170236507367e-05,2,230,58,False
within_session,no_ra,W1,oas_trace_eps1e-6,3.0,exact_sorted_order_statistics,7,1,1,P2,0.6724137931034483,0.7086988304093567,1.1036165140103549,0.0009934219997376,1.712796551271759e-05,2,230,58,False
within_session,no_ra,W1,oas_trace_eps1e-6,3.0,exact_sorted_order_statistics,7,2,2,P2,0.9310344827586208,0.9166666666666669,0.9635050799697638,0.000864511122927,1.4905364188397752e-05,2,230,58,False
within_session,no_ra,W1,oas_trace_eps1e-6,4.0,exact_sorted_order_statistics,7,1,1,P2,0.7586206896551724,0.7474415204678363,1.2343162868637592,0.0010187418665736,1.7564514940925712e-05,2,230,58,False
within_session,no_ra,W1,oas_trace_eps1e-6,4.0,exact_sorted_order_statistics,7,2,2,P2,0.8793103448275862,0.8980263157894737,1.0445707831531763,0.000955204013735,1.646903471956993e-05,2,230,58,False
within_session,no_ra,W2,oas_trace_eps1e-6,,trial_tangent,7,1,1,B1,0.7758620689655172,0.7605994152046784,0.2002384138759225,0.0060758090112358,0.0001047553277799,2,230,58,False
within_session,no_ra,W2,oas_trace_eps1e-6,,trial_tangent,7,2,2,B1,0.896551724137931,0.904970760233918,0.2030444119591266,0.008187229046598,0.000141159121493,2,230,58,False
within_session,no_ra,W2,oas_trace_eps1e-6,,airm_nearest_class_mean,7,1,1,B2,0.7241379310344828,0.7273391812865497,0.1390777630731463,0.0273978621698915,0.0004723769339636,2,230,58,False
within_session,no_ra,W2,oas_trace_eps1e-6,,airm_nearest_class_mean,7,2,2,B2,0.7413793103448276,0.7196637426900585,0.1674099077936262,0.0212335952091962,0.000366096469124,2,230,58,False
within_session,no_ra,W2,oas_trace_eps1e-6,,mean_decision_score,7,1,1,B3,0.6379310344827587,0.6469298245614035,0.7194856880232692,0.0293876777868717,0.0005066840997736,2,230,58,False
within_session,no_ra,W2,oas_trace_eps1e-6,,mean_decision_score,7,2,2,B3,0.8448275862068966,0.8501461988304094,0.6848119739443064,0.0248245289549231,0.0004280091199124,2,230,58,False
within_session,no_ra,W2,oas_trace_eps1e-6,,majority_vote_secondary,7,1,1,B3_majority,0.6379310344827587,0.6684941520467836,0.0,0.0,0.0,2,230,58,False
within_session,no_ra,W2,oas_trace_eps1e-6,,majority_vote_secondary,7,2,2,B3_majority,0.8275862068965517,0.8508771929824562,0.0,0.0,0.0,2,230,58,False
within_session,no_ra,W2,oas_trace_eps1e-6,,mean_window_log_svec,7,1,1,B4,0.7068965517241379,0.70796783625731,0.0264544310048222,0.0005360660143196,9.24251748826997e-06,2,230,58,False
within_session,no_ra,W2,oas_trace_eps1e-6,,mean_window_log_svec,7,2,2,B4,0.913793103448276,0.9173976608187134,0.0244064719881862,0.0004901189822703,8.450327280523448e-06,2,230,58,False
within_session,no_ra,W2,oas_trace_eps1e-6,0.0,mean_std_projection_moments,7,1,1,B5,0.6379310344827587,0.6476608187134503,0.0483068348839879,0.0006397340912371,1.1029898124779092e-05,2,230,58,False
within_session,no_ra,W2,oas_trace_eps1e-6,0.0,mean_std_projection_moments,7,2,2,B5,0.7241379310344828,0.7357456140350878,0.0544679849408566,0.0006439110729843,1.11019150514541e-05,2,230,58,False
within_session,no_ra,W2,oas_trace_eps1e-6,1.0,mean_std_projection_moments,7,1,1,B5,0.7586206896551724,0.7474415204678363,0.0491978069767355,0.0006002529989928,1.034918963780691e-05,2,230,58,False
within_session,no_ra,W2,oas_trace_eps1e-6,1.0,mean_std_projection_moments,7,2,2,B5,0.8620689655172413,0.8640350877192984,0.0461476671043783,0.0005319889169186,9.172222705493711e-06,2,230,58,False
within_session,no_ra,W2,oas_trace_eps1e-6,2.0,mean_std_projection_moments,7,1,1,B5,0.5862068965517241,0.5997807017543859,0.0447372139897197,0.0005459799431264,9.41344729528345e-06,2,230,58,False
within_session,no_ra,W2,oas_trace_eps1e-6,2.0,mean_std_projection_moments,7,2,2,B5,0.7758620689655172,0.7682748538011697,0.0457109559793025,0.0006212268490344,1.0710807741972906e-05,2,230,58,False
within_session,no_ra,W2,oas_trace_eps1e-6,3.0,mean_std_projection_moments,7,1,1,B5,0.7241379310344828,0.7357456140350878,0.0442271069623529,0.0004866239614784,8.39006830135296e-06,2,230,58,False
within_session,no_ra,W2,oas_trace_eps1e-6,3.0,mean_std_projection_moments,7,2,2,B5,0.896551724137931,0.8910818713450293,0.0432682959362864,0.0004994119517505,8.610550892250292e-06,2,230,58,False
within_session,no_ra,W2,oas_trace_eps1e-6,4.0,mean_std_projection_moments,7,1,1,B5,0.6724137931034483,0.6677631578947368,0.0454344081226736,0.0005585590843111,9.63032903984703e-06,2,230,58,False
within_session,no_ra,W2,oas_trace_eps1e-6,4.0,mean_std_projection_moments,7,2,2,B5,0.7586206896551724,0.7620614035087719,0.0436071939766407,0.0005297360476106,9.13338013121794e-06,2,230,58,False
within_session,no_ra,W2,oas_trace_eps1e-6,0.0,pooled_class_measure,7,1,1,P1,0.6206896551724138,0.6169590643274854,0.001211985014379,0.0203119521029293,0.0003502060707401,2,212,58,False
within_session,no_ra,W2,oas_trace_eps1e-6,0.0,pooled_class_measure,7,2,2,P1,0.6206896551724138,0.6600877192982456,0.0014857111964374,0.0189017178490757,0.000325891687053,2,212,58,False
within_session,no_ra,W2,oas_trace_eps1e-6,1.0,pooled_class_measure,7,1,1,P1,0.6896551724137931,0.6703216374269005,0.0012443480081856,0.0183317649643868,0.000316064913179,2,212,58,False
within_session,no_ra,W2,oas_trace_eps1e-6,1.0,pooled_class_measure,7,2,2,P1,0.6551724137931034,0.6732456140350878,0.0012027148623019,0.0195424070116132,0.0003369380519243,2,212,58,False
within_session,no_ra,W2,oas_trace_eps1e-6,2.0,pooled_class_measure,7,1,1,P1,0.603448275862069,0.5668859649122807,0.0011573701631277,0.0155832171440124,0.0002686761576553,2,212,58,False
within_session,no_ra,W2,oas_trace_eps1e-6,2.0,pooled_class_measure,7,2,2,P1,0.603448275862069,0.6023391812865497,0.0014916849322617,0.0201087859459221,0.0003467032059641,2,212,58,False
within_session,no_ra,W2,oas_trace_eps1e-6,3.0,pooled_class_measure,7,1,1,P1,0.5862068965517241,0.5529970760233918,0.0012236889451742,0.0173924639821052,0.0002998700686569,2,212,58,False
within_session,no_ra,W2,oas_trace_eps1e-6,3.0,pooled_class_measure,7,2,2,P1,0.7241379310344828,0.7404970760233918,0.0011873068287968,0.0161492410115897,0.0002784351898549,2,212,58,False
within_session,no_ra,W2,oas_trace_eps1e-6,4.0,pooled_class_measure,7,1,1,P1,0.5344827586206896,0.4912280701754385,0.0011862688697874,0.0197021111380308,0.0003396915713453,2,212,58,False
within_session,no_ra,W2,oas_trace_eps1e-6,4.0,pooled_class_measure,7,2,2,P1,0.6551724137931034,0.6801900584795322,0.0012208509724587,0.0197884170338511,0.0003411796040319,2,212,58,False
within_session,no_ra,W2,oas_trace_eps1e-6,0.0,exact_sorted_order_statistics,7,1,1,P2,0.5862068965517241,0.5928362573099415,0.246084026992321,0.0007969581056386,1.3740656993769366e-05,2,230,58,False
within_session,no_ra,W2,oas_trace_eps1e-6,0.0,exact_sorted_order_statistics,7,2,2,P2,0.8103448275862069,0.8168859649122806,0.2437206010799855,0.0007561198435723,1.3036549027109967e-05,2,230,58,False
within_session,no_ra,W2,oas_trace_eps1e-6,1.0,exact_sorted_order_statistics,7,1,1,P2,0.7758620689655172,0.7898391812865497,0.2342245858162641,0.0006742319092154,1.1624688089921556e-05,2,230,58,False
within_session,no_ra,W2,oas_trace_eps1e-6,1.0,exact_sorted_order_statistics,7,2,2,P2,0.8793103448275862,0.8771929824561404,0.2306770358700305,0.0007563030812889,1.3039708298085063e-05,2,230,58,False
within_session,no_ra,W2,oas_trace_eps1e-6,2.0,exact_sorted_order_statistics,7,1,1,P2,0.6206896551724138,0.6553362573099415,0.2244511090684682,0.0006292629987001,1.084936204655417e-05,2,230,58,False
within_session,no_ra,W2,oas_trace_eps1e-6,2.0,exact_sorted_order_statistics,7,2,2,P2,0.7586206896551724,0.7620614035087719,0.2374834471847862,0.000748478109017,1.2904794983051974e-05,2,230,58,False
within_session,no_ra,W2,oas_trace_eps1e-6,3.0,exact_sorted_order_statistics,7,1,1,P2,0.7241379310344828,0.7357456140350878,0.219495469937101,0.0006787851452827,1.1703192160047334e-05,2,230,58,False
within_session,no_ra,W2,oas_trace_eps1e-6,3.0,exact_sorted_order_statistics,7,2,2,P2,0.8793103448275862,0.8771929824561404,0.2261383880395442,0.000648011919111,1.1172619295017472e-05,2,230,58,False
within_session,no_ra,W2,oas_trace_eps1e-6,4.0,exact_sorted_order_statistics,7,1,1,P2,0.7241379310344828,0.7225877192982456,0.2250389968976378,0.0006628399714827,1.1428275370392306e-05,2,230,58,False
within_session,no_ra,W2,oas_trace_eps1e-6,4.0,exact_sorted_order_statistics,7,2,2,P2,0.8448275862068966,0.856359649122807,0.2184891439974308,0.0007160350214689,1.234543140463788e-05,2,230,58,False
within_session,no_ra,W2,oas_trace_eps1e-6,,ordered_nonoverlap,7,1,1,ordered_control,0.6724137931034483,0.7094298245614035,1.1684437189251184,0.0202801760751754,0.0003496582081926,2,230,58,False
within_session,no_ra,W2,oas_trace_eps1e-6,,ordered_nonoverlap,7,2,2,ordered_control,0.8103448275862069,0.8168859649122806,1.1333271351177243,0.0275357458740472,0.0004747542392077,2,230,58,False
within_session,no_ra,W1,oas_trace_eps1e-6,,trial_tangent,7,1,1,B1,0.7719298245614035,0.7785037878787879,0.1857752909418195,0.0058727101422846,0.0001030300024962,3,231,57,False
within_session,no_ra,W1,oas_trace_eps1e-6,,trial_tangent,7,2,2,B1,0.8596491228070176,0.8505681818181818,0.1803396900650113,0.0057900841347873,0.0001015804234173,3,231,57,False
within_session,no_ra,W1,oas_trace_eps1e-6,,airm_nearest_class_mean,7,1,1,B2,0.7368421052631579,0.7462121212121212,0.1462014720309525,0.0280011610593646,0.0004912484396379,3,231,57,False
within_session,no_ra,W1,oas_trace_eps1e-6,,airm_nearest_class_mean,7,2,2,B2,0.7192982456140351,0.694034090909091,0.1297562278341502,0.0204164299648255,0.000358182981839,3,231,57,False
within_session,no_ra,W1,oas_trace_eps1e-6,,mean_decision_score,7,1,1,B3,0.7719298245614035,0.7774621212121212,1.290227001067251,0.0474674720317125,0.000832762667223,3,231,57,False
within_session,no_ra,W1,oas_trace_eps1e-6,,mean_decision_score,7,2,2,B3,0.8771929824561403,0.8672348484848484,1.250881134998053,0.0497261709533631,0.000872388964094,3,231,57,False
within_session,no_ra,W1,oas_trace_eps1e-6,,majority_vote_secondary,7,1,1,B3_majority,0.7368421052631579,0.7391098484848486,0.0,0.0,0.0,3,231,57,False
within_session,no_ra,W1,oas_trace_eps1e-6,,majority_vote_secondary,7,2,2,B3_majority,0.8421052631578947,0.8349431818181818,0.0,0.0,0.0,3,231,57,False
within_session,no_ra,W1,oas_trace_eps1e-6,,mean_window_log_svec,7,1,1,B4,0.7543859649122807,0.7597537878787879,0.0237401698250323,0.000517742941156,9.083209493965431e-06,3,231,57,False
within_session,no_ra,W1,oas_trace_eps1e-6,,mean_window_log_svec,7,2,2,B4,0.8771929824561403,0.8732954545454545,0.0259622009471058,0.0005069649778306,8.894122418081551e-06,3,231,57,False
within_session,no_ra,W1,oas_trace_eps1e-6,0.0,mean_std_projection_moments,7,1,1,B5,0.6842105263157895,0.6891098484848486,0.0481837899424135,0.0005936410743743,1.041475569077751e-05,3,231,57,False
within_session,no_ra,W1,oas_trace_eps1e-6,0.0,mean_std_projection_moments,7,2,2,B5,0.7719298245614035,0.7672348484848486,0.0458493551705032,0.0005397999193519,9.470174023718164e-06,3,231,57,False
within_session,no_ra,W1,oas_trace_eps1e-6,1.0,mean_std_projection_moments,7,1,1,B5,0.6666666666666666,0.6734848484848486,0.0428339419886469,0.0004910449497401,8.61482367965213e-06,3,231,57,False
within_session,no_ra,W1,oas_trace_eps1e-6,1.0,mean_std_projection_moments,7,2,2,B5,0.7894736842105263,0.7839015151515152,0.043203251902014,0.0004950140137225,8.684456381097175e-06,3,231,57,False
within_session,no_ra,W1,oas_trace_eps1e-6,2.0,mean_std_projection_moments,7,1,1,B5,0.7368421052631579,0.7380681818181818,0.0464761420153081,0.0005381710361689,9.441597125770752e-06,3,231,57,False
within_session,no_ra,W1,oas_trace_eps1e-6,2.0,mean_std_projection_moments,7,2,2,B5,0.8070175438596491,0.8005681818181818,0.0440578400157392,0.0004951120354235,8.686176060061706e-06,3,231,57,False
within_session,no_ra,W1,oas_trace_eps1e-6,3.0,mean_std_projection_moments,7,1,1,B5,0.6491228070175439,0.6476325757575757,0.0452251569367945,0.0005758148618042,1.0102015119372752e-05,3,231,57,False
within_session,no_ra,W1,oas_trace_eps1e-6,3.0,mean_std_projection_moments,7,2,2,B5,0.8245614035087719,0.8111742424242424,0.0437408671714365,0.0004904970992356,8.605212267292173e-06,3,231,57,False
within_session,no_ra,W1,oas_trace_eps1e-6,4.0,mean_std_projection_moments,7,1,1,B5,0.6842105263157895,0.6951704545454546,0.0514879131224006,0.0006147800013422,1.0785614058636785e-05,3,231,57,False
within_session,no_ra,W1,oas_trace_eps1e-6,4.0,mean_std_projection_moments,7,2,2,B5,0.8070175438596491,0.8026515151515152,0.0511930710636079,0.0005649540107697,9.911473873153068e-06,3,231,57,False
within_session,no_ra,W1,oas_trace_eps1e-6,0.0,pooled_class_measure,7,1,1,P1,0.7192982456140351,0.7193181818181817,0.0025441120378673,0.0359013900160789,0.0006298489476505,3,224,57,False
within_session,no_ra,W1,oas_trace_eps1e-6,0.0,pooled_class_measure,7,2,2,P1,0.6842105263157895,0.6596590909090909,0.0021287708077579,0.0326964990235865,0.0005736227898874,3,224,57,False
within_session,no_ra,W1,oas_trace_eps1e-6,1.0,pooled_class_measure,7,1,1,P1,0.631578947368421,0.624905303030303,0.0021142319310456,0.0301939470227807,0.0005297183688207,3,224,57,False
within_session,no_ra,W1,oas_trace_eps1e-6,1.0,pooled_class_measure,7,2,2,P1,0.5789473684210527,0.5617424242424243,0.0021062809973955,0.0304512218572199,0.0005342319624073,3,224,57,False
within_session,no_ra,W1,oas_trace_eps1e-6,2.0,pooled_class_measure,7,1,1,P1,0.6842105263157895,0.6839015151515151,0.0020987410098314,0.0314259701408445,0.0005513328094885,3,224,57,False
within_session,no_ra,W1,oas_trace_eps1e-6,2.0,pooled_class_measure,7,2,2,P1,0.5964912280701754,0.5773674242424243,0.0020877639763057,0.0306611859705299,0.0005379155433426,3,224,57,False
within_session,no_ra,W1,oas_trace_eps1e-6,3.0,pooled_class_measure,7,1,1,P1,0.6491228070175439,0.6476325757575757,0.0025245121214538,0.0393621351104229,0.000690563773867,3,224,57,False
within_session,no_ra,W1,oas_trace_eps1e-6,3.0,pooled_class_measure,7,2,2,P1,0.6666666666666666,0.6450757575757576,0.0021428191103041,0.0320966320578008,0.0005630988080315,3,224,57,False
within_session,no_ra,W1,oas_trace_eps1e-6,4.0,pooled_class_measure,7,1,1,P1,0.6491228070175439,0.6547348484848485,0.0020947470329701,0.0338727061171084,0.0005942580020545,3,224,57,False
within_session,no_ra,W1,oas_trace_eps1e-6,4.0,pooled_class_measure,7,2,2,P1,0.6491228070175439,0.6294507575757576,0.0026910360902547,0.0357712849508971,0.0006275664026473,3,224,57,False
within_session,no_ra,W1,oas_trace_eps1e-6,0.0,exact_sorted_order_statistics,7,1,1,P2,0.6842105263157895,0.6891098484848486,1.2288531039375812,0.0009725671261548,1.7062581160612273e-05,3,231,57,False
within_session,no_ra,W1,oas_trace_eps1e-6,0.0,exact_sorted_order_statistics,7,2,2,P2,0.8421052631578947,0.8389204545454546,1.163317388156429,0.0009164821822196,1.6078634775782886e-05,3,231,57,False
within_session,no_ra,W1,oas_trace_eps1e-6,1.0,exact_sorted_order_statistics,7,1,1,P2,0.7368421052631579,0.7512310606060606,1.0886378600262103,0.0008731030393391,1.5317597181389208e-05,3,231,57,False
within_session,no_ra,W1,oas_trace_eps1e-6,1.0,exact_sorted_order_statistics,7,2,2,P2,0.8245614035087719,0.8222537878787879,1.1424027238972485,0.0008787959814071,1.541747335802045e-05,3,231,57,False
within_session,no_ra,W1,oas_trace_eps1e-6,2.0,exact_sorted_order_statistics,7,1,1,P2,0.7543859649122807,0.7587121212121213,1.0878026399295777,0.0009192780125886,1.6127684431379302e-05,3,231,57,False
within_session,no_ra,W1,oas_trace_eps1e-6,2.0,exact_sorted_order_statistics,7,2,2,P2,0.7719298245614035,0.7732954545454546,0.9991547800600528,0.0008703630883246,1.5269527865345018e-05,3,231,57,False
within_session,no_ra,W1,oas_trace_eps1e-6,3.0,exact_sorted_order_statistics,7,1,1,P2,0.7017543859649122,0.7047348484848486,1.2421504778321832,0.0009679379872977,1.698136819820655e-05,3,231,57,False
within_session,no_ra,W1,oas_trace_eps1e-6,3.0,exact_sorted_order_statistics,7,2,2,P2,0.8245614035087719,0.8090909090909091,1.0598236569203436,0.0008819859940558,1.5473438492208197e-05,3,231,57,False
within_session,no_ra,W1,oas_trace_eps1e-6,4.0,exact_sorted_order_statistics,7,1,1,P2,0.7192982456140351,0.7335227272727273,1.0852642678655684,0.0010027480311691,1.7592070722266246e-05,3,231,57,False
within_session,no_ra,W1,oas_trace_eps1e-6,4.0,exact_sorted_order_statistics,7,2,2,P2,0.8070175438596491,0.8087121212121212,1.1469124648720026,0.0010172871407121,1.7847142819511263e-05,3,231,57,False
within_session,no_ra,W2,oas_trace_eps1e-6,,trial_tangent,7,1,1,B1,0.7719298245614035,0.7785037878787879,0.1666887151077389,0.0060481291729956,0.0001061075293508,3,231,57,False
within_session,no_ra,W2,oas_trace_eps1e-6,,trial_tangent,7,2,2,B1,0.8596491228070176,0.8505681818181818,0.196614712011069,0.0076031980570405,0.0001333894395972,3,231,57,False
within_session,no_ra,W2,oas_trace_eps1e-6,,airm_nearest_class_mean,7,1,1,B2,0.7368421052631579,0.7462121212121212,0.1486059669405222,0.0214829710312187,0.0003768942286178,3,231,57,False
within_session,no_ra,W2,oas_trace_eps1e-6,,airm_nearest_class_mean,7,2,2,B2,0.7192982456140351,0.694034090909091,0.1878555950243026,0.0201062320265918,0.0003527409127472,3,231,57,False
within_session,no_ra,W2,oas_trace_eps1e-6,,mean_decision_score,7,1,1,B3,0.7543859649122807,0.7618371212121212,0.7095788568258286,0.020639922004193,0.0003621038948104,3,231,57,False
within_session,no_ra,W2,oas_trace_eps1e-6,,mean_decision_score,7,2,2,B3,0.8421052631578947,0.8349431818181818,0.7194479508325458,0.0262412119191139,0.0004603721389318,3,231,57,False
within_session,no_ra,W2,oas_trace_eps1e-6,,majority_vote_secondary,7,1,1,B3_majority,0.7719298245614035,0.7774621212121213,0.0,0.0,0.0,3,231,57,False
within_session,no_ra,W2,oas_trace_eps1e-6,,majority_vote_secondary,7,2,2,B3_majority,0.7894736842105263,0.780965909090909,0.0,0.0,0.0,3,231,57,False
within_session,no_ra,W2,oas_trace_eps1e-6,,mean_window_log_svec,7,1,1,B4,0.7017543859649122,0.718939393939394,0.020709146047011,0.0004064750391989,7.131141038578853e-06,3,231,57,False
within_session,no_ra,W2,oas_trace_eps1e-6,,mean_window_log_svec,7,2,2,B4,0.8245614035087719,0.8243371212121213,0.0244873280171304,0.0004867268726229,8.539067940753803e-06,3,231,57,False
within_session,no_ra,W2,oas_trace_eps1e-6,0.0,mean_std_projection_moments,7,1,1,B5,0.7017543859649122,0.7139204545454546,0.0428048609755933,0.0004965520929545,8.711440227272218e-06,3,231,57,False
within_session,no_ra,W2,oas_trace_eps1e-6,0.0,mean_std_projection_moments,7,2,2,B5,0.8245614035087719,0.8232954545454546,0.0461338500026613,0.0005110569763928,8.965911866541495e-06,3,231,57,False
within_session,no_ra,W2,oas_trace_eps1e-6,1.0,mean_std_projection_moments,7,1,1,B5,0.6666666666666666,0.6724431818181817,0.0434283090289682,0.0005342608783394,9.37299786560368e-06,3,231,57,False
within_session,no_ra,W2,oas_trace_eps1e-6,1.0,mean_std_projection_moments,7,2,2,B5,0.7368421052631579,0.7288825757575758,0.043188831070438,0.0005678138695657,9.96164683448641e-06,3,231,57,False
within_session,no_ra,W2,oas_trace_eps1e-6,2.0,mean_std_projection_moments,7,1,1,B5,0.7017543859649122,0.7128787878787879,0.0527502440381795,0.000664273975417,1.1653929393281016e-05,3,231,57,False
within_session,no_ra,W2,oas_trace_eps1e-6,2.0,mean_std_projection_moments,7,2,2,B5,0.7719298245614035,0.7682765151515152,0.0456751070450991,0.000536381965503,9.410209921106956e-06,3,231,57,False
within_session,no_ra,W2,oas_trace_eps1e-6,3.0,mean_std_projection_moments,7,1,1,B5,0.6842105263157895,0.6951704545454546,0.0489304889924824,0.0005588049534708,9.803595674926774e-06,3,231,57,False
within_session,no_ra,W2,oas_trace_eps1e-6,3.0,mean_std_projection_moments,7,2,2,B5,0.7894736842105263,0.7870265151515152,0.0460223241243511,0.0005279008764773,9.261418885567732e-06,3,231,57,False
within_session,no_ra,W2,oas_trace_eps1e-6,4.0,mean_std_projection_moments,7,1,1,B5,0.7543859649122807,0.7668560606060606,0.0424796380102634,0.0005100620910525,8.948457737763723e-06,3,231,57,False
within_session,no_ra,W2,oas_trace_eps1e-6,4.0,mean_std_projection_moments,7,2,2,B5,0.7719298245614035,0.7703598484848484,0.050507792038843,0.0005163589958101,9.058929751055285e-06,3,231,57,False
within_session,no_ra,W2,oas_trace_eps1e-6,0.0,pooled_class_measure,7,1,1,P1,0.7017543859649122,0.6955492424242424,0.0011412091553211,0.0169244529679417,0.0002969202275077,3,224,57,False
within_session,no_ra,W2,oas_trace_eps1e-6,0.0,pooled_class_measure,7,2,2,P1,0.7017543859649122,0.6763257575757576,0.0011448701843619,0.0177518189884722,0.0003114354208503,3,224,57,False
within_session,no_ra,W2,oas_trace_eps1e-6,1.0,pooled_class_measure,7,1,1,P1,0.5964912280701754,0.593655303030303,0.0011771151330322,0.0212662699632346,0.0003730924554953,3,224,57,False
within_session,no_ra,W2,oas_trace_eps1e-6,1.0,pooled_class_measure,7,2,2,P1,0.5964912280701754,0.5773674242424243,0.0011819361243396,0.0176019628997892,0.0003088063666629,3,224,57,False
within_session,no_ra,W2,oas_trace_eps1e-6,2.0,pooled_class_measure,7,1,1,P1,0.7017543859649122,0.7076704545454546,0.0013637552037835,0.021874425932765,0.0003837618584695,3,224,57,False
within_session,no_ra,W2,oas_trace_eps1e-6,2.0,pooled_class_measure,7,2,2,P1,0.5964912280701754,0.5763257575757575,0.0011441528331488,0.0182600358966738,0.0003203515069591,3,224,57,False
within_session,no_ra,W2,oas_trace_eps1e-6,3.0,pooled_class_measure,7,1,1,P1,0.6140350877192983,0.6082386363636363,0.0013991750311106,0.0180501248687505,0.0003166688573465,3,224,57,False
within_session,no_ra,W2,oas_trace_eps1e-6,3.0,pooled_class_measure,7,2,2,P1,0.6666666666666666,0.6500946969696969,0.0012110341340303,0.0193130411207675,0.0003388252828204,3,224,57,False
within_session,no_ra,W2,oas_trace_eps1e-6,4.0,pooled_class_measure,7,1,1,P1,0.6666666666666666,0.6703598484848485,0.0011630128137767,0.021114557981491,0.0003704308417805,3,224,57,False
within_session,no_ra,W2,oas_trace_eps1e-6,4.0,pooled_class_measure,7,2,2,P1,0.5964912280701754,0.5804924242424242,0.0013956550974398,0.0188626169692724,0.000330923104724,3,224,57,False
within_session,no_ra,W2,oas_trace_eps1e-6,0.0,exact_sorted_order_statistics,7,1,1,P2,0.7017543859649122,0.7128787878787879,0.222749515902251,0.0006978891324251,1.2243668989915596e-05,3,231,57,False
within_session,no_ra,W2,oas_trace_eps1e-6,0.0,exact_sorted_order_statistics,7,2,2,P2,0.8421052631578947,0.8399621212121213,0.2395471178460866,0.0006744221318513,1.1831967225461676e-05,3,231,57,False
within_session,no_ra,W2,oas_trace_eps1e-6,1.0,exact_sorted_order_statistics,7,1,1,P2,0.6842105263157895,0.6951704545454546,0.2342303141485899,0.0007123590912669,1.2497527916964732e-05,3,231,57,False
within_session,no_ra,W2,oas_trace_eps1e-6,1.0,exact_sorted_order_statistics,7,2,2,P2,0.7543859649122807,0.7505681818181817,0.2345420869532972,0.000723271863535,1.2688980062018362e-05,3,231,57,False
within_session,no_ra,W2,oas_trace_eps1e-6,2.0,exact_sorted_order_statistics,7,1,1,P2,0.6842105263157895,0.6941287878787878,0.2412316889967769,0.0007497349288314,1.3153244365464178e-05,3,231,57,False
within_session,no_ra,W2,oas_trace_eps1e-6,2.0,exact_sorted_order_statistics,7,2,2,P2,0.7543859649122807,0.7516098484848486,0.2435468428302556,0.000687554012984,1.2062351104983113e-05,3,231,57,False
within_session,no_ra,W2,oas_trace_eps1e-6,3.0,exact_sorted_order_statistics,7,1,1,P2,0.7017543859649122,0.7057765151515152,0.2311890800483524,0.0006905060727149,1.2114141626577629e-05,3,231,57,False
within_session,no_ra,W2,oas_trace_eps1e-6,3.0,exact_sorted_order_statistics,7,2,2,P2,0.7719298245614035,0.7753787878787879,0.233997865114361,0.000678843120113,1.1909528423035354e-05,3,231,57,False
within_session,no_ra,W2,oas_trace_eps1e-6,4.0,exact_sorted_order_statistics,7,1,1,P2,0.7543859649122807,0.7678977272727273,0.2256437190808355,0.000726104946807,1.273868327731626e-05,3,231,57,False
within_session,no_ra,W2,oas_trace_eps1e-6,4.0,exact_sorted_order_statistics,7,2,2,P2,0.7368421052631579,0.7370265151515152,0.2727234880439937,0.0007188748568296,1.2611839593502512e-05,3,231,57,False
within_session,no_ra,W2,oas_trace_eps1e-6,,ordered_nonoverlap,7,1,1,ordered_control,0.7368421052631579,0.7380681818181818,1.059681700076908,0.0258078628685325,0.0004527695240093,3,231,57,False
within_session,no_ra,W2,oas_trace_eps1e-6,,ordered_nonoverlap,7,2,2,ordered_control,0.7894736842105263,0.7930871212121213,1.1123255949933082,0.0191418130416423,0.0003358212814323,3,231,57,False
within_session,no_ra,W1,oas_trace_eps1e-6,,trial_tangent,7,1,1,B1,0.8421052631578947,0.840093729799612,0.1729486139956861,0.0060124080628156,0.0001054808432072,4,231,57,False
within_session,no_ra,W1,oas_trace_eps1e-6,,trial_tangent,7,2,2,B1,0.8771929824561403,0.8758080155138979,0.2081287379842251,0.0081882050726562,0.0001436527205729,4,231,57,False
within_session,no_ra,W1,oas_trace_eps1e-6,,airm_nearest_class_mean,7,1,1,B2,0.8947368421052632,0.8873626373626373,0.154878405155614,0.0205306420102715,0.0003601867019345,4,231,57,False
within_session,no_ra,W1,oas_trace_eps1e-6,,airm_nearest_class_mean,7,2,2,B2,0.8070175438596491,0.803409825468649,0.1674406910315156,0.0213869479484856,0.0003752096131313,4,231,57,False
within_session,no_ra,W1,oas_trace_eps1e-6,,mean_decision_score,7,1,1,B3,0.8421052631578947,0.8387201034259858,1.1477508491370827,0.0334732779301703,0.0005872504900029,4,231,57,False
within_session,no_ra,W1,oas_trace_eps1e-6,,mean_decision_score,7,2,2,B3,0.9649122807017544,0.962912087912088,1.2542873229831455,0.0507077041547745,0.0008896088448206,4,231,57,False
within_session,no_ra,W1,oas_trace_eps1e-6,,majority_vote_secondary,7,1,1,B3_majority,0.7719298245614035,0.7676955397543632,0.0,0.0,0.0,4,231,57,False
within_session,no_ra,W1,oas_trace_eps1e-6,,majority_vote_secondary,7,2,2,B3_majority,0.8596491228070176,0.8502747252747253,0.0,0.0,0.0,4,231,57,False
within_session,no_ra,W1,oas_trace_eps1e-6,,mean_window_log_svec,7,1,1,B4,0.7894736842105263,0.792824822236587,0.0206636551301926,0.0003848460037261,6.751684275896926e-06,4,231,57,False
within_session,no_ra,W1,oas_trace_eps1e-6,,mean_window_log_svec,7,2,2,B4,0.8947368421052632,0.885989010989011,0.0317120088730007,0.0006426149047911,1.1273945698089766e-05,4,231,57,False
within_session,no_ra,W1,oas_trace_eps1e-6,0.0,mean_std_projection_moments,7,1,1,B5,0.7719298245614035,0.7735940530058178,0.0424731450621038,0.0004666610620915,8.18703617704542e-06,4,231,57,False
within_session,no_ra,W1,oas_trace_eps1e-6,0.0,mean_std_projection_moments,7,2,2,B5,0.7894736842105263,0.7869263089851325,0.0595790080260485,0.0005924690049141,1.0394193068669553e-05,4,231,57,False
within_session,no_ra,W1,oas_trace_eps1e-6,1.0,mean_std_projection_moments,7,1,1,B5,0.8245614035087719,0.8240142210730446,0.042713691946119,0.0004862300120294,8.530351088235253e-06,4,231,57,False
within_session,no_ra,W1,oas_trace_eps1e-6,1.0,mean_std_projection_moments,7,2,2,B5,0.8245614035087719,0.8212669683257918,0.0450396710075438,0.0004986079875379,8.747508553297897e-06,4,231,57,False
within_session,no_ra,W1,oas_trace_eps1e-6,2.0,mean_std_projection_moments,7,1,1,B5,0.7894736842105263,0.7932288299935359,0.0485517929773777,0.0005572820082306,9.77687733738046e-06,4,231,57,False
within_session,no_ra,W1,oas_trace_eps1e-6,2.0,mean_std_projection_moments,7,2,2,B5,0.8070175438596491,0.8093083387201034,0.0530357831157743,0.0006094870623201,1.0692755479300233e-05,4,231,57,False
within_session,no_ra,W1,oas_trace_eps1e-6,3.0,mean_std_projection_moments,7,1,1,B5,0.7719298245614035,0.7767453135100194,0.0441294191405177,0.000539620174095,9.467020598158502e-06,4,231,57,False
within_session,no_ra,W1,oas_trace_eps1e-6,3.0,mean_std_projection_moments,7,2,2,B5,0.8070175438596491,0.7998545572074984,0.0486317700706422,0.0005748330149799,1.00847897364905e-05,4,231,57,False
within_session,no_ra,W1,oas_trace_eps1e-6,4.0,mean_std_projection_moments,7,1,1,B5,0.7894736842105263,0.7806237879767293,0.0522731500677764,0.0005623570177704,9.865912592463329e-06,4,231,57,False
within_session,no_ra,W1,oas_trace_eps1e-6,4.0,mean_std_projection_moments,7,2,2,B5,0.8421052631578947,0.8373464770523594,0.049029482062906,0.0005785420071333,1.0149859774269556e-05,4,231,57,False
within_session,no_ra,W1,oas_trace_eps1e-6,0.0,pooled_class_measure,7,1,1,P1,0.8070175438596491,0.8197317388493859,0.0020189750939607,0.02899896283634,0.0005087537339708,4,220,57,False
within_session,no_ra,W1,oas_trace_eps1e-6,0.0,pooled_class_measure,7,2,2,P1,0.6140350877192983,0.6199903038138332,0.0020176640246063,0.031485625077039,0.0005523793873164,4,220,57,False
within_session,no_ra,W1,oas_trace_eps1e-6,1.0,pooled_class_measure,7,1,1,P1,0.8245614035087719,0.8194893341952165,0.0022037960588932,0.0388870921451598,0.0006822296867571,4,220,57,False
within_session,no_ra,W1,oas_trace_eps1e-6,1.0,pooled_class_measure,7,2,2,P1,0.7017543859649122,0.6966709760827408,0.0024932757951319,0.0402849898673594,0.0007067542081992,4,220,57,False
within_session,no_ra,W1,oas_trace_eps1e-6,2.0,pooled_class_measure,7,1,1,P1,0.6666666666666666,0.6763089851325146,0.0023872030433267,0.0373162410687655,0.0006546708959432,4,220,57,False
within_session,no_ra,W1,oas_trace_eps1e-6,2.0,pooled_class_measure,7,2,2,P1,0.6140350877192983,0.622737556561086,0.0020236889831721,0.0327106311451643,0.0005738707218449,4,220,57,False
within_session,no_ra,W1,oas_trace_eps1e-6,3.0,pooled_class_measure,7,1,1,P1,0.7017543859649122,0.7238202973497091,0.0023198330309242,0.0357423049863427,0.0006270579822165,4,220,57,False
within_session,no_ra,W1,oas_trace_eps1e-6,3.0,pooled_class_measure,7,2,2,P1,0.6491228070175439,0.6584518422753717,0.0024260389618575,0.0413425751030445,0.0007253083351411,4,220,57,False
within_session,no_ra,W1,oas_trace_eps1e-6,4.0,pooled_class_measure,7,1,1,P1,0.6666666666666666,0.6731577246283129,0.0023996969684958,0.0393727170303463,0.000690749421585,4,220,57,False
within_session,no_ra,W1,oas_trace_eps1e-6,4.0,pooled_class_measure,7,2,2,P1,0.7192982456140351,0.7249515190691661,0.0021261170040816,0.0353836619760841,0.0006207659995804,4,220,57,False
within_session,no_ra,W1,oas_trace_eps1e-6,0.0,exact_sorted_order_statistics,7,1,1,P2,0.8421052631578947,0.8459922430510667,0.977967414073646,0.0008686159271746,1.5238875915345393e-05,4,231,57,False
within_session,no_ra,W1,oas_trace_eps1e-6,0.0,exact_sorted_order_statistics,7,2,2,P2,0.8947368421052632,0.8891402714932127,1.0208661339711398,0.0009106609504669,1.597650790292966e-05,4,231,57,False
within_session,no_ra,W1,oas_trace_eps1e-6,1.0,exact_sorted_order_statistics,7,1,1,P2,0.8421052631578947,0.8509211376858435,1.0735903980676085,0.0009203478693962,1.614645384905631e-05,4,231,57,False
within_session,no_ra,W1,oas_trace_eps1e-6,1.0,exact_sorted_order_statistics,7,2,2,P2,0.8245614035087719,0.8149644473173885,0.9999422798864545,0.0011067630257457,1.941689518852192e-05,4,231,57,False
within_session,no_ra,W1,oas_trace_eps1e-6,2.0,exact_sorted_order_statistics,7,1,1,P2,0.7543859649122807,0.7575145442792501,0.974051709054038,0.00100864819251,1.7695582324736997e-05,4,231,57,False
within_session,no_ra,W1,oas_trace_eps1e-6,2.0,exact_sorted_order_statistics,7,2,2,P2,0.8070175438596491,0.8047834518422753,1.1137391210068015,0.0009326229337602,1.63618058554436e-05,4,231,57,False
within_session,no_ra,W1,oas_trace_eps1e-6,3.0,exact_sorted_order_statistics,7,1,1,P2,0.7719298245614035,0.7749676793794441,0.9814768959768116,0.0009645922109484,1.692267036751697e-05,4,231,57,False
within_session,no_ra,W1,oas_trace_eps1e-6,3.0,exact_sorted_order_statistics,7,2,2,P2,0.8771929824561403,0.8695054945054945,1.1017833689693362,0.0010736680123955,1.883628091921932e-05,4,231,57,False
within_session,no_ra,W1,oas_trace_eps1e-6,4.0,exact_sorted_order_statistics,7,1,1,P2,0.8070175438596491,0.8089043309631546,1.1111047700978816,0.001030424144119,1.807761656349165e-05,4,231,57,False
within_session,no_ra,W1,oas_trace_eps1e-6,4.0,exact_sorted_order_statistics,7,2,2,P2,0.8596491228070176,0.8565772462831287,1.1339537450112402,0.0009943170007318,1.744415790757589e-05,4,231,57,False
within_session,no_ra,W2,oas_trace_eps1e-6,,trial_tangent,7,1,1,B1,0.8421052631578947,0.840093729799612,0.175497799180448,0.0056663521099835,9.940968614006252e-05,4,231,57,False
within_session,no_ra,W2,oas_trace_eps1e-6,,trial_tangent,7,2,2,B1,0.8771929824561403,0.8758080155138979,0.1838444850873202,0.0064075998961925,0.0001124140332665,4,231,57,False
within_session,no_ra,W2,oas_trace_eps1e-6,,airm_nearest_class_mean,7,1,1,B2,0.8947368421052632,0.8873626373626373,0.1442378570791334,0.0208430991042405,0.0003656684053375,4,231,57,False
within_session,no_ra,W2,oas_trace_eps1e-6,,airm_nearest_class_mean,7,2,2,B2,0.8070175438596491,0.803409825468649,0.1725069030653685,0.0210915030911564,0.0003700263700202,4,231,57,False
within_session,no_ra,W2,oas_trace_eps1e-6,,mean_decision_score,7,1,1,B3,0.8245614035087719,0.8240142210730446,0.7008602719288319,0.0204922589473426,0.0003595133148656,4,231,57,False
within_session,no_ra,W2,oas_trace_eps1e-6,,mean_decision_score,7,2,2,B3,0.8771929824561403,0.8771816418875242,0.6999905731063336,0.0208960638847202,0.0003665976120126,4,231,57,False
within_session,no_ra,W2,oas_trace_eps1e-6,,majority_vote_secondary,7,1,1,B3_majority,0.7894736842105263,0.77650290885585,0.0,0.0,0.0,4,231,57,False
within_session,no_ra,W2,oas_trace_eps1e-6,,majority_vote_secondary,7,2,2,B3_majority,0.7543859649122807,0.7484647705235941,0.0,0.0,0.0,4,231,57,False
within_session,no_ra,W2,oas_trace_eps1e-6,,mean_window_log_svec,7,1,1,B4,0.7719298245614035,0.7781189398836459,0.0210215770639479,0.0003993869759142,7.006789051127016e-06,4,231,57,False
within_session,no_ra,W2,oas_trace_eps1e-6,,mean_window_log_svec,7,2,2,B4,0.8596491228070176,0.8520523594053007,0.0213206601329147,0.0004461100324988,7.826491798225202e-06,4,231,57,False
within_session,no_ra,W2,oas_trace_eps1e-6,0.0,mean_std_projection_moments,7,1,1,B5,0.7543859649122807,0.7588881706528765,0.0492304789368063,0.0005474828649312,9.604962542653084e-06,4,231,57,False
within_session,no_ra,W2,oas_trace_eps1e-6,0.0,mean_std_projection_moments,7,2,2,B5,0.7368421052631579,0.7306076276664513,0.042204146971926,0.0004913471639156,8.620125682730423e-06,4,231,57,False
within_session,no_ra,W2,oas_trace_eps1e-6,1.0,mean_std_projection_moments,7,1,1,B5,0.8421052631578947,0.8432449903038137,0.0462846439331769,0.0005121671129018,8.985387945645734e-06,4,231,57,False
within_session,no_ra,W2,oas_trace_eps1e-6,1.0,mean_std_projection_moments,7,2,2,B5,0.7719298245614035,0.7722204266321913,0.042726885061711,0.0004905338864773,8.60585765749739e-06,4,231,57,False
within_session,no_ra,W2,oas_trace_eps1e-6,2.0,mean_std_projection_moments,7,1,1,B5,0.7894736842105263,0.7959760827407887,0.0539659040514379,0.0006582979112863,1.1549086162918493e-05,4,231,57,False
within_session,no_ra,W2,oas_trace_eps1e-6,2.0,mean_std_projection_moments,7,2,2,B5,0.8070175438596491,0.8093083387201034,0.0425401248503476,0.0004826090298593,8.466825085250954e-06,4,231,57,False
within_session,no_ra,W2,oas_trace_eps1e-6,3.0,mean_std_projection_moments,7,1,1,B5,0.7894736842105263,0.7946024563671623,0.0532776829786598,0.0006568930111825,1.1524438792676256e-05,4,231,57,False
within_session,no_ra,W2,oas_trace_eps1e-6,3.0,mean_std_projection_moments,7,2,2,B5,0.7719298245614035,0.7600193923723335,0.0421267489437013,0.0004886870738118,8.573457435296292e-06,4,231,57,False
within_session,no_ra,W2,oas_trace_eps1e-6,4.0,mean_std_projection_moments,7,1,1,B5,0.7894736842105263,0.7837750484809308,0.0472415219992399,0.0005028799641877,8.822455512065636e-06,4,231,57,False
within_session,no_ra,W2,oas_trace_eps1e-6,4.0,mean_std_projection_moments,7,2,2,B5,0.7719298245614035,0.7708468002585649,0.0461571090854704,0.0005067309830337,8.890017246206602e-06,4,231,57,False
within_session,no_ra,W2,oas_trace_eps1e-6,0.0,pooled_class_measure,7,1,1,P1,0.6842105263157895,0.6910148674854557,0.0013013570569455,0.019046186003834,0.0003341436141023,4,220,57,False
within_session,no_ra,W2,oas_trace_eps1e-6,0.0,pooled_class_measure,7,2,2,P1,0.5964912280701754,0.6052844214608921,0.0012882850132882,0.0182542549446225,0.0003202500867477,4,220,57,False
within_session,no_ra,W2,oas_trace_eps1e-6,1.0,pooled_class_measure,7,1,1,P1,0.7894736842105263,0.785552682611506,0.001338206930086,0.0204227690119296,0.0003582941931917,4,220,57,False
within_session,no_ra,W2,oas_trace_eps1e-6,1.0,pooled_class_measure,7,2,2,P1,0.7017543859649122,0.6998222365869424,0.0013166149146854,0.0165165921207517,0.0002897647740482,4,220,57,False
within_session,no_ra,W2,oas_trace_eps1e-6,2.0,pooled_class_measure,7,1,1,P1,0.6842105263157895,0.6910148674854557,0.0013936380855739,0.0220668939873576,0.0003871384910062,4,220,57,False
within_session,no_ra,W2,oas_trace_eps1e-6,2.0,pooled_class_measure,7,2,2,P1,0.6140350877192983,0.6213639301874596,0.001261580036953,0.0160056729800999,0.0002808012803526,4,220,57,False
within_session,no_ra,W2,oas_trace_eps1e-6,3.0,pooled_class_measure,7,1,1,P1,0.6666666666666666,0.6957821590174531,0.0013459618203341,0.0209705310408025,0.0003679040533474,4,220,57,False
within_session,no_ra,W2,oas_trace_eps1e-6,3.0,pooled_class_measure,7,2,2,P1,0.6140350877192983,0.6182126696832579,0.0015544700436294,0.0198048390448093,0.0003474533165756,4,220,57,False
within_session,no_ra,W2,oas_trace_eps1e-6,4.0,pooled_class_measure,7,1,1,P1,0.6491228070175439,0.6661279896574014,0.0016153359320014,0.0225188028998672,0.0003950667175415,4,220,57,False
within_session,no_ra,W2,oas_trace_eps1e-6,4.0,pooled_class_measure,7,2,2,P1,0.7192982456140351,0.7249515190691661,0.0016454020515084,0.0240349189843982,0.0004216652453403,4,220,57,False
within_session,no_ra,W2,oas_trace_eps1e-6,0.0,exact_sorted_order_statistics,7,1,1,P2,0.7894736842105263,0.797349709114415,0.2246432688552886,0.0006837989203631,1.199647228707347e-05,4,231,57,False
within_session,no_ra,W2,oas_trace_eps1e-6,0.0,exact_sorted_order_statistics,7,2,2,P2,0.7719298245614035,0.7690691661279897,0.2286690038163215,0.0006418828852474,1.1261103249955595e-05,4,231,57,False
within_session,no_ra,W2,oas_trace_eps1e-6,1.0,exact_sorted_order_statistics,7,1,1,P2,0.8421052631578947,0.8477698771816419,0.2300116589758545,0.0007674498483538,1.346403242726075e-05,4,231,57,False
within_session,no_ra,W2,oas_trace_eps1e-6,1.0,exact_sorted_order_statistics,7,2,2,P2,0.7719298245614035,0.7676955397543633,0.2212289730086922,0.0006986039225012,1.2256209166687831e-05,4,231,57,False
within_session,no_ra,W2,oas_trace_eps1e-6,2.0,exact_sorted_order_statistics,7,1,1,P2,0.7192982456140351,0.7281027795733678,0.2383155778516084,0.0007697769906371,1.3504859484862863e-05,4,231,57,False
within_session,no_ra,W2,oas_trace_eps1e-6,2.0,exact_sorted_order_statistics,7,2,2,P2,0.8070175438596491,0.8093083387201034,0.2224336618091911,0.0006792368367314,1.1916435732130418e-05,4,231,57,False
within_session,no_ra,W2,oas_trace_eps1e-6,3.0,exact_sorted_order_statistics,7,1,1,P2,0.7719298245614035,0.7722204266321914,0.2351097869686782,0.0006976479198783,1.2239437190848484e-05,4,231,57,False
within_session,no_ra,W2,oas_trace_eps1e-6,3.0,exact_sorted_order_statistics,7,2,2,P2,0.7719298245614035,0.7631706528765352,0.2316731330938637,0.0008065400179475,1.4149824876272887e-05,4,231,57,False
within_session,no_ra,W2,oas_trace_eps1e-6,4.0,exact_sorted_order_statistics,7,1,1,P2,0.8070175438596491,0.8061570782159018,0.2369667249731719,0.0007230169139802,1.2684507262811326e-05,4,231,57,False
within_session,no_ra,W2,oas_trace_eps1e-6,4.0,exact_sorted_order_statistics,7,2,2,P2,0.7894736842105263,0.7824014221073045,0.2403675550594926,0.0008221780881285,1.4424176984711698e-05,4,231,57,False
within_session,no_ra,W2,oas_trace_eps1e-6,,ordered_nonoverlap,7,1,1,ordered_control,0.7894736842105263,0.7959760827407887,1.1973875989206135,0.018854821100831,0.0003307863351022,4,231,57,False
within_session,no_ra,W2,oas_trace_eps1e-6,,ordered_nonoverlap,7,2,2,ordered_control,0.8421052631578947,0.8328215901745314,1.085080656921491,0.0260020829737186,0.0004561768942757,4,231,57,False
within_session,no_ra,W1,oas_trace_eps1e-6,,trial_tangent,8,1,1,B1,0.913793103448276,0.9225490196078432,0.2103661480359733,0.0062006509397178,0.0001069077748227,0,230,58,False
within_session,no_ra,W1,oas_trace_eps1e-6,,trial_tangent,8,2,2,B1,0.8448275862068966,0.853318250377074,0.2138791400939226,0.0070493998937308,0.0001215413774781,0,230,58,False
within_session,no_ra,W1,oas_trace_eps1e-6,,airm_nearest_class_mean,8,1,1,B2,0.8793103448275862,0.8840874811463046,0.170406396035105,0.0211503228638321,0.0003646607390315,0,230,58,False
within_session,no_ra,W1,oas_trace_eps1e-6,,airm_nearest_class_mean,8,2,2,B2,0.7758620689655172,0.7834841628959276,0.1718641279730945,0.0205971579998731,0.0003551234137909,0,230,58,False
within_session,no_ra,W1,oas_trace_eps1e-6,,mean_decision_score,8,1,1,B3,0.896551724137931,0.903318250377074,1.2980618909932673,0.0387431338895112,0.0006679850670605,0,230,58,False
within_session,no_ra,W1,oas_trace_eps1e-6,,mean_decision_score,8,2,2,B3,0.8620689655172413,0.867420814479638,1.2174547871109098,0.0351979630067944,0.0006068614311516,0,230,58,False
within_session,no_ra,W1,oas_trace_eps1e-6,,majority_vote_secondary,8,1,1,B3_majority,0.8620689655172413,0.8648567119155355,0.0,0.0,0.0,0,230,58,False
within_session,no_ra,W1,oas_trace_eps1e-6,,majority_vote_secondary,8,2,2,B3_majority,0.8448275862068966,0.8462292609351433,0.0,0.0,0.0,0,230,58,False
within_session,no_ra,W1,oas_trace_eps1e-6,,mean_window_log_svec,8,1,1,B4,0.896551724137931,0.903318250377074,0.0221669438760727,0.0004676778335124,8.063410922628024e-06,0,230,58,False
within_session,no_ra,W1,oas_trace_eps1e-6,,mean_window_log_svec,8,2,2,B4,0.8620689655172413,0.8699849170437406,0.0227851741947233,0.0004174739588052,7.197826875951783e-06,0,230,58,False
within_session,no_ra,W1,oas_trace_eps1e-6,0.0,mean_std_projection_moments,8,1,1,B5,0.8793103448275862,0.8795625942684766,0.0458942120894789,0.0005542649887502,9.55629290948654e-06,0,230,58,False
within_session,no_ra,W1,oas_trace_eps1e-6,0.0,mean_std_projection_moments,8,2,2,B5,0.8275862068965517,0.8289592760180995,0.0434014610946178,0.0005140700377523,8.86327651297224e-06,0,230,58,False
within_session,no_ra,W1,oas_trace_eps1e-6,1.0,mean_std_projection_moments,8,1,1,B5,0.8793103448275862,0.8795625942684766,0.0446942860726267,0.000556161860004,9.588997586277023e-06,0,230,58,False
within_session,no_ra,W1,oas_trace_eps1e-6,1.0,mean_std_projection_moments,8,2,2,B5,0.7758620689655172,0.7860482654600301,0.0460198500659316,0.000517867039889,8.9287420670534e-06,0,230,58,False
within_session,no_ra,W1,oas_trace_eps1e-6,2.0,mean_std_projection_moments,8,1,1,B5,0.8620689655172413,0.86289592760181,0.04598626983352,0.0005392988678067,9.298256341496418e-06,0,230,58,False
within_session,no_ra,W1,oas_trace_eps1e-6,2.0,mean_std_projection_moments,8,2,2,B5,0.8620689655172413,0.8648567119155355,0.0514410131145268,0.0006085471250116,1.049219181054625e-05,0,230,58,False
within_session,no_ra,W1,oas_trace_eps1e-6,3.0,mean_std_projection_moments,8,1,1,B5,0.8620689655172413,0.8648567119155355,0.0516978700179606,0.0006484240293502,1.1179724643970355e-05,0,230,58,False
within_session,no_ra,W1,oas_trace_eps1e-6,3.0,mean_std_projection_moments,8,2,2,B5,0.8448275862068966,0.848793363499246,0.0525795798748731,0.0005999959539622,1.03447578269346e-05,0,230,58,False
within_session,no_ra,W1,oas_trace_eps1e-6,4.0,mean_std_projection_moments,8,1,1,B5,0.913793103448276,0.9134992458521872,0.0555250539910048,0.0006363990250974,1.0972396984439471e-05,0,230,58,False
within_session,no_ra,W1,oas_trace_eps1e-6,4.0,mean_std_projection_moments,8,2,2,B5,0.9482758620689656,0.9513574660633484,0.050042948918417,0.0006260259542614,1.0793550935541762e-05,0,230,58,False
within_session,no_ra,W1,oas_trace_eps1e-6,0.0,pooled_class_measure,8,1,1,P1,0.896551724137931,0.898793363499246,0.0020945898722857,0.0328287668526172,0.0005660132215968,0,220,58,False
within_session,no_ra,W1,oas_trace_eps1e-6,0.0,pooled_class_measure,8,2,2,P1,0.7068965517241379,0.7071644042232277,0.0020428700372576,0.0386518519371748,0.0006664112402961,0,220,58,False
within_session,no_ra,W1,oas_trace_eps1e-6,1.0,pooled_class_measure,8,1,1,P1,0.8620689655172413,0.8648567119155355,0.0020774959120899,0.0329793479759246,0.0005686094478607,0,220,58,False
within_session,no_ra,W1,oas_trace_eps1e-6,1.0,pooled_class_measure,8,2,2,P1,0.7586206896551724,0.7597285067873303,0.0021119900047779,0.0318205878138542,0.0005486308243767,0,220,58,False
within_session,no_ra,W1,oas_trace_eps1e-6,2.0,pooled_class_measure,8,1,1,P1,0.8103448275862069,0.8142533936651584,0.0020237958524376,0.0329852309077978,0.0005687108777206,0,220,58,False
within_session,no_ra,W1,oas_trace_eps1e-6,2.0,pooled_class_measure,8,2,2,P1,0.7931034482758621,0.7885369532428356,0.002427483908832,0.0390165499411523,0.0006726991369164,0,220,58,False
within_session,no_ra,W1,oas_trace_eps1e-6,3.0,pooled_class_measure,8,1,1,P1,0.8620689655172413,0.8648567119155355,0.0025617079809308,0.0450065429322421,0.0007759748781421,0,220,58,False
within_session,no_ra,W1,oas_trace_eps1e-6,3.0,pooled_class_measure,8,2,2,P1,0.7758620689655172,0.7750377073906486,0.0020326450467109,0.0356294349767267,0.000614300603047,0,220,58,False
within_session,no_ra,W1,oas_trace_eps1e-6,4.0,pooled_class_measure,8,1,1,P1,0.8448275862068966,0.8411010558069382,0.0020113999489694,0.0356923448853194,0.0006153852566434,0,220,58,False
within_session,no_ra,W1,oas_trace_eps1e-6,4.0,pooled_class_measure,8,2,2,P1,0.7758620689655172,0.7769984917043741,0.0020824209786951,0.0363048289436847,0.0006259453266152,0,220,58,False
within_session,no_ra,W1,oas_trace_eps1e-6,0.0,exact_sorted_order_statistics,8,1,1,P2,0.8448275862068966,0.8436651583710407,1.1333884480409324,0.0009801420383155,1.6899000660612666e-05,0,230,58,False
within_session,no_ra,W1,oas_trace_eps1e-6,0.0,exact_sorted_order_statistics,8,2,2,P2,0.8448275862068966,0.8430618401206637,1.0442361480090767,0.0009221378713846,1.5898928816976218e-05,0,230,58,False
within_session,no_ra,W1,oas_trace_eps1e-6,1.0,exact_sorted_order_statistics,8,1,1,P2,0.913793103448276,0.913499245852187,1.111757162027061,0.0009365880396217,1.6148069648650185e-05,0,230,58,False
within_session,no_ra,W1,oas_trace_eps1e-6,1.0,exact_sorted_order_statistics,8,2,2,P2,0.7586206896551724,0.7616892911010558,1.0152590610086918,0.0009690690785646,1.670808756145938e-05,0,230,58,False
within_session,no_ra,W1,oas_trace_eps1e-6,2.0,exact_sorted_order_statistics,8,1,1,P2,0.8275862068965517,0.8289592760180995,1.0651825251989069,0.0009306538850069,1.604575663805008e-05,0,230,58,False
within_session,no_ra,W1,oas_trace_eps1e-6,2.0,exact_sorted_order_statistics,8,2,2,P2,0.8103448275862069,0.8122926093514329,0.9957817508839072,0.0010583561379462,1.8247519619762897e-05,0,230,58,False
within_session,no_ra,W1,oas_trace_eps1e-6,3.0,exact_sorted_order_statistics,8,1,1,P2,0.8448275862068966,0.8436651583710407,1.302215546835214,0.0010988251306116,1.89452608726148e-05,0,230,58,False
within_session,no_ra,W1,oas_trace_eps1e-6,3.0,exact_sorted_order_statistics,8,2,2,P2,0.8448275862068966,0.848793363499246,0.9936429420486091,0.000989134190604,1.7054037769036047e-05,0,230,58,False
within_session,no_ra,W1,oas_trace_eps1e-6,4.0,exact_sorted_order_statistics,8,1,1,P2,0.8793103448275862,0.8866515837104072,1.2264523599296808,0.0008798518683761,1.5169859799588548e-05,0,230,58,False
within_session,no_ra,W1,oas_trace_eps1e-6,4.0,exact_sorted_order_statistics,8,2,2,P2,0.896551724137931,0.8942684766214178,1.1891978208441287,0.0008874700870364,1.530120839718087e-05,0,230,58,False
within_session,no_ra,W2,oas_trace_eps1e-6,,trial_tangent,8,1,1,B1,0.913793103448276,0.9225490196078432,0.2005021169316023,0.0085560390725731,0.0001475179150443,0,230,58,False
within_session,no_ra,W2,oas_trace_eps1e-6,,trial_tangent,8,2,2,B1,0.8448275862068966,0.853318250377074,0.2538273499812931,0.0059193109627813,0.0001020570855651,0,230,58,False
within_session,no_ra,W2,oas_trace_eps1e-6,,airm_nearest_class_mean,8,1,1,B2,0.8793103448275862,0.8840874811463046,0.1691015178803354,0.0297606969252228,0.0005131154642279,0,230,58,False
within_session,no_ra,W2,oas_trace_eps1e-6,,airm_nearest_class_mean,8,2,2,B2,0.7758620689655172,0.7834841628959276,0.1908870341721922,0.0278634729329496,0.0004804047057405,0,230,58,False
within_session,no_ra,W2,oas_trace_eps1e-6,,mean_decision_score,8,1,1,B3,0.913793103448276,0.9180241327300152,0.7587003777734935,0.0215226339641958,0.0003710798959344,0,230,58,False
within_session,no_ra,W2,oas_trace_eps1e-6,,mean_decision_score,8,2,2,B3,0.8620689655172413,0.8699849170437406,0.7218145939987153,0.0214415688533335,0.0003696822216091,0,230,58,False
within_session,no_ra,W2,oas_trace_eps1e-6,,majority_vote_secondary,8,1,1,B3_majority,0.8103448275862069,0.8026395173453997,0.0,0.0,0.0,0,230,58,False
within_session,no_ra,W2,oas_trace_eps1e-6,,majority_vote_secondary,8,2,2,B3_majority,0.7413793103448276,0.7430618401206637,0.0,0.0,0.0,0,230,58,False
within_session,no_ra,W2,oas_trace_eps1e-6,,mean_window_log_svec,8,1,1,B4,0.8793103448275862,0.8886123680241327,0.0230934699065983,0.0005060930270701,8.725741846037322e-06,0,230,58,False
within_session,no_ra,W2,oas_trace_eps1e-6,,mean_window_log_svec,8,2,2,B4,0.8793103448275862,0.8866515837104072,0.021255788160488,0.0004315490368753,7.440500635782193e-06,0,230,58,False
within_session,no_ra,W2,oas_trace_eps1e-6,0.0,mean_std_projection_moments,8,1,1,B5,0.7931034482758621,0.7995475113122172,0.0491948740091174,0.0006312718614935,1.0883997611958404e-05,0,230,58,False
within_session,no_ra,W2,oas_trace_eps1e-6,0.0,mean_std_projection_moments,8,2,2,B5,0.7931034482758621,0.8021116138763198,0.0460603858809918,0.0005110630299896,8.811431551544831e-06,0,230,58,False
within_session,no_ra,W2,oas_trace_eps1e-6,1.0,mean_std_projection_moments,8,1,1,B5,0.8448275862068966,0.8501508295625944,0.0511417221277952,0.0004954871255904,8.542881475697304e-06,0,230,58,False
within_session,no_ra,W2,oas_trace_eps1e-6,1.0,mean_std_projection_moments,8,2,2,B5,0.7758620689655172,0.7834841628959276,0.0457152321469038,0.0005288519896566,9.118137752701496e-06,0,230,58,False
within_session,no_ra,W2,oas_trace_eps1e-6,2.0,mean_std_projection_moments,8,1,1,B5,0.8448275862068966,0.8456259426847663,0.0453227527905255,0.0005754469893872,9.921499817021962e-06,0,230,58,False
within_session,no_ra,W2,oas_trace_eps1e-6,2.0,mean_std_projection_moments,8,2,2,B5,0.8448275862068966,0.8481900452488688,0.0459596279542893,0.0005614100955426,9.67948440590809e-06,0,230,58,False
within_session,no_ra,W2,oas_trace_eps1e-6,3.0,mean_std_projection_moments,8,1,1,B5,0.7758620689655172,0.7783559577677225,0.0490475359838455,0.0005668301600962,9.772933794763582e-06,0,230,58,False
within_session,no_ra,W2,oas_trace_eps1e-6,3.0,mean_std_projection_moments,8,2,2,B5,0.8448275862068966,0.853318250377074,0.047490919008851,0.0005991370417177,1.0329948995133926e-05,0,230,58,False
within_session,no_ra,W2,oas_trace_eps1e-6,4.0,mean_std_projection_moments,8,1,1,B5,0.8793103448275862,0.8840874811463046,0.0445353309623897,0.0005185061600059,8.939761379412536e-06,0,230,58,False
within_session,no_ra,W2,oas_trace_eps1e-6,4.0,mean_std_projection_moments,8,2,2,B5,0.913793103448276,0.9199849170437406,0.052103903144598,0.0006198768969625,1.0687532706250405e-05,0,230,58,False
within_session,no_ra,W2,oas_trace_eps1e-6,0.0,pooled_class_measure,8,1,1,P1,0.8793103448275862,0.8795625942684766,0.0018191949930042,0.0228857619222253,0.0003945821021073,0,220,58,False
within_session,no_ra,W2,oas_trace_eps1e-6,0.0,pooled_class_measure,8,2,2,P1,0.7068965517241379,0.7091251885369532,0.0015858721453696,0.0225897061172872,0.0003894776916773,0,220,58,False
within_session,no_ra,W2,oas_trace_eps1e-6,1.0,pooled_class_measure,8,1,1,P1,0.8620689655172413,0.866817496229261,0.0015913709066808,0.0217012648936361,0.0003741597395454,0,220,58,False
within_session,no_ra,W2,oas_trace_eps1e-6,1.0,pooled_class_measure,8,2,2,P1,0.7241379310344828,0.7193061840120663,0.0012829720508307,0.0171107260975986,0.0002950125189241,0,220,58,False
within_session,no_ra,W2,oas_trace_eps1e-6,2.0,pooled_class_measure,8,1,1,P1,0.8275862068965517,0.8334841628959275,0.0013014141004532,0.0199722929392009,0.000344349878262,0,220,58,False
within_session,no_ra,W2,oas_trace_eps1e-6,2.0,pooled_class_measure,8,2,2,P1,0.7586206896551724,0.7597285067873303,0.0013135899789631,0.0233461570460349,0.0004025199490695,0,220,58,False
within_session,no_ra,W2,oas_trace_eps1e-6,3.0,pooled_class_measure,8,1,1,P1,0.8448275862068966,0.8430618401206637,0.0013428889214992,0.0193086909130215,0.0003329084640176,0,220,58,False
within_session,no_ra,W2,oas_trace_eps1e-6,3.0,pooled_class_measure,8,2,2,P1,0.7586206896551724,0.762292609351433,0.0013190759345889,0.0200415460858494,0.0003455438980318,0,220,58,False
within_session,no_ra,W2,oas_trace_eps1e-6,4.0,pooled_class_measure,8,1,1,P1,0.8448275862068966,0.8411010558069383,0.0013157140929251,0.0196956929285079,0.0003395809125604,0,220,58,False
within_session,no_ra,W2,oas_trace_eps1e-6,4.0,pooled_class_measure,8,2,2,P1,0.7068965517241379,0.7091251885369532,0.0016090772114694,0.0212628450244665,0.0003666007762839,0,220,58,False
within_session,no_ra,W2,oas_trace_eps1e-6,0.0,exact_sorted_order_statistics,8,1,1,P2,0.7931034482758621,0.8001508295625942,0.2513193460181355,0.0008091579657047,1.3950999408703426e-05,0,230,58,False
within_session,no_ra,W2,oas_trace_eps1e-6,0.0,exact_sorted_order_statistics,8,2,2,P2,0.7758620689655172,0.7828808446455505,0.2563999791163951,0.00073943589814,1.2748894795518497e-05,0,230,58,False
within_session,no_ra,W2,oas_trace_eps1e-6,1.0,exact_sorted_order_statistics,8,1,1,P2,0.896551724137931,0.903318250377074,0.2359603540971875,0.000822878209874,1.4187555342655755e-05,0,230,58,False
within_session,no_ra,W2,oas_trace_eps1e-6,1.0,exact_sorted_order_statistics,8,2,2,P2,0.7413793103448276,0.7475867269984917,0.2425445481203496,0.0006458729039877,1.1135739723926989e-05,0,230,58,False
within_session,no_ra,W2,oas_trace_eps1e-6,2.0,exact_sorted_order_statistics,8,1,1,P2,0.8275862068965517,0.8289592760180995,0.2390888761729002,0.0006563561037182,1.131648454686691e-05,0,230,58,False
within_session,no_ra,W2,oas_trace_eps1e-6,2.0,exact_sorted_order_statistics,8,2,2,P2,0.8620689655172413,0.8648567119155355,0.2473880969919264,0.0007206401787698,1.2424830668445292e-05,0,230,58,False
within_session,no_ra,W2,oas_trace_eps1e-6,3.0,exact_sorted_order_statistics,8,1,1,P2,0.7931034482758621,0.8001508295625943,0.2299711189698428,0.0007083448581397,1.2212842381719885e-05,0,230,58,False
within_session,no_ra,W2,oas_trace_eps1e-6,3.0,exact_sorted_order_statistics,8,2,2,P2,0.8620689655172413,0.8699849170437406,0.2456197380088269,0.0006914450787007,1.1921466874151394e-05,0,230,58,False
within_session,no_ra,W2,oas_trace_eps1e-6,4.0,exact_sorted_order_statistics,8,1,1,P2,0.8620689655172413,0.8693815987933635,0.2305638170801103,0.0007308239582926,1.2600413074010404e-05,0,230,58,False
within_session,no_ra,W2,oas_trace_eps1e-6,4.0,exact_sorted_order_statistics,8,2,2,P2,0.913793103448276,0.9180241327300152,0.2566606330219656,0.0007211109623312,1.2432947626401638e-05,0,230,58,False
within_session,no_ra,W2,oas_trace_eps1e-6,,ordered_nonoverlap,8,1,1,ordered_control,0.8793103448275862,0.8840874811463046,1.1588558130897582,0.0197533341124653,0.0003405747260769,0,230,58,False
within_session,no_ra,W2,oas_trace_eps1e-6,,ordered_nonoverlap,8,2,2,ordered_control,0.8103448275862069,0.8154600301659125,1.1914662150666118,0.0196844469755888,0.0003393870168204,0,230,58,False
within_session,no_ra,W1,oas_trace_eps1e-6,,trial_tangent,8,1,1,B1,0.8275862068965517,0.8379726890756303,0.2000296930782497,0.0058010939974337,0.0001000188620247,1,230,58,False
within_session,no_ra,W1,oas_trace_eps1e-6,,trial_tangent,8,2,2,B1,0.9482758620689656,0.9469418449197862,0.1809054031036794,0.0060917700175195,0.0001050305175434,1,230,58,False
within_session,no_ra,W1,oas_trace_eps1e-6,,airm_nearest_class_mean,8,1,1,B2,0.7586206896551724,0.7635002864782277,0.1601554290391504,0.0285616901237517,0.0004924429331681,1,230,58,False
within_session,no_ra,W1,oas_trace_eps1e-6,,airm_nearest_class_mean,8,2,2,B2,0.8103448275862069,0.8015541443850267,0.1549785700626671,0.0215636629145592,0.0003717872916303,1,230,58,False
within_session,no_ra,W1,oas_trace_eps1e-6,,mean_decision_score,8,1,1,B3,0.8448275862068966,0.8496466768525592,1.250673838891089,0.0418230730574578,0.0007210874665078,1,230,58,False
within_session,no_ra,W1,oas_trace_eps1e-6,,mean_decision_score,8,2,2,B3,0.9310344827586208,0.9384191176470588,1.200360151939094,0.0482542070094496,0.0008319690863698,1,230,58,False
within_session,no_ra,W1,oas_trace_eps1e-6,,majority_vote_secondary,8,1,1,B3_majority,0.8620689655172413,0.8604015469824293,0.0,0.0,0.0,1,230,58,False
within_session,no_ra,W1,oas_trace_eps1e-6,,majority_vote_secondary,8,2,2,B3_majority,0.8793103448275862,0.8818157944996181,0.0,0.0,0.0,1,230,58,False
within_session,no_ra,W1,oas_trace_eps1e-6,,mean_window_log_svec,8,1,1,B4,0.7758620689655172,0.7880657944996181,0.0210717550944536,0.0004166078288108,7.182893600186397e-06,1,230,58,False
within_session,no_ra,W1,oas_trace_eps1e-6,,mean_window_log_svec,8,2,2,B4,0.8620689655172413,0.8706550802139037,0.024520443053916,0.000479367095977,8.264949930639102e-06,1,230,58,False
within_session,no_ra,W1,oas_trace_eps1e-6,0.0,mean_std_projection_moments,8,1,1,B5,0.7931034482758621,0.8027716768525592,0.0444623669609427,0.0005038219969719,8.686586154689049e-06,1,230,58,False
within_session,no_ra,W1,oas_trace_eps1e-6,0.0,mean_std_projection_moments,8,2,2,B5,0.896551724137931,0.8978347020626432,0.0438207909464836,0.0004954368341714,8.542014382265765e-06,1,230,58,False
within_session,no_ra,W1,oas_trace_eps1e-6,1.0,mean_std_projection_moments,8,1,1,B5,0.8103448275862069,0.8174775592055004,0.04335263883695,0.0005163659807294,8.90286173671484e-06,1,230,58,False
within_session,no_ra,W1,oas_trace_eps1e-6,1.0,mean_std_projection_moments,8,2,2,B5,0.8620689655172413,0.8684229373567609,0.0423105410300195,0.0004599480889737,7.930139465064838e-06,1,230,58,False
within_session,no_ra,W1,oas_trace_eps1e-6,2.0,mean_std_projection_moments,8,1,1,B5,0.8448275862068966,0.8531918449197862,0.0483895950019359,0.0008191280066967,1.41228966671845e-05,1,230,58,False
within_session,no_ra,W1,oas_trace_eps1e-6,2.0,mean_std_projection_moments,8,2,2,B5,0.8275862068965517,0.8371729373567609,0.0439489360433071,0.0005323260556906,9.178035442942176e-06,1,230,58,False
within_session,no_ra,W1,oas_trace_eps1e-6,3.0,mean_std_projection_moments,8,1,1,B5,0.7758620689655172,0.7707099885408709,0.0619442868046462,0.0006350001785904,1.0948278941214085e-05,1,230,58,False
within_session,no_ra,W1,oas_trace_eps1e-6,3.0,mean_std_projection_moments,8,2,2,B5,0.8448275862068966,0.847927807486631,0.0466460981406271,0.0005269150715321,9.084742612622936e-06,1,230,58,False
within_session,no_ra,W1,oas_trace_eps1e-6,4.0,mean_std_projection_moments,8,1,1,B5,0.7758620689655172,0.7849145339954163,0.0502362009137868,0.0005634599365293,9.714826491886171e-06,1,230,58,False
within_session,no_ra,W1,oas_trace_eps1e-6,4.0,mean_std_projection_moments,8,2,2,B5,0.8275862068965517,0.8211301566080977,0.0436407809611409,0.0004931369330734,8.502360915058645e-06,1,230,58,False
within_session,no_ra,W1,oas_trace_eps1e-6,0.0,pooled_class_measure,8,1,1,P1,0.7931034482758621,0.7969824293353704,0.0020609640050679,0.0352756900247186,0.0006082015521503,1,220,58,False
within_session,no_ra,W1,oas_trace_eps1e-6,0.0,pooled_class_measure,8,2,2,P1,0.8448275862068966,0.8509597020626432,0.0020030469167977,0.0292384100612252,0.0005041105182969,1,220,58,False
within_session,no_ra,W1,oas_trace_eps1e-6,1.0,pooled_class_measure,8,1,1,P1,0.7586206896551724,0.7644194041252865,0.0021398130338639,0.0394381480291485,0.000679968069468,1,220,58,False
within_session,no_ra,W1,oas_trace_eps1e-6,1.0,pooled_class_measure,8,2,2,P1,0.8103448275862069,0.8224670550038197,0.0020581518765538,0.0311481300741434,0.0005370367254162,1,220,58,False
within_session,no_ra,W1,oas_trace_eps1e-6,2.0,pooled_class_measure,8,1,1,P1,0.7241379310344828,0.7269862490450725,0.0029129879549145,0.0563923071604222,0.0009722811579383,1,220,58,False
within_session,no_ra,W1,oas_trace_eps1e-6,2.0,pooled_class_measure,8,2,2,P1,0.7931034482758621,0.8068420550038197,0.0024926310870796,0.0408411580137908,0.0007041578967894,1,220,58,False
within_session,no_ra,W1,oas_trace_eps1e-6,3.0,pooled_class_measure,8,1,1,P1,0.7413793103448276,0.7394599885408709,0.0020425070542842,0.0311726841609925,0.0005374600717412,1,220,58,False
within_session,no_ra,W1,oas_trace_eps1e-6,3.0,pooled_class_measure,8,2,2,P1,0.8275862068965517,0.836253819709702,0.0020178889390081,0.0310722289141267,0.0005357280847263,1,220,58,False
within_session,no_ra,W1,oas_trace_eps1e-6,4.0,pooled_class_measure,8,1,1,P1,0.7413793103448276,0.7448433919022155,0.0024760619271546,0.0411410878878086,0.0007093291015139,1,220,58,False
within_session,no_ra,W1,oas_trace_eps1e-6,4.0,pooled_class_measure,8,2,2,P1,0.7758620689655172,0.7831956646294882,0.0020410860888659,0.0386083098128438,0.0006656605140145,1,220,58,False
within_session,no_ra,W1,oas_trace_eps1e-6,0.0,exact_sorted_order_statistics,8,1,1,P2,0.8103448275862069,0.8183966768525592,1.109131951117888,0.0009000122081488,1.5517451864635123e-05,1,230,58,False
within_session,no_ra,W1,oas_trace_eps1e-6,0.0,exact_sorted_order_statistics,8,2,2,P2,0.8620689655172413,0.867503819709702,1.153538539074361,0.0008737430907785,1.5064536047906713e-05,1,230,58,False
within_session,no_ra,W1,oas_trace_eps1e-6,1.0,exact_sorted_order_statistics,8,1,1,P2,0.7758620689655172,0.7871466768525592,1.023444821126759,0.0009919581934809,1.7102727473809802e-05,1,230,58,False
within_session,no_ra,W1,oas_trace_eps1e-6,1.0,exact_sorted_order_statistics,8,2,2,P2,0.8620689655172413,0.8652716768525592,1.0402322469744831,0.0008892649784684,1.533215480117962e-05,1,230,58,False
within_session,no_ra,W1,oas_trace_eps1e-6,2.0,exact_sorted_order_statistics,8,1,1,P2,0.8103448275862069,0.8135265469824293,1.2629095669835806,0.0013997149653732,2.413301664436685e-05,1,230,58,False
within_session,no_ra,W1,oas_trace_eps1e-6,2.0,exact_sorted_order_statistics,8,2,2,P2,0.8793103448275862,0.8822097020626432,1.2195618408732116,0.0010557330679148,1.820229427439385e-05,1,230,58,False
within_session,no_ra,W1,oas_trace_eps1e-6,3.0,exact_sorted_order_statistics,8,1,1,P2,0.7413793103448276,0.7506326394194042,1.1180785258766264,0.0009410087950527,1.622428956987529e-05,1,230,58,False
within_session,no_ra,W1,oas_trace_eps1e-6,3.0,exact_sorted_order_statistics,8,2,2,P2,0.8793103448275862,0.8822097020626432,1.0545909479260445,0.0008573110681027,1.4781225312115815e-05,1,230,58,False
within_session,no_ra,W1,oas_trace_eps1e-6,4.0,exact_sorted_order_statistics,8,1,1,P2,0.7413793103448276,0.7497135217723454,1.010043004993349,0.0009957191068679,1.7167570808067405e-05,1,230,58,False
within_session,no_ra,W1,oas_trace_eps1e-6,4.0,exact_sorted_order_statistics,8,2,2,P2,0.8448275862068966,0.8470086898395722,1.0195139769930393,0.0009433599188923,1.626482618779972e-05,1,230,58,False
within_session,no_ra,W2,oas_trace_eps1e-6,,trial_tangent,8,1,1,B1,0.8275862068965517,0.8379726890756303,0.2015587200876325,0.0063854560721665,0.0001100940702097,1,230,58,False
within_session,no_ra,W2,oas_trace_eps1e-6,,trial_tangent,8,2,2,B1,0.9482758620689656,0.9469418449197862,0.2140041720122099,0.0058421599678695,0.0001007268959977,1,230,58,False
within_session,no_ra,W2,oas_trace_eps1e-6,,airm_nearest_class_mean,8,1,1,B2,0.7586206896551724,0.7635002864782277,0.1472780799958855,0.0208330010063946,0.000359189672524,1,230,58,False
within_session,no_ra,W2,oas_trace_eps1e-6,,airm_nearest_class_mean,8,2,2,B2,0.8103448275862069,0.8015541443850267,0.1497990859206766,0.0286581609398126,0.0004941062231002,1,230,58,False
within_session,no_ra,W2,oas_trace_eps1e-6,,mean_decision_score,8,1,1,B3,0.8448275862068966,0.851878819709702,0.7009019579272717,0.0291651140432804,0.0005028467938496,1,230,58,False
within_session,no_ra,W2,oas_trace_eps1e-6,,mean_decision_score,8,2,2,B3,0.913793103448276,0.9156918449197862,0.7497648079879582,0.0287439790554344,0.0004955858457833,1,230,58,False
within_session,no_ra,W2,oas_trace_eps1e-6,,majority_vote_secondary,8,1,1,B3_majority,0.8275862068965517,0.8278385217723454,0.0,0.0,0.0,1,230,58,False
within_session,no_ra,W2,oas_trace_eps1e-6,,majority_vote_secondary,8,2,2,B3_majority,0.8448275862068966,0.8505657944996181,0.0,0.0,0.0,1,230,58,False
within_session,no_ra,W2,oas_trace_eps1e-6,,mean_window_log_svec,8,1,1,B4,0.8103448275862069,0.820628819709702,0.0269057091791182,0.0004869501572102,8.395692365693635e-06,1,230,58,False
within_session,no_ra,W2,oas_trace_eps1e-6,,mean_window_log_svec,8,2,2,B4,0.8620689655172413,0.8715741978609626,0.024159985827282,0.0004777419380843,8.236929966971793e-06,1,230,58,False
within_session,no_ra,W2,oas_trace_eps1e-6,0.0,mean_std_projection_moments,8,1,1,B5,0.8103448275862069,0.8174775592055004,0.0475199099164456,0.0005240810569375,9.03588029202716e-06,1,230,58,False
within_session,no_ra,W2,oas_trace_eps1e-6,0.0,mean_std_projection_moments,8,2,2,B5,0.8103448275862069,0.8144456646294882,0.0521568399854004,0.000548968091607,9.464967096674032e-06,1,230,58,False
within_session,no_ra,W2,oas_trace_eps1e-6,1.0,mean_std_projection_moments,8,1,1,B5,0.8103448275862069,0.820628819709702,0.0483761250507086,0.0008037229999899,1.3857293103275628e-05,1,230,58,False
within_session,no_ra,W2,oas_trace_eps1e-6,1.0,mean_std_projection_moments,8,2,2,B5,0.8103448275862069,0.8104946524064172,0.0526963009033352,0.0006554459687322,1.1300792564348928e-05,1,230,58,False
within_session,no_ra,W2,oas_trace_eps1e-6,2.0,mean_std_projection_moments,8,1,1,B5,0.8620689655172413,0.8688168449197862,0.0540219908580184,0.0007302858866751,1.2591135977157231e-05,1,230,58,False
within_session,no_ra,W2,oas_trace_eps1e-6,2.0,mean_std_projection_moments,8,2,2,B5,0.8275862068965517,0.8220492742551566,0.046091390075162,0.0005623721517622,9.696071582107709e-06,1,230,58,False
within_session,no_ra,W2,oas_trace_eps1e-6,3.0,mean_std_projection_moments,8,1,1,B5,0.7758620689655172,0.7778122612681436,0.052880885079503,0.0005880219396203,1.013830930379958e-05,1,230,58,False
within_session,no_ra,W2,oas_trace_eps1e-6,3.0,mean_std_projection_moments,8,2,2,B5,0.8448275862068966,0.8550300802139037,0.0469311170745641,0.0005416530184447,9.338845145599596e-06,1,230,58,False
within_session,no_ra,W2,oas_trace_eps1e-6,4.0,mean_std_projection_moments,8,1,1,B5,0.7586206896551724,0.7724407944996181,0.06483492301777,0.0007435770239681,1.282029351669139e-05,1,230,58,False
within_session,no_ra,W2,oas_trace_eps1e-6,4.0,mean_std_projection_moments,8,2,2,B5,0.7931034482758621,0.7956694041252865,0.0489383509848266,0.0006413098890334,1.1057067052300636e-05,1,230,58,False
within_session,no_ra,W2,oas_trace_eps1e-6,0.0,pooled_class_measure,8,1,1,P1,0.7413793103448276,0.7465622612681436,0.00130226300098,0.0229628211818635,0.0003959107100321,1,220,58,False
within_session,no_ra,W2,oas_trace_eps1e-6,0.0,pooled_class_measure,8,2,2,P1,0.7931034482758621,0.7988206646294882,0.0013183129485696,0.0184142321813851,0.000317486761748,1,220,58,False
within_session,no_ra,W2,oas_trace_eps1e-6,1.0,pooled_class_measure,8,1,1,P1,0.7413793103448276,0.7439242742551566,0.0013433580752462,0.0224951941054314,0.0003878481742315,1,220,58,False
within_session,no_ra,W2,oas_trace_eps1e-6,1.0,pooled_class_measure,8,2,2,P1,0.7758620689655172,0.7899040297937358,0.0016530940774828,0.0239797690883278,0.0004134442946263,1,220,58,False
within_session,no_ra,W2,oas_trace_eps1e-6,2.0,pooled_class_measure,8,1,1,P1,0.7068965517241379,0.7122803666921314,0.0017567249014973,0.0237234309315681,0.0004090246712339,1,220,58,False
within_session,no_ra,W2,oas_trace_eps1e-6,2.0,pooled_class_measure,8,2,2,P1,0.7758620689655172,0.7889849121466769,0.001399063039571,0.023771981941536,0.0004098617576126,1,220,58,False
within_session,no_ra,W2,oas_trace_eps1e-6,3.0,pooled_class_measure,8,1,1,P1,0.7586206896551724,0.7524470015278839,0.0016329800710082,0.0283525099512189,0.0004888363784692,1,220,58,False
within_session,no_ra,W2,oas_trace_eps1e-6,3.0,pooled_class_measure,8,2,2,P1,0.8275862068965517,0.8313836898395722,0.0013265409506857,0.0212245460133999,0.0003659404485068,1,220,58,False
within_session,no_ra,W2,oas_trace_eps1e-6,4.0,pooled_class_measure,8,1,1,P1,0.7413793103448276,0.7368220015278839,0.0013272969517856,0.0212409950327128,0.0003662240522881,1,220,58,False
within_session,no_ra,W2,oas_trace_eps1e-6,4.0,pooled_class_measure,8,2,2,P1,0.7758620689655172,0.7783255347593583,0.0013134169857949,0.0201450500171631,0.0003473284485717,1,220,58,False
within_session,no_ra,W2,oas_trace_eps1e-6,0.0,exact_sorted_order_statistics,8,1,1,P2,0.8103448275862069,0.8152454163483576,0.2398032199125737,0.0010330509394407,1.7811223093805642e-05,1,230,58,False
within_session,no_ra,W2,oas_trace_eps1e-6,0.0,exact_sorted_order_statistics,8,2,2,P2,0.8275862068965517,0.8394050802139037,0.238107057986781,0.0007381241302937,1.2726278108512534e-05,1,230,58,False
within_session,no_ra,W2,oas_trace_eps1e-6,1.0,exact_sorted_order_statistics,8,1,1,P2,0.7758620689655172,0.7822765469824293,0.2443588317837566,0.0007682549767196,1.3245775460683066e-05,1,230,58,False
within_session,no_ra,W2,oas_trace_eps1e-6,1.0,exact_sorted_order_statistics,8,2,2,P2,0.8448275862068966,0.8537170550038197,0.2433018698357045,0.0009205809328705,1.5872085049491504e-05,1,230,58,False
within_session,no_ra,W2,oas_trace_eps1e-6,2.0,exact_sorted_order_statistics,8,1,1,P2,0.8448275862068966,0.8531918449197862,0.2493456879165023,0.0007604600396007,1.3111379993116034e-05,1,230,58,False
within_session,no_ra,W2,oas_trace_eps1e-6,2.0,exact_sorted_order_statistics,8,2,2,P2,0.8275862068965517,0.8300706646294882,0.2359061611350625,0.000898681115359,1.5494501988949446e-05,1,230,58,False
within_session,no_ra,W2,oas_trace_eps1e-6,3.0,exact_sorted_order_statistics,8,1,1,P2,0.7931034482758621,0.8036907944996181,0.2391589758917689,0.0008364170789718,1.442098412020453e-05,1,230,58,False
within_session,no_ra,W2,oas_trace_eps1e-6,3.0,exact_sorted_order_statistics,8,2,2,P2,0.8620689655172413,0.8684229373567609,0.2432003880385309,0.0007641140837222,1.3174380753831616e-05,1,230,58,False
within_session,no_ra,W2,oas_trace_eps1e-6,4.0,exact_sorted_order_statistics,8,1,1,P2,0.7586206896551724,0.7666515469824293,0.241668215021491,0.0007311380468308,1.260582839363608e-05,1,230,58,False
within_session,no_ra,W2,oas_trace_eps1e-6,4.0,exact_sorted_order_statistics,8,2,2,P2,0.7586206896551724,0.7533661191749428,0.2393513270653784,0.0006994551513344,1.205957157473112e-05,1,230,58,False
within_session,no_ra,W2,oas_trace_eps1e-6,,ordered_nonoverlap,8,1,1,ordered_control,0.7931034482758621,0.8014586516424751,1.1178618599660697,0.0268337640445679,0.0004626511042166,1,230,58,False
within_session,no_ra,W2,oas_trace_eps1e-6,,ordered_nonoverlap,8,2,2,ordered_control,0.8620689655172413,0.867503819709702,1.069309385959059,0.0263953451067209,0.0004550921570124,1,230,58,False
within_session,no_ra,W1,oas_trace_eps1e-6,,trial_tangent,8,1,1,B1,0.896551724137931,0.9126461988304092,0.1859722910448908,0.0064538998994976,0.0001112741361982,2,230,58,False
within_session,no_ra,W1,oas_trace_eps1e-6,,trial_tangent,8,2,2,B1,0.8103448275862069,0.8008040935672515,0.190976828103885,0.0085365360137075,0.0001471816554087,2,230,58,False
within_session,no_ra,W1,oas_trace_eps1e-6,,airm_nearest_class_mean,8,1,1,B2,0.8620689655172413,0.8578216374269005,0.1481011949945241,0.0211888321209698,0.0003653246917408,2,230,58,False
within_session,no_ra,W1,oas_trace_eps1e-6,,airm_nearest_class_mean,8,2,2,B2,0.7931034482758621,0.8008040935672515,0.1569435819983482,0.0218555708415806,0.0003768201869238,2,230,58,False
within_session,no_ra,W1,oas_trace_eps1e-6,,mean_decision_score,8,1,1,B3,0.9482758620689656,0.9605263157894736,1.2600341869983822,0.0374667788855731,0.0006459789463029,2,230,58,False
within_session,no_ra,W1,oas_trace_eps1e-6,,mean_decision_score,8,2,2,B3,0.913793103448276,0.9320175438596492,1.1926159230060875,0.0352861359715461,0.0006083816546818,2,230,58,False
within_session,no_ra,W1,oas_trace_eps1e-6,,majority_vote_secondary,8,1,1,B3_majority,0.896551724137931,0.9057017543859648,0.0,0.0,0.0,2,230,58,False
within_session,no_ra,W1,oas_trace_eps1e-6,,majority_vote_secondary,8,2,2,B3_majority,0.7758620689655172,0.8168859649122806,0.0,0.0,0.0,2,230,58,False
within_session,no_ra,W1,oas_trace_eps1e-6,,mean_window_log_svec,8,1,1,B4,0.8448275862068966,0.8570906432748538,0.0245405621826648,0.0005146521143615,8.87331231657801e-06,2,230,58,False
within_session,no_ra,W1,oas_trace_eps1e-6,,mean_window_log_svec,8,2,2,B4,0.8620689655172413,0.8841374269005847,0.0215354419779032,0.0004492120351642,7.745035089038569e-06,2,230,58,False
within_session,no_ra,W1,oas_trace_eps1e-6,0.0,mean_std_projection_moments,8,1,1,B5,0.8275862068965517,0.8446637426900584,0.0478362529538571,0.000539822038263,9.307276521777284e-06,2,230,58,False
within_session,no_ra,W1,oas_trace_eps1e-6,0.0,mean_std_projection_moments,8,2,2,B5,0.7758620689655172,0.7730263157894737,0.0477552891243249,0.0005865809507668,1.0113464668393137e-05,2,230,58,False
within_session,no_ra,W1,oas_trace_eps1e-6,1.0,mean_std_projection_moments,8,1,1,B5,0.7586206896551724,0.7536549707602339,0.0546200850512832,0.0007132678292691,1.2297721194296048e-05,2,230,58,False
within_session,no_ra,W1,oas_trace_eps1e-6,1.0,mean_std_projection_moments,8,2,2,B5,0.7931034482758621,0.7931286549707602,0.0559640252031385,0.0006724388804286,1.1593773800494342e-05,2,230,58,False
within_session,no_ra,W1,oas_trace_eps1e-6,2.0,mean_std_projection_moments,8,1,1,B5,0.7931034482758621,0.7945906432748537,0.0446157879196107,0.0005303020589053,9.14313894664419e-06,2,230,58,False
within_session,no_ra,W1,oas_trace_eps1e-6,2.0,mean_std_projection_moments,8,2,2,B5,0.8103448275862069,0.8201754385964911,0.0451951059512794,0.0005013230256736,8.643500442648755e-06,2,230,58,False
within_session,no_ra,W1,oas_trace_eps1e-6,3.0,mean_std_projection_moments,8,1,1,B5,0.8620689655172413,0.878654970760234,0.0519341558683663,0.0006401161663234,1.103648562626592e-05,2,230,58,False
within_session,no_ra,W1,oas_trace_eps1e-6,3.0,mean_std_projection_moments,8,2,2,B5,0.8448275862068966,0.8702485380116959,0.0458689520601183,0.0006059859879314,1.044803427468086e-05,2,230,58,False
within_session,no_ra,W1,oas_trace_eps1e-6,4.0,mean_std_projection_moments,8,1,1,B5,0.8620689655172413,0.8570906432748537,0.0527696229983121,0.0006436251569539,1.1096985464722946e-05,2,230,58,False
within_session,no_ra,W1,oas_trace_eps1e-6,4.0,mean_std_projection_moments,8,2,2,B5,0.7758620689655172,0.7792397660818713,0.0538689228706061,0.0006459460128098,1.1137000220859872e-05,2,230,58,False
within_session,no_ra,W1,oas_trace_eps1e-6,0.0,pooled_class_measure,8,1,1,P1,0.8103448275862069,0.8230994152046784,0.0024747480638325,0.0441835559904575,0.0007617854481113,2,212,58,False
within_session,no_ra,W1,oas_trace_eps1e-6,0.0,pooled_class_measure,8,2,2,P1,0.6896551724137931,0.7189327485380117,0.0025269608013331,0.0424975990317761,0.0007327172246857,2,212,58,False
within_session,no_ra,W1,oas_trace_eps1e-6,1.0,pooled_class_measure,8,1,1,P1,0.7931034482758621,0.7876461988304093,0.002416773000732,0.0361552080139517,0.0006233656554129,2,212,58,False
within_session,no_ra,W1,oas_trace_eps1e-6,1.0,pooled_class_measure,8,2,2,P1,0.7068965517241379,0.7105263157894737,0.002056187018752,0.0315269560087472,0.0005435682070473,2,212,58,False
within_session,no_ra,W1,oas_trace_eps1e-6,2.0,pooled_class_measure,8,1,1,P1,0.8620689655172413,0.8556286549707602,0.0022008158266544,0.0329133640043437,0.0005674717931783,2,212,58,False
within_session,no_ra,W1,oas_trace_eps1e-6,2.0,pooled_class_measure,8,2,2,P1,0.7068965517241379,0.7467105263157895,0.0021741399541497,0.0323182099964469,0.0005572105171801,2,212,58,False
within_session,no_ra,W1,oas_trace_eps1e-6,3.0,pooled_class_measure,8,1,1,P1,0.7413793103448276,0.7397660818713451,0.0021710838191211,0.0379141131415963,0.0006536916058895,2,212,58,False
within_session,no_ra,W1,oas_trace_eps1e-6,3.0,pooled_class_measure,8,2,2,P1,0.6551724137931034,0.6918859649122806,0.0021251749712973,0.0380314909853041,0.0006557153618155,2,212,58,False
within_session,no_ra,W1,oas_trace_eps1e-6,4.0,pooled_class_measure,8,1,1,P1,0.7413793103448276,0.748172514619883,0.002307048998773,0.0380777718964964,0.0006565133085602,2,212,58,False
within_session,no_ra,W1,oas_trace_eps1e-6,4.0,pooled_class_measure,8,2,2,P1,0.6896551724137931,0.7342836257309941,0.0024908299092203,0.044437563046813,0.0007661648801174,2,212,58,False
within_session,no_ra,W1,oas_trace_eps1e-6,0.0,exact_sorted_order_statistics,8,1,1,P2,0.8103448275862069,0.8168859649122806,1.255533766001463,0.0010853849817067,1.871353416735756e-05,2,230,58,False
within_session,no_ra,W1,oas_trace_eps1e-6,0.0,exact_sorted_order_statistics,8,2,2,P2,0.8103448275862069,0.8216374269005848,1.0670310349669307,0.0011659688316285,2.0102910890147603e-05,2,230,58,False
within_session,no_ra,W1,oas_trace_eps1e-6,1.0,exact_sorted_order_statistics,8,1,1,P2,0.8275862068965517,0.8084795321637428,1.2237335389945656,0.0009895549155771,1.70612916478823e-05,2,230,58,False
within_session,no_ra,W1,oas_trace_eps1e-6,1.0,exact_sorted_order_statistics,8,2,2,P2,0.7931034482758621,0.8015350877192982,1.1305567901581526,0.0008858779910951,1.5273758467158367e-05,2,230,58,False
within_session,no_ra,W1,oas_trace_eps1e-6,2.0,exact_sorted_order_statistics,8,1,1,P2,0.8103448275862069,0.8008040935672515,1.0105697298422456,0.0009441380389034,1.627824205005991e-05,2,230,58,False
within_session,no_ra,W1,oas_trace_eps1e-6,2.0,exact_sorted_order_statistics,8,2,2,P2,0.8275862068965517,0.8271198830409356,1.0071221319958568,0.0009578508324921,1.6514669525726088e-05,2,230,58,False
within_session,no_ra,W1,oas_trace_eps1e-6,3.0,exact_sorted_order_statistics,8,1,1,P2,0.8793103448275862,0.8918128654970761,1.0697203578893095,0.0011044088751077,1.9041532329444227e-05,2,230,58,False
within_session,no_ra,W1,oas_trace_eps1e-6,3.0,exact_sorted_order_statistics,8,2,2,P2,0.896551724137931,0.9111842105263158,1.137116325087845,0.0009515290148556,1.640567266992454e-05,2,230,58,False
within_session,no_ra,W1,oas_trace_eps1e-6,4.0,exact_sorted_order_statistics,8,1,1,P2,0.8275862068965517,0.8077485380116959,1.1875446669291705,0.0010353818070143,1.7851410465764587e-05,2,230,58,False
within_session,no_ra,W1,oas_trace_eps1e-6,4.0,exact_sorted_order_statistics,8,2,2,P2,0.8448275862068966,0.8486842105263158,1.2073020259849727,0.0011776760220527,2.030475900090974e-05,2,230,58,False
within_session,no_ra,W2,oas_trace_eps1e-6,,trial_tangent,8,1,1,B1,0.896551724137931,0.9126461988304092,0.1876812200061977,0.0080268511082977,0.0001383939846258,2,230,58,False
within_session,no_ra,W2,oas_trace_eps1e-6,,trial_tangent,8,2,2,B1,0.8103448275862069,0.8008040935672515,0.2111201919615268,0.0058772529009729,0.0001013319465684,2,230,58,False
within_session,no_ra,W2,oas_trace_eps1e-6,,airm_nearest_class_mean,8,1,1,B2,0.8620689655172413,0.8578216374269005,0.1795473110396415,0.0210489919409155,0.0003629136541537,2,230,58,False
within_session,no_ra,W2,oas_trace_eps1e-6,,airm_nearest_class_mean,8,2,2,B2,0.7931034482758621,0.8008040935672515,0.160548523068428,0.028066653991118,0.000483907827433,2,230,58,False
within_session,no_ra,W2,oas_trace_eps1e-6,,mean_decision_score,8,1,1,B3,0.913793103448276,0.9342105263157896,0.6795599849428982,0.0212762469891458,0.0003668318446404,2,230,58,False
within_session,no_ra,W2,oas_trace_eps1e-6,,mean_decision_score,8,2,2,B3,0.8448275862068966,0.8486842105263158,0.6982954379636794,0.0287062500137835,0.0004949353450652,2,230,58,False
within_session,no_ra,W2,oas_trace_eps1e-6,,majority_vote_secondary,8,1,1,B3_majority,0.7758620689655172,0.797514619883041,0.0,0.0,0.0,2,230,58,False
within_session,no_ra,W2,oas_trace_eps1e-6,,majority_vote_secondary,8,2,2,B3_majority,0.8103448275862069,0.8369883040935673,0.0,0.0,0.0,2,230,58,False
within_session,no_ra,W2,oas_trace_eps1e-6,,mean_window_log_svec,8,1,1,B4,0.8275862068965517,0.8362573099415206,0.0259000840596854,0.0004589159507304,7.912343978111086e-06,2,230,58,False
within_session,no_ra,W2,oas_trace_eps1e-6,,mean_window_log_svec,8,2,2,B4,0.8275862068965517,0.8417397660818713,0.025449430104345,0.0005390169098973,9.293394998229784e-06,2,230,58,False
within_session,no_ra,W2,oas_trace_eps1e-6,0.0,mean_std_projection_moments,8,1,1,B5,0.7586206896551724,0.7828947368421053,0.0484443709719926,0.0005577669944614,9.616672318300296e-06,2,230,58,False
within_session,no_ra,W2,oas_trace_eps1e-6,0.0,mean_std_projection_moments,8,2,2,B5,0.8448275862068966,0.8417397660818714,0.0467583171557635,0.0005490500479936,9.466380137821724e-06,2,230,58,False
within_session,no_ra,W2,oas_trace_eps1e-6,1.0,mean_std_projection_moments,8,1,1,B5,0.7758620689655172,0.775219298245614,0.0499261778313666,0.0006880469154566,1.1862877852700909e-05,2,230,58,False
within_session,no_ra,W2,oas_trace_eps1e-6,1.0,mean_std_projection_moments,8,2,2,B5,0.7931034482758621,0.8008040935672515,0.0459736390039324,0.0006283649709075,1.0833878808751188e-05,2,230,58,False
within_session,no_ra,W2,oas_trace_eps1e-6,2.0,mean_std_projection_moments,8,1,1,B5,0.7758620689655172,0.7891081871345029,0.0462910521309822,0.0005814488977193,1.002498099516178e-05,2,230,58,False
within_session,no_ra,W2,oas_trace_eps1e-6,2.0,mean_std_projection_moments,8,2,2,B5,0.7586206896551724,0.7799707602339181,0.0478916731663048,0.00053930003196,9.29827641310363e-06,2,230,58,False
within_session,no_ra,W2,oas_trace_eps1e-6,3.0,mean_std_projection_moments,8,1,1,B5,0.8275862068965517,0.8369883040935673,0.0506223649717867,0.0005516069941222,9.510465415901152e-06,2,230,58,False
within_session,no_ra,W2,oas_trace_eps1e-6,3.0,mean_std_projection_moments,8,2,2,B5,0.8103448275862069,0.8355263157894737,0.0628078700974583,0.0007674200460314,1.323138010399095e-05,2,230,58,False
within_session,no_ra,W2,oas_trace_eps1e-6,4.0,mean_std_projection_moments,8,1,1,B5,0.8448275862068966,0.8578216374269005,0.0459751300513744,0.0005593539681285,9.644033933251069e-06,2,230,58,False
within_session,no_ra,W2,oas_trace_eps1e-6,4.0,mean_std_projection_moments,8,2,2,B5,0.7413793103448276,0.7521929824561403,0.0449845660477876,0.0005891108885407,1.0157084285185256e-05,2,230,58,False
within_session,no_ra,W2,oas_trace_eps1e-6,0.0,pooled_class_measure,8,1,1,P1,0.7241379310344828,0.7404970760233918,0.0012123649939894,0.0194982108660042,0.0003361760494138,2,212,58,False
within_session,no_ra,W2,oas_trace_eps1e-6,0.0,pooled_class_measure,8,2,2,P1,0.6379310344827587,0.6710526315789473,0.0012648659758269,0.0218811861705034,0.0003772618305259,2,212,58,False
within_session,no_ra,W2,oas_trace_eps1e-6,1.0,pooled_class_measure,8,1,1,P1,0.7758620689655172,0.7814327485380117,0.0013132118619978,0.0201177168637514,0.000346857187306,2,212,58,False
within_session,no_ra,W2,oas_trace_eps1e-6,1.0,pooled_class_measure,8,2,2,P1,0.6379310344827587,0.6564327485380117,0.0016811629757285,0.0224712919443845,0.0003874360680066,2,212,58,False
within_session,no_ra,W2,oas_trace_eps1e-6,2.0,pooled_class_measure,8,1,1,P1,0.8103448275862069,0.8146929824561403,0.0015104548074305,0.0226913520600646,0.0003912302079321,2,212,58,False
within_session,no_ra,W2,oas_trace_eps1e-6,2.0,pooled_class_measure,8,2,2,P1,0.6206896551724138,0.6648391812865497,0.0015649839770048,0.0234862680081278,0.0004049356553125,2,212,58,False
within_session,no_ra,W2,oas_trace_eps1e-6,3.0,pooled_class_measure,8,1,1,P1,0.7241379310344828,0.7543859649122807,0.0014895081985741,0.0216637970879673,0.0003735137428959,2,212,58,False
within_session,no_ra,W2,oas_trace_eps1e-6,3.0,pooled_class_measure,8,2,2,P1,0.6206896551724138,0.658625730994152,0.0011702901683747,0.0166881449986249,0.0002877266379073,2,212,58,False
within_session,no_ra,W2,oas_trace_eps1e-6,4.0,pooled_class_measure,8,1,1,P1,0.6724137931034483,0.6933479532163742,0.0012001909781247,0.0180266131646931,0.0003108036752533,2,212,58,False
within_session,no_ra,W2,oas_trace_eps1e-6,4.0,pooled_class_measure,8,2,2,P1,0.6379310344827587,0.6787280701754386,0.0011729099787771,0.0196972079575061,0.0003396070337501,2,212,58,False
within_session,no_ra,W2,oas_trace_eps1e-6,0.0,exact_sorted_order_statistics,8,1,1,P2,0.7586206896551724,0.7737573099415204,0.2555349951144308,0.0007053408771753,1.2161049606471226e-05,2,230,58,False
within_session,no_ra,W2,oas_trace_eps1e-6,0.0,exact_sorted_order_statistics,8,2,2,P2,0.8620689655172413,0.8625730994152048,0.2413354360032826,0.0007942260708659,1.3693552945965322e-05,2,230,58,False
within_session,no_ra,W2,oas_trace_eps1e-6,1.0,exact_sorted_order_statistics,8,1,1,P2,0.7931034482758621,0.7814327485380117,0.2592375369276851,0.0007262560538947,1.2521656101633764e-05,2,230,58,False
within_session,no_ra,W2,oas_trace_eps1e-6,1.0,exact_sorted_order_statistics,8,2,2,P2,0.8275862068965517,0.8278508771929824,0.2440118151716888,0.0007706698961555,1.3287412002682686e-05,2,230,58,False
within_session,no_ra,W2,oas_trace_eps1e-6,2.0,exact_sorted_order_statistics,8,1,1,P2,0.7586206896551724,0.775219298245614,0.2509159850887954,0.0008585769683122,1.4803051177797648e-05,2,230,58,False
within_session,no_ra,W2,oas_trace_eps1e-6,2.0,exact_sorted_order_statistics,8,2,2,P2,0.8275862068965517,0.847953216374269,0.2467278880067169,0.0007705329917371,1.3285051581674608e-05,2,230,58,False
within_session,no_ra,W2,oas_trace_eps1e-6,3.0,exact_sorted_order_statistics,8,1,1,P2,0.8275862068965517,0.8355263157894737,0.249453272903338,0.0007922279182821,1.3659102039347437e-05,2,230,58,False
within_session,no_ra,W2,oas_trace_eps1e-6,3.0,exact_sorted_order_statistics,8,2,2,P2,0.7758620689655172,0.8084795321637427,0.2455703078303486,0.0006672518793493,1.1504342747402602e-05,2,230,58,False
within_session,no_ra,W2,oas_trace_eps1e-6,4.0,exact_sorted_order_statistics,8,1,1,P2,0.8103448275862069,0.8146929824561404,0.262228948995471,0.0006980011239647,1.2034502137323906e-05,2,230,58,False
within_session,no_ra,W2,oas_trace_eps1e-6,4.0,exact_sorted_order_statistics,8,2,2,P2,0.7758620689655172,0.7953216374269007,0.2284301950130611,0.000632262090221,1.0901070521052542e-05,2,230,58,False
within_session,no_ra,W2,oas_trace_eps1e-6,,ordered_nonoverlap,8,1,1,ordered_control,0.8620689655172413,0.8855994152046783,1.1663358330260962,0.020044979872182,0.0003456031012445,2,230,58,False
within_session,no_ra,W2,oas_trace_eps1e-6,,ordered_nonoverlap,8,2,2,ordered_control,0.7931034482758621,0.8077485380116959,1.1399350909050554,0.0201314389705657,0.0003470937753545,2,230,58,False
within_session,no_ra,W1,oas_trace_eps1e-6,,trial_tangent,8,1,1,B1,0.8771929824561403,0.8803977272727272,0.1955794850364327,0.0057459948584437,0.0001008069273411,3,231,57,False
within_session,no_ra,W1,oas_trace_eps1e-6,,trial_tangent,8,2,2,B1,0.7894736842105263,0.7981060606060606,0.1951045838650316,0.0078519429080188,0.0001377533843512,3,231,57,False
within_session,no_ra,W1,oas_trace_eps1e-6,,airm_nearest_class_mean,8,1,1,B2,0.7719298245614035,0.778314393939394,0.1694679812062531,0.0276848180219531,0.0004856985617886,3,231,57,False
within_session,no_ra,W1,oas_trace_eps1e-6,,airm_nearest_class_mean,8,2,2,B2,0.8596491228070176,0.8637310606060606,0.1676352410577237,0.0255014630965888,0.0004473940894138,3,231,57,False
within_session,no_ra,W1,oas_trace_eps1e-6,,mean_decision_score,8,1,1,B3,0.8771929824561403,0.8793560606060606,1.2100920150987804,0.0380594360176473,0.0006677094038183,3,231,57,False
within_session,no_ra,W1,oas_trace_eps1e-6,,mean_decision_score,8,2,2,B3,0.8245614035087719,0.8303977272727273,1.2666678391397,0.0359509140253067,0.0006307177899176,3,231,57,False
within_session,no_ra,W1,oas_trace_eps1e-6,,majority_vote_secondary,8,1,1,B3_majority,0.8947368421052632,0.8949810606060606,0.0,0.0,0.0,3,231,57,False
within_session,no_ra,W1,oas_trace_eps1e-6,,majority_vote_secondary,8,2,2,B3_majority,0.7368421052631579,0.7441287878787879,0.0,0.0,0.0,3,231,57,False
within_session,no_ra,W1,oas_trace_eps1e-6,,mean_window_log_svec,8,1,1,B4,0.8421052631578947,0.8481060606060606,0.041293301153928,0.0005661691538989,9.932792173665866e-06,3,231,57,False
within_session,no_ra,W1,oas_trace_eps1e-6,,mean_window_log_svec,8,2,2,B4,0.7719298245614035,0.781439393939394,0.022435505175963,0.0004519631620496,7.929178281572827e-06,3,231,57,False
within_session,no_ra,W1,oas_trace_eps1e-6,0.0,mean_std_projection_moments,8,1,1,B5,0.7719298245614035,0.781439393939394,0.0552499340847134,0.000614030053839,1.0772457084896272e-05,3,231,57,False
within_session,no_ra,W1,oas_trace_eps1e-6,0.0,mean_std_projection_moments,8,2,2,B5,0.8421052631578947,0.853125,0.0497273129876703,0.0006987168453633,1.2258190269532956e-05,3,231,57,False
within_session,no_ra,W1,oas_trace_eps1e-6,1.0,mean_std_projection_moments,8,1,1,B5,0.7894736842105263,0.797064393939394,0.0546584681142121,0.0006253072060644,1.0970301860780046e-05,3,231,57,False
within_session,no_ra,W1,oas_trace_eps1e-6,1.0,mean_std_projection_moments,8,2,2,B5,0.8070175438596491,0.8208333333333333,0.0449197809211909,0.0005304249934852,9.305701640091444e-06,3,231,57,False
within_session,no_ra,W1,oas_trace_eps1e-6,2.0,mean_std_projection_moments,8,1,1,B5,0.8596491228070176,0.865814393939394,0.0469946730881929,0.000567162875086,9.950225878702969e-06,3,231,57,False
within_session,no_ra,W1,oas_trace_eps1e-6,2.0,mean_std_projection_moments,8,2,2,B5,0.8070175438596491,0.8137310606060606,0.050276068970561,0.0005563430022448,9.760403548154914e-06,3,231,57,False
within_session,no_ra,W1,oas_trace_eps1e-6,3.0,mean_std_projection_moments,8,1,1,B5,0.8596491228070176,0.862689393939394,0.0434642729815095,0.0004999469965696,8.77099993981813e-06,3,231,57,False
within_session,no_ra,W1,oas_trace_eps1e-6,3.0,mean_std_projection_moments,8,2,2,B5,0.8421052631578947,0.8541666666666667,0.0456268130801618,0.0004706371109932,8.256791420934493e-06,3,231,57,False
within_session,no_ra,W1,oas_trace_eps1e-6,4.0,mean_std_projection_moments,8,1,1,B5,0.9298245614035088,0.9354166666666668,0.0430320869199931,0.0005210160743445,9.14063288323712e-06,3,231,57,False
within_session,no_ra,W1,oas_trace_eps1e-6,4.0,mean_std_projection_moments,8,2,2,B5,0.7719298245614035,0.7875,0.0513131371699273,0.000569145893678,9.985015678562617e-06,3,231,57,False
within_session,no_ra,W1,oas_trace_eps1e-6,0.0,pooled_class_measure,8,1,1,P1,0.6842105263157895,0.6930871212121212,0.0021366078872233,0.0326645101886242,0.0005730615822565,3,224,57,False
within_session,no_ra,W1,oas_trace_eps1e-6,0.0,pooled_class_measure,8,2,2,P1,0.7543859649122807,0.7597537878787879,0.0020958709064871,0.0305511329788714,0.000535984789103,3,224,57,False
within_session,no_ra,W1,oas_trace_eps1e-6,1.0,pooled_class_measure,8,1,1,P1,0.7192982456140351,0.7264204545454546,0.002124214079231,0.0307449160609394,0.0005393844922971,3,224,57,False
within_session,no_ra,W1,oas_trace_eps1e-6,1.0,pooled_class_measure,8,2,2,P1,0.7719298245614035,0.7824810606060606,0.002091784030199,0.0317975599318742,0.0005578519286293,3,224,57,False
within_session,no_ra,W1,oas_trace_eps1e-6,2.0,pooled_class_measure,8,1,1,P1,0.7017543859649122,0.7036931818181817,0.0021635461598634,0.0313043468631804,0.000549199067775,3,224,57,False
within_session,no_ra,W1,oas_trace_eps1e-6,2.0,pooled_class_measure,8,2,2,P1,0.7719298245614035,0.7835227272727273,0.0020669850055128,0.0311461929231882,0.0005464244372489,3,224,57,False
within_session,no_ra,W1,oas_trace_eps1e-6,3.0,pooled_class_measure,8,1,1,P1,0.7017543859649122,0.7097537878787878,0.0020979491528123,0.030549373012036,0.0005359539124918,3,224,57,False
within_session,no_ra,W1,oas_trace_eps1e-6,3.0,pooled_class_measure,8,2,2,P1,0.7192982456140351,0.7214015151515152,0.0025451050605624,0.0377691418398171,0.0006626165235055,3,224,57,False
within_session,no_ra,W1,oas_trace_eps1e-6,4.0,pooled_class_measure,8,1,1,P1,0.7368421052631579,0.7481060606060607,0.002087352797389,0.0278721498325467,0.0004889850847815,3,224,57,False
within_session,no_ra,W1,oas_trace_eps1e-6,4.0,pooled_class_measure,8,2,2,P1,0.7368421052631579,0.7441287878787879,0.0021508438512682,0.0392484890762716,0.0006885699837942,3,224,57,False
within_session,no_ra,W1,oas_trace_eps1e-6,0.0,exact_sorted_order_statistics,8,1,1,P2,0.7543859649122807,0.765814393939394,1.1625869169365617,0.0009859700221568,1.729771968696201e-05,3,231,57,False
within_session,no_ra,W1,oas_trace_eps1e-6,0.0,exact_sorted_order_statistics,8,2,2,P2,0.7894736842105263,0.8052083333333333,1.2444427679292858,0.0008495240472257,1.4903930653082696e-05,3,231,57,False
within_session,no_ra,W1,oas_trace_eps1e-6,1.0,exact_sorted_order_statistics,8,1,1,P2,0.8245614035087719,0.8364583333333333,1.06542155216448,0.0008786180987954,1.541435261044586e-05,3,231,57,False
within_session,no_ra,W1,oas_trace_eps1e-6,1.0,exact_sorted_order_statistics,8,2,2,P2,0.7719298245614035,0.7875,1.013848377158865,0.0008529569022357,1.4964156179574498e-05,3,231,57,False
within_session,no_ra,W1,oas_trace_eps1e-6,2.0,exact_sorted_order_statistics,8,1,1,P2,0.7894736842105263,0.7941287878787879,1.0631891838274896,0.0009205881506204,1.6150669309130888e-05,3,231,57,False
within_session,no_ra,W1,oas_trace_eps1e-6,2.0,exact_sorted_order_statistics,8,2,2,P2,0.7894736842105263,0.7981060606060606,1.1783157789614052,0.0008187929634004,1.4364788831587424e-05,3,231,57,False
within_session,no_ra,W1,oas_trace_eps1e-6,3.0,exact_sorted_order_statistics,8,1,1,P2,0.8421052631578947,0.853125,1.1601393569726497,0.0009026410989463,1.5835808753444436e-05,3,231,57,False
within_session,no_ra,W1,oas_trace_eps1e-6,3.0,exact_sorted_order_statistics,8,2,2,P2,0.7719298245614035,0.7875,1.1978379650972784,0.0010632548946887,1.865359464366185e-05,3,231,57,False
within_session,no_ra,W1,oas_trace_eps1e-6,4.0,exact_sorted_order_statistics,8,1,1,P2,0.8596491228070176,0.8697916666666667,1.125983538106084,0.0008634719997644,1.514863157481478e-05,3,231,57,False
within_session,no_ra,W1,oas_trace_eps1e-6,4.0,exact_sorted_order_statistics,8,2,2,P2,0.7894736842105263,0.8041666666666667,1.17862997809425,0.0009261230006814,1.6247771941778954e-05,3,231,57,False
within_session,no_ra,W2,oas_trace_eps1e-6,,trial_tangent,8,1,1,B1,0.8771929824561403,0.8803977272727272,0.1829558969475329,0.0081914127804338,0.0001437089961479,3,231,57,False
within_session,no_ra,W2,oas_trace_eps1e-6,,trial_tangent,8,2,2,B1,0.7894736842105263,0.7981060606060606,0.171386576956138,0.0058165001682937,0.0001020438626016,3,231,57,False
within_session,no_ra,W2,oas_trace_eps1e-6,,airm_nearest_class_mean,8,1,1,B2,0.7719298245614035,0.778314393939394,0.244049278087914,0.0370921520516276,0.0006507395096776,3,231,57,False
within_session,no_ra,W2,oas_trace_eps1e-6,,airm_nearest_class_mean,8,2,2,B2,0.8596491228070176,0.8637310606060606,0.154840116854757,0.020164311863482,0.000353759857254,3,231,57,False
within_session,no_ra,W2,oas_trace_eps1e-6,,mean_decision_score,8,1,1,B3,0.8771929824561403,0.8743371212121213,0.7639410051051527,0.0200911678839474,0.0003524766295429,3,231,57,False
within_session,no_ra,W2,oas_trace_eps1e-6,,mean_decision_score,8,2,2,B3,0.8421052631578947,0.8541666666666667,0.7244394340086728,0.027496273163706,0.000482390757258,3,231,57,False
within_session,no_ra,W2,oas_trace_eps1e-6,,majority_vote_secondary,8,1,1,B3_majority,0.7719298245614035,0.7753787878787879,0.0,0.0,0.0,3,231,57,False
within_session,no_ra,W2,oas_trace_eps1e-6,,majority_vote_secondary,8,2,2,B3_majority,0.7017543859649122,0.6976325757575758,0.0,0.0,0.0,3,231,57,False
within_session,no_ra,W2,oas_trace_eps1e-6,,mean_window_log_svec,8,1,1,B4,0.7894736842105263,0.7920454545454546,0.0209079731721431,0.0004631020128726,8.124596717064841e-06,3,231,57,False
within_session,no_ra,W2,oas_trace_eps1e-6,,mean_window_log_svec,8,2,2,B4,0.7719298245614035,0.7824810606060606,0.0216156879905611,0.0004225990269333,7.414018016373902e-06,3,231,57,False
within_session,no_ra,W2,oas_trace_eps1e-6,0.0,mean_std_projection_moments,8,1,1,B5,0.7719298245614035,0.7824810606060606,0.0530057968571782,0.0006051640957593,1.0616913960691085e-05,3,231,57,False
within_session,no_ra,W2,oas_trace_eps1e-6,0.0,mean_std_projection_moments,8,2,2,B5,0.8070175438596491,0.8147727272727273,0.0538776039611548,0.0006472449749708,1.1355174999488029e-05,3,231,57,False
within_session,no_ra,W2,oas_trace_eps1e-6,1.0,mean_std_projection_moments,8,1,1,B5,0.8070175438596491,0.815814393939394,0.047116344096139,0.0006071790121495,1.0652263371045127e-05,3,231,57,False
within_session,no_ra,W2,oas_trace_eps1e-6,1.0,mean_std_projection_moments,8,2,2,B5,0.7894736842105263,0.8041666666666667,0.0512307030148804,0.000556498998776,9.763140329404882e-06,3,231,57,False
within_session,no_ra,W2,oas_trace_eps1e-6,2.0,mean_std_projection_moments,8,1,1,B5,0.7894736842105263,0.80625,0.0430169499013572,0.0005296098534017,9.291400936873336e-06,3,231,57,False
within_session,no_ra,W2,oas_trace_eps1e-6,2.0,mean_std_projection_moments,8,2,2,B5,0.8070175438596491,0.8208333333333333,0.0470220251008868,0.0004874179139733,8.551191473216341e-06,3,231,57,False
within_session,no_ra,W2,oas_trace_eps1e-6,3.0,mean_std_projection_moments,8,1,1,B5,0.8421052631578947,0.8460227272727273,0.0526133358944207,0.0006522750481963,1.1443421898180978e-05,3,231,57,False
within_session,no_ra,W2,oas_trace_eps1e-6,3.0,mean_std_projection_moments,8,2,2,B5,0.8245614035087719,0.8375,0.0431041331030428,0.0004796690773218,8.41524697055942e-06,3,231,57,False
within_session,no_ra,W2,oas_trace_eps1e-6,4.0,mean_std_projection_moments,8,1,1,B5,0.8771929824561403,0.8803977272727272,0.0478740038815885,0.000624667154625,1.0959072888158916e-05,3,231,57,False
within_session,no_ra,W2,oas_trace_eps1e-6,4.0,mean_std_projection_moments,8,2,2,B5,0.8070175438596491,0.8229166666666667,0.0429308279417455,0.0004624738357961,8.113576066598557e-06,3,231,57,False
within_session,no_ra,W2,oas_trace_eps1e-6,0.0,pooled_class_measure,8,1,1,P1,0.6666666666666666,0.6693181818181818,0.0014375920873135,0.0198250538669526,0.0003478079625781,3,224,57,False
within_session,no_ra,W2,oas_trace_eps1e-6,0.0,pooled_class_measure,8,2,2,P1,0.6842105263157895,0.6880681818181817,0.001152689801529,0.0179960560053586,0.0003157202807957,3,224,57,False
within_session,no_ra,W2,oas_trace_eps1e-6,1.0,pooled_class_measure,8,1,1,P1,0.6842105263157895,0.6920454545454545,0.0011799000203609,0.0197664499282836,0.0003467798233032,3,224,57,False
within_session,no_ra,W2,oas_trace_eps1e-6,1.0,pooled_class_measure,8,2,2,P1,0.7017543859649122,0.7047348484848486,0.0014380640350282,0.022023991215974,0.0003863858108065,3,224,57,False
within_session,no_ra,W2,oas_trace_eps1e-6,2.0,pooled_class_measure,8,1,1,P1,0.631578947368421,0.6380681818181818,0.0012089679948985,0.0202315358910709,0.0003549392261591,3,224,57,False
within_session,no_ra,W2,oas_trace_eps1e-6,2.0,pooled_class_measure,8,2,2,P1,0.7017543859649122,0.7128787878787879,0.0013436910230666,0.0173038800712674,0.0003035768433555,3,224,57,False
within_session,no_ra,W2,oas_trace_eps1e-6,3.0,pooled_class_measure,8,1,1,P1,0.6842105263157895,0.6870265151515151,0.0011921061668545,0.0197297050617635,0.0003461351765221,3,224,57,False
within_session,no_ra,W2,oas_trace_eps1e-6,3.0,pooled_class_measure,8,2,2,P1,0.6842105263157895,0.6941287878787878,0.0011921671684831,0.0178438841830939,0.0003130505997034,3,224,57,False
within_session,no_ra,W2,oas_trace_eps1e-6,4.0,pooled_class_measure,8,1,1,P1,0.6491228070175439,0.6536931818181818,0.0011697879526764,0.0183037689421325,0.0003211187533707,3,224,57,False
within_session,no_ra,W2,oas_trace_eps1e-6,4.0,pooled_class_measure,8,2,2,P1,0.7017543859649122,0.7107954545454546,0.0011446890421211,0.01818956900388,0.0003191152456821,3,224,57,False
within_session,no_ra,W2,oas_trace_eps1e-6,0.0,exact_sorted_order_statistics,8,1,1,P2,0.7368421052631579,0.7430871212121213,0.2477573400828987,0.0007563040126115,1.3268491449324707e-05,3,231,57,False
within_session,no_ra,W2,oas_trace_eps1e-6,0.0,exact_sorted_order_statistics,8,2,2,P2,0.7894736842105263,0.7981060606060606,0.2417432789225131,0.0006353869102895,1.1147138777009227e-05,3,231,57,False
within_session,no_ra,W2,oas_trace_eps1e-6,1.0,exact_sorted_order_statistics,8,1,1,P2,0.8245614035087719,0.831439393939394,0.2243475171271711,0.0007361259777098,1.2914490837015604e-05,3,231,57,False
within_session,no_ra,W2,oas_trace_eps1e-6,1.0,exact_sorted_order_statistics,8,2,2,P2,0.7894736842105263,0.8052083333333333,0.2282604749780148,0.0007643359713256,1.3409403005712913e-05,3,231,57,False
within_session,no_ra,W2,oas_trace_eps1e-6,2.0,exact_sorted_order_statistics,8,1,1,P2,0.7368421052631579,0.7430871212121213,0.2389672331046313,0.0006839768029749,1.199959303464806e-05,3,231,57,False
within_session,no_ra,W2,oas_trace_eps1e-6,2.0,exact_sorted_order_statistics,8,2,2,P2,0.7719298245614035,0.7824810606060606,0.2285369001328945,0.0007694500964134,1.3499124498482337e-05,3,231,57,False
within_session,no_ra,W2,oas_trace_eps1e-6,3.0,exact_sorted_order_statistics,8,1,1,P2,0.8070175438596491,0.8137310606060606,0.2456485829316079,0.0007140440866351,1.2527089239212505e-05,3,231,57,False
within_session,no_ra,W2,oas_trace_eps1e-6,3.0,exact_sorted_order_statistics,8,2,2,P2,0.7719298245614035,0.7835227272727273,0.2229080470278859,0.0006453681271523,1.1322247844777609e-05,3,231,57,False
within_session,no_ra,W2,oas_trace_eps1e-6,4.0,exact_sorted_order_statistics,8,1,1,P2,0.8771929824561403,0.8793560606060606,0.2482169938739389,0.0006985820364207,1.225582520036321e-05,3,231,57,False
within_session,no_ra,W2,oas_trace_eps1e-6,4.0,exact_sorted_order_statistics,8,2,2,P2,0.7894736842105263,0.8041666666666667,0.2250479029025882,0.0006706279236823,1.1765402169865474e-05,3,231,57,False
within_session,no_ra,W2,oas_trace_eps1e-6,,ordered_nonoverlap,8,1,1,ordered_control,0.8771929824561403,0.875378787878788,1.1857991588767618,0.019607838941738,0.0003439971744164,3,231,57,False
within_session,no_ra,W2,oas_trace_eps1e-6,,ordered_nonoverlap,8,2,2,ordered_control,0.6842105263157895,0.6820075757575758,1.1582036560866982,0.0261894131544977,0.0004594633886753,3,231,57,False
within_session,no_ra,W1,oas_trace_eps1e-6,,trial_tangent,8,1,1,B1,0.8596491228070176,0.8579508726567551,0.3083852648269385,0.0097520588897168,0.0001710887524511,4,231,57,False
within_session,no_ra,W1,oas_trace_eps1e-6,,trial_tangent,8,2,2,B1,0.8596491228070176,0.8701519069166128,0.1919364368077367,0.0080782820004969,0.0001417242456227,4,231,57,False
within_session,no_ra,W1,oas_trace_eps1e-6,,airm_nearest_class_mean,8,1,1,B2,0.7192982456140351,0.7235778926955397,0.1653281589969992,0.0210217458661645,0.0003688025590555,4,231,57,False
within_session,no_ra,W1,oas_trace_eps1e-6,,airm_nearest_class_mean,8,2,2,B2,0.7368421052631579,0.7410310277957337,0.1495067470241338,0.0207935329526662,0.0003647988237309,4,231,57,False
within_session,no_ra,W1,oas_trace_eps1e-6,,mean_decision_score,8,1,1,B3,0.8947368421052632,0.890513897866839,1.2528867849614471,0.0462483721785247,0.0008113749505004,4,231,57,False
within_session,no_ra,W1,oas_trace_eps1e-6,,mean_decision_score,8,2,2,B3,0.8596491228070176,0.8561732385261797,1.1743473848327994,0.0463658031076192,0.0008134351422389,4,231,57,False
within_session,no_ra,W1,oas_trace_eps1e-6,,majority_vote_secondary,8,1,1,B3_majority,0.8421052631578947,0.8324175824175825,0.0,0.0,0.0,4,231,57,False
within_session,no_ra,W1,oas_trace_eps1e-6,,majority_vote_secondary,8,2,2,B3_majority,0.7894736842105263,0.7869263089851325,0.0,0.0,0.0,4,231,57,False
within_session,no_ra,W1,oas_trace_eps1e-6,,mean_window_log_svec,8,1,1,B4,0.8245614035087719,0.8222365869424693,0.0212302091531455,0.0003829961642622,6.719230951970084e-06,4,231,57,False
within_session,no_ra,W1,oas_trace_eps1e-6,,mean_window_log_svec,8,2,2,B4,0.8421052631578947,0.8463962508080155,0.023992998059839,0.0004644130822271,8.147597933808962e-06,4,231,57,False
within_session,no_ra,W1,oas_trace_eps1e-6,0.0,mean_std_projection_moments,8,1,1,B5,0.8421052631578947,0.840093729799612,0.043461499037221,0.0005687749944627,9.978508674784713e-06,4,231,57,False
within_session,no_ra,W1,oas_trace_eps1e-6,0.0,mean_std_projection_moments,8,2,2,B5,0.8070175438596491,0.8093083387201034,0.0480267331004142,0.0004857880994677,8.522598236276393e-06,4,231,57,False
within_session,no_ra,W1,oas_trace_eps1e-6,1.0,mean_std_projection_moments,8,1,1,B5,0.8070175438596491,0.8030058177117001,0.0451089390553534,0.0005053249187767,8.865349452223695e-06,4,231,57,False
within_session,no_ra,W1,oas_trace_eps1e-6,1.0,mean_std_projection_moments,8,2,2,B5,0.7368421052631579,0.7414350355526826,0.0419852549675852,0.0004774560220539,8.376421439543105e-06,4,231,57,False
within_session,no_ra,W1,oas_trace_eps1e-6,2.0,mean_std_projection_moments,8,1,1,B5,0.8947368421052632,0.8918875242404654,0.0464792798738926,0.0005232749972492,9.180263109635889e-06,4,231,57,False
within_session,no_ra,W1,oas_trace_eps1e-6,2.0,mean_std_projection_moments,8,2,2,B5,0.8070175438596491,0.8093083387201034,0.0439684640150517,0.0004726310726255,8.291773203956454e-06,4,231,57,False
within_session,no_ra,W1,oas_trace_eps1e-6,3.0,mean_std_projection_moments,8,1,1,B5,0.7894736842105263,0.7865223012281836,0.0438474731054157,0.0005008629523217,8.787069338978382e-06,4,231,57,False
within_session,no_ra,W1,oas_trace_eps1e-6,3.0,mean_std_projection_moments,8,2,2,B5,0.8421052631578947,0.8463962508080156,0.043184672947973,0.0006433189846575,1.1286297976447826e-05,4,231,57,False
within_session,no_ra,W1,oas_trace_eps1e-6,4.0,mean_std_projection_moments,8,1,1,B5,0.912280701754386,0.9097446670976084,0.0529217571020126,0.000586561160162,1.0290546669510373e-05,4,231,57,False
within_session,no_ra,W1,oas_trace_eps1e-6,4.0,mean_std_projection_moments,8,2,2,B5,0.8245614035087719,0.8330639948287007,0.0483026360161602,0.0005959291011095,1.0454896510693063e-05,4,231,57,False
within_session,no_ra,W1,oas_trace_eps1e-6,0.0,pooled_class_measure,8,1,1,P1,0.7368421052631579,0.7201842275371687,0.0020341461058706,0.0350750349462032,0.0006153514902842,4,220,57,False
within_session,no_ra,W1,oas_trace_eps1e-6,0.0,pooled_class_measure,8,2,2,P1,0.6491228070175439,0.6476244343891403,0.0020249329973012,0.0334516779985278,0.0005868715438338,4,220,57,False
within_session,no_ra,W1,oas_trace_eps1e-6,1.0,pooled_class_measure,8,1,1,P1,0.7368421052631579,0.7292340012928248,0.0020346438977867,0.0330021509435027,0.0005789851042719,4,220,57,False
within_session,no_ra,W1,oas_trace_eps1e-6,1.0,pooled_class_measure,8,2,2,P1,0.7017543859649122,0.7011958629605688,0.0020171159412711,0.0332494240719825,0.000583323229333,4,220,57,False
within_session,no_ra,W1,oas_trace_eps1e-6,2.0,pooled_class_measure,8,1,1,P1,0.7543859649122807,0.7498383968972204,0.0019943818915635,0.0303966158535331,0.0005332739623426,4,220,57,False
within_session,no_ra,W1,oas_trace_eps1e-6,2.0,pooled_class_measure,8,2,2,P1,0.7368421052631579,0.7274563671622495,0.002056973055005,0.0310466468799859,0.0005446780154383,4,220,57,False
within_session,no_ra,W1,oas_trace_eps1e-6,3.0,pooled_class_measure,8,1,1,P1,0.7192982456140351,0.7068519715578538,0.0020588159095495,0.0328772331122309,0.0005767935633724,4,220,57,False
within_session,no_ra,W1,oas_trace_eps1e-6,3.0,pooled_class_measure,8,2,2,P1,0.7192982456140351,0.71590174531351,0.0020234519615769,0.0350778161082416,0.0006154002826007,4,220,57,False
within_session,no_ra,W1,oas_trace_eps1e-6,4.0,pooled_class_measure,8,1,1,P1,0.6666666666666666,0.661360698125404,0.0021134079433977,0.0341136988718062,0.0005984859451194,4,220,57,False
within_session,no_ra,W1,oas_trace_eps1e-6,4.0,pooled_class_measure,8,2,2,P1,0.6666666666666666,0.6654815772462831,0.0021171239204704,0.0341786229982972,0.0005996249648824,4,220,57,False
within_session,no_ra,W1,oas_trace_eps1e-6,0.0,exact_sorted_order_statistics,8,1,1,P2,0.8771929824561403,0.8803329023917259,1.0438062800094483,0.0008974119555205,1.5744069395096678e-05,4,231,57,False
within_session,no_ra,W1,oas_trace_eps1e-6,0.0,exact_sorted_order_statistics,8,2,2,P2,0.8421052631578947,0.8446186166774403,1.0596338489558548,0.0009055230766534,1.5886369765850534e-05,4,231,57,False
within_session,no_ra,W1,oas_trace_eps1e-6,1.0,exact_sorted_order_statistics,8,1,1,P2,0.7894736842105263,0.7865223012281836,1.1483091411646456,0.0008523659780621,1.49537890888097e-05,4,231,57,False
within_session,no_ra,W1,oas_trace_eps1e-6,1.0,exact_sorted_order_statistics,8,2,2,P2,0.8070175438596491,0.8110859728506787,1.053827233146876,0.0009016180410981,1.5817860370142417e-05,4,231,57,False
within_session,no_ra,W1,oas_trace_eps1e-6,2.0,exact_sorted_order_statistics,8,1,1,P2,0.8947368421052632,0.8964124111182935,1.1577544261235744,0.0008470800239592,1.4861053051917176e-05,4,231,57,False
within_session,no_ra,W1,oas_trace_eps1e-6,2.0,exact_sorted_order_statistics,8,2,2,P2,0.8421052631578947,0.8432449903038138,1.1035137721337378,0.0008915942162275,1.5642003793465464e-05,4,231,57,False
within_session,no_ra,W1,oas_trace_eps1e-6,3.0,exact_sorted_order_statistics,8,1,1,P2,0.8245614035087719,0.8204589528118941,1.0188778198789803,0.0008668471127748,1.520784408376928e-05,4,231,57,False
within_session,no_ra,W1,oas_trace_eps1e-6,3.0,exact_sorted_order_statistics,8,2,2,P2,0.7894736842105263,0.7991273432449904,1.0385651988908648,0.0009024019818753,1.5831613717110533e-05,4,231,57,False
within_session,no_ra,W1,oas_trace_eps1e-6,4.0,exact_sorted_order_statistics,8,1,1,P2,0.8421052631578947,0.8491435035552682,1.200791437877342,0.0009298541117459,1.6313230030630765e-05,4,231,57,False
within_session,no_ra,W1,oas_trace_eps1e-6,4.0,exact_sorted_order_statistics,8,2,2,P2,0.8245614035087719,0.8330639948287006,1.0812856708653271,0.0010137460194528,1.7785017885137022e-05,4,231,57,False
within_session,no_ra,W2,oas_trace_eps1e-6,,trial_tangent,8,1,1,B1,0.8596491228070176,0.8579508726567551,0.2117073161061853,0.0077354670502245,0.0001357099482495,4,231,57,False
within_session,no_ra,W2,oas_trace_eps1e-6,,trial_tangent,8,2,2,B1,0.8596491228070176,0.8701519069166128,0.210190363926813,0.0079112460371106,0.0001387937901247,4,231,57,False
within_session,no_ra,W2,oas_trace_eps1e-6,,airm_nearest_class_mean,8,1,1,B2,0.7192982456140351,0.7235778926955397,0.173691791947931,0.0199279049411416,0.0003496123673884,4,231,57,False
within_session,no_ra,W2,oas_trace_eps1e-6,,airm_nearest_class_mean,8,2,2,B2,0.7368421052631579,0.7410310277957337,0.1493684318847954,0.0282374899834394,0.0004953945611129,4,231,57,False
within_session,no_ra,W2,oas_trace_eps1e-6,,mean_decision_score,8,1,1,B3,0.8947368421052632,0.885989010989011,0.7064278679899871,0.0210060589015483,0.0003685273491499,4,231,57,False
within_session,no_ra,W2,oas_trace_eps1e-6,,mean_decision_score,8,2,2,B3,0.8421052631578947,0.8369424692954104,0.6927034901455045,0.0204145829193294,0.000358150577532,4,231,57,False
within_session,no_ra,W2,oas_trace_eps1e-6,,majority_vote_secondary,8,1,1,B3_majority,0.7894736842105263,0.788299935358759,0.0,0.0,0.0,4,231,57,False
within_session,no_ra,W2,oas_trace_eps1e-6,,majority_vote_secondary,8,2,2,B3_majority,0.7368421052631579,0.738283775048481,0.0,0.0,0.0,4,231,57,False
within_session,no_ra,W2,oas_trace_eps1e-6,,mean_window_log_svec,8,1,1,B4,0.8245614035087719,0.8208629605688429,0.0215179070364683,0.0004361220635473,7.651264272760927e-06,4,231,57,False
within_session,no_ra,W2,oas_trace_eps1e-6,,mean_window_log_svec,8,2,2,B4,0.8421052631578947,0.8509211376858435,0.0242615290917456,0.0004809589590877,8.437876475223324e-06,4,231,57,False
within_session,no_ra,W2,oas_trace_eps1e-6,0.0,mean_std_projection_moments,8,1,1,B5,0.7719298245614035,0.765917905623788,0.0459486129693686,0.000514917075634,9.033632905859696e-06,4,231,57,False
within_session,no_ra,W2,oas_trace_eps1e-6,0.0,mean_std_projection_moments,8,2,2,B5,0.7017543859649122,0.710245636716225,0.0534358329605311,0.0005733799189329,1.005929682338447e-05,4,231,57,False
within_session,no_ra,W2,oas_trace_eps1e-6,1.0,mean_std_projection_moments,8,1,1,B5,0.7894736842105263,0.7910471881060117,0.0466607790440321,0.0005492798518389,9.636488628753443e-06,4,231,57,False
within_session,no_ra,W2,oas_trace_eps1e-6,1.0,mean_std_projection_moments,8,2,2,B5,0.7543859649122807,0.7575145442792502,0.0436998710501939,0.0004958319477736,8.698806101292894e-06,4,231,57,False
within_session,no_ra,W2,oas_trace_eps1e-6,2.0,mean_std_projection_moments,8,1,1,B5,0.8245614035087719,0.825387847446671,0.0512047698721289,0.0005394069012254,9.463278968867504e-06,4,231,57,False
within_session,no_ra,W2,oas_trace_eps1e-6,2.0,mean_std_projection_moments,8,2,2,B5,0.8070175438596491,0.8093083387201034,0.0446087410673499,0.000549019081518,9.631913710843054e-06,4,231,57,False
within_session,no_ra,W2,oas_trace_eps1e-6,3.0,mean_std_projection_moments,8,1,1,B5,0.7894736842105263,0.7896735617323853,0.042210869025439,0.0005116888787597,8.976997872977926e-06,4,231,57,False
within_session,no_ra,W2,oas_trace_eps1e-6,3.0,mean_std_projection_moments,8,2,2,B5,0.8070175438596491,0.8138332255979315,0.0484319399110972,0.0006751851178705,1.1845352945097706e-05,4,231,57,False
within_session,no_ra,W2,oas_trace_eps1e-6,4.0,mean_std_projection_moments,8,1,1,B5,0.8596491228070176,0.8606981254040078,0.0460456670261919,0.0005905090365558,1.0359807658875198e-05,4,231,57,False
within_session,no_ra,W2,oas_trace_eps1e-6,4.0,mean_std_projection_moments,8,2,2,B5,0.7368421052631579,0.7337588881706528,0.0503323748707771,0.0006315188948065,1.107927885625446e-05,4,231,57,False
within_session,no_ra,W2,oas_trace_eps1e-6,0.0,pooled_class_measure,8,1,1,P1,0.7017543859649122,0.6876212023270847,0.0015033171512186,0.0222385020460933,0.0003901491587033,4,220,57,False
within_session,no_ra,W2,oas_trace_eps1e-6,0.0,pooled_class_measure,8,2,2,P1,0.631578947368421,0.6315449256625727,0.0015739668160676,0.0182811270933598,0.0003207215279536,4,220,57,False
within_session,no_ra,W2,oas_trace_eps1e-6,1.0,pooled_class_measure,8,1,1,P1,0.6666666666666666,0.6658855850032321,0.0014627678319811,0.0225662859156727,0.0003958997529065,4,220,57,False
within_session,no_ra,W2,oas_trace_eps1e-6,1.0,pooled_class_measure,8,2,2,P1,0.6842105263157895,0.6819650937297996,0.0013110190629959,0.018045627977699,0.000316589964521,4,220,57,False
within_session,no_ra,W2,oas_trace_eps1e-6,2.0,pooled_class_measure,8,1,1,P1,0.6842105263157895,0.6851163542340013,0.0015623189974576,0.0207006970886141,0.0003631701243616,4,220,57,False
within_session,no_ra,W2,oas_trace_eps1e-6,2.0,pooled_class_measure,8,2,2,P1,0.7017543859649122,0.6935197155785391,0.0013283190783113,0.0205387498717755,0.0003603289451188,4,220,57,False
within_session,no_ra,W2,oas_trace_eps1e-6,3.0,pooled_class_measure,8,1,1,P1,0.7192982456140351,0.7113768584356819,0.0015969739761203,0.0223071170039474,0.0003913529298938,4,220,57,False
within_session,no_ra,W2,oas_trace_eps1e-6,3.0,pooled_class_measure,8,2,2,P1,0.7192982456140351,0.7172753716871364,0.0013449650723487,0.0198286208324134,0.0003478705409195,4,220,57,False
within_session,no_ra,W2,oas_trace_eps1e-6,4.0,pooled_class_measure,8,1,1,P1,0.6491228070175439,0.6435035552682612,0.0012989321257919,0.0194415189325809,0.0003410792795189,4,220,57,False
within_session,no_ra,W2,oas_trace_eps1e-6,4.0,pooled_class_measure,8,2,2,P1,0.6491228070175439,0.650775694893342,0.0013049331028014,0.0175318780820816,0.0003075768084575,4,220,57,False
within_session,no_ra,W2,oas_trace_eps1e-6,0.0,exact_sorted_order_statistics,8,1,1,P2,0.7543859649122807,0.7543632837750485,0.2485270679462701,0.000759458867833,1.332383978654418e-05,4,231,57,False
within_session,no_ra,W2,oas_trace_eps1e-6,0.0,exact_sorted_order_statistics,8,2,2,P2,0.7543859649122807,0.7697155785391079,0.2448189898859709,0.0007331429515033,1.2862157043919229e-05,4,231,57,False
within_session,no_ra,W2,oas_trace_eps1e-6,1.0,exact_sorted_order_statistics,8,1,1,P2,0.7543859649122807,0.7557369101486748,0.2335198631044477,0.0007761409506201,1.3616507905617097e-05,4,231,57,False
within_session,no_ra,W2,oas_trace_eps1e-6,1.0,exact_sorted_order_statistics,8,2,2,P2,0.8070175438596491,0.8124595992243051,0.2277448598761111,0.0007279498968273,1.2771050821532282e-05,4,231,57,False
within_session,no_ra,W2,oas_trace_eps1e-6,2.0,exact_sorted_order_statistics,8,1,1,P2,0.7719298245614035,0.7722204266321913,0.2375720120035112,0.0008110119961202,1.4228280633687971e-05,4,231,57,False
within_session,no_ra,W2,oas_trace_eps1e-6,2.0,exact_sorted_order_statistics,8,2,2,P2,0.8070175438596491,0.8138332255979315,0.2332478621974587,0.000792769016698,1.3908228363122857e-05,4,231,57,False
within_session,no_ra,W2,oas_trace_eps1e-6,3.0,exact_sorted_order_statistics,8,1,1,P2,0.7894736842105263,0.7851486748545572,0.2328413710929453,0.0008010119199752,1.4052840701320717e-05,4,231,57,False
within_session,no_ra,W2,oas_trace_eps1e-6,3.0,exact_sorted_order_statistics,8,2,2,P2,0.8070175438596491,0.8169844861021331,0.2426318400539457,0.0007106568664312,1.2467664323355022e-05,4,231,57,False
within_session,no_ra,W2,oas_trace_eps1e-6,4.0,exact_sorted_order_statistics,8,1,1,P2,0.7894736842105263,0.7896735617323853,0.2360092462040484,0.0007227549795061,1.2679911921160264e-05,4,231,57,False
within_session,no_ra,W2,oas_trace_eps1e-6,4.0,exact_sorted_order_statistics,8,2,2,P2,0.8070175438596491,0.8138332255979315,0.2315188171342015,0.0006907389033585,1.2118226374711909e-05,4,231,57,False
within_session,no_ra,W2,oas_trace_eps1e-6,,ordered_nonoverlap,8,1,1,ordered_control,0.8245614035087719,0.8208629605688429,1.1012429329566658,0.0197806349024176,0.0003470286824985,4,231,57,False
within_session,no_ra,W2,oas_trace_eps1e-6,,ordered_nonoverlap,8,2,2,ordered_control,0.8070175438596491,0.8016321913380736,1.1541325391735882,0.0211695290636271,0.0003713952467303,4,231,57,False
within_session,no_ra,W1,oas_trace_eps1e-6,,trial_tangent,9,1,1,B1,0.7758620689655172,0.7741477272727273,0.214549781056121,0.008167021907866,0.0001408107225494,0,230,58,False
within_session,no_ra,W1,oas_trace_eps1e-6,,trial_tangent,9,2,2,B1,0.913793103448276,0.9205882352941176,0.1947333591524511,0.0079472491052001,0.0001370215362965,0,230,58,False
within_session,no_ra,W1,oas_trace_eps1e-6,,airm_nearest_class_mean,9,1,1,B2,0.7413793103448276,0.7438168449197862,0.1525183001067489,0.0216793541330844,0.0003737819678118,0,230,58,False
within_session,no_ra,W1,oas_trace_eps1e-6,,airm_nearest_class_mean,9,2,2,B2,0.8448275862068966,0.848793363499246,0.1536298298742622,0.0206217649392783,0.0003555476713668,0,230,58,False
within_session,no_ra,W1,oas_trace_eps1e-6,,mean_decision_score,9,1,1,B3,0.8103448275862069,0.8139323911382735,1.1641364928800613,0.03551960689947,0.0006124070155081,0,230,58,False
within_session,no_ra,W1,oas_trace_eps1e-6,,mean_decision_score,9,2,2,B3,0.9655172413793104,0.9686274509803922,1.2645350829698143,0.0484253610484302,0.0008349200180763,0,230,58,False
within_session,no_ra,W1,oas_trace_eps1e-6,,majority_vote_secondary,9,1,1,B3_majority,0.7758620689655172,0.7862394957983192,0.0,0.0,0.0,0,230,58,False
within_session,no_ra,W1,oas_trace_eps1e-6,,majority_vote_secondary,9,2,2,B3_majority,0.9482758620689656,0.9519607843137254,0.0,0.0,0.0,0,230,58,False
within_session,no_ra,W1,oas_trace_eps1e-6,,mean_window_log_svec,9,1,1,B4,0.7586206896551724,0.7603609625668449,0.0213416069746017,0.0004796790890395,8.270329121371795e-06,0,230,58,False
within_session,no_ra,W1,oas_trace_eps1e-6,,mean_window_log_svec,9,2,2,B4,0.913793103448276,0.9225490196078432,0.0255053918808698,0.0004887080285698,8.426000492583061e-06,0,230,58,False
within_session,no_ra,W1,oas_trace_eps1e-6,0.0,mean_std_projection_moments,9,1,1,B5,0.7758620689655172,0.7836015087853323,0.0456806968431919,0.0005511769559234,9.503050964197208e-06,0,230,58,False
within_session,no_ra,W1,oas_trace_eps1e-6,0.0,mean_std_projection_moments,9,2,2,B5,0.913793103448276,0.913499245852187,0.0464544240385293,0.0005258899182081,9.067067555312452e-06,0,230,58,False
within_session,no_ra,W1,oas_trace_eps1e-6,1.0,mean_std_projection_moments,9,1,1,B5,0.8103448275862069,0.8130132734912148,0.0451237910892814,0.0005918049719184,1.0203533998594204e-05,0,230,58,False
within_session,no_ra,W1,oas_trace_eps1e-6,1.0,mean_std_projection_moments,9,2,2,B5,0.9655172413793104,0.9686274509803922,0.0516813769936561,0.0006206179969012,1.0700310291401273e-05,0,230,58,False
within_session,no_ra,W1,oas_trace_eps1e-6,2.0,mean_std_projection_moments,9,1,1,B5,0.7758620689655172,0.7795311306340718,0.050242711091414,0.0005682341288775,9.7971401530607e-06,0,230,58,False
within_session,no_ra,W1,oas_trace_eps1e-6,2.0,mean_std_projection_moments,9,2,2,B5,0.913793103448276,0.9154600301659124,0.0509382518939673,0.0005828500725328,1.004913918160159e-05,0,230,58,False
within_session,no_ra,W1,oas_trace_eps1e-6,3.0,mean_std_projection_moments,9,1,1,B5,0.7586206896551724,0.7648252482811306,0.0491409769747406,0.000515610910952,8.889843292277435e-06,0,230,58,False
within_session,no_ra,W1,oas_trace_eps1e-6,3.0,mean_std_projection_moments,9,2,2,B5,0.896551724137931,0.8993966817496228,0.0440474429633468,0.0005794579628854,9.990654532508604e-06,0,230,58,False
within_session,no_ra,W1,oas_trace_eps1e-6,4.0,mean_std_projection_moments,9,1,1,B5,0.8103448275862069,0.8161645339954163,0.051321247825399,0.0006374360527843,1.0990276772143512e-05,0,230,58,False
within_session,no_ra,W1,oas_trace_eps1e-6,4.0,mean_std_projection_moments,9,2,2,B5,0.8793103448275862,0.8866515837104072,0.0449140258133411,0.0005362639203667,9.245929661495932e-06,0,230,58,False
within_session,no_ra,W1,oas_trace_eps1e-6,0.0,pooled_class_measure,9,1,1,P1,0.7413793103448276,0.7406655844155845,0.0020142139401286,0.0335744931362569,0.0005788705713147,0,220,58,False
within_session,no_ra,W1,oas_trace_eps1e-6,0.0,pooled_class_measure,9,2,2,P1,0.8103448275862069,0.8058069381598794,0.0020385719835758,0.0323388599790632,0.0005575665513631,0,220,58,False
within_session,no_ra,W1,oas_trace_eps1e-6,1.0,pooled_class_measure,9,1,1,P1,0.7413793103448276,0.7451298701298701,0.0019918160978704,0.0378071567974984,0.0006518475309913,0,220,58,False
within_session,no_ra,W1,oas_trace_eps1e-6,1.0,pooled_class_measure,9,2,2,P1,0.7586206896551724,0.7481146304675717,0.0020435061305761,0.0364959388971328,0.0006292403258126,0,220,58,False
within_session,no_ra,W1,oas_trace_eps1e-6,2.0,pooled_class_measure,9,1,1,P1,0.7586206896551724,0.7607548701298701,0.0023825371172279,0.0382276580203324,0.0006590975520746,0,220,58,False
within_session,no_ra,W1,oas_trace_eps1e-6,2.0,pooled_class_measure,9,2,2,P1,0.7413793103448276,0.7340120663650076,0.0020256820134818,0.0334982159547507,0.0005775554474957,0,220,58,False
within_session,no_ra,W1,oas_trace_eps1e-6,3.0,pooled_class_measure,9,1,1,P1,0.6896551724137931,0.6920717150496563,0.0020198109559714,0.0341781268361955,0.0005892780488999,0,220,58,False
within_session,no_ra,W1,oas_trace_eps1e-6,3.0,pooled_class_measure,9,2,2,P1,0.7758620689655172,0.7673453996983408,0.0020595728419721,0.0361506091430783,0.0006232863645358,0,220,58,False
within_session,no_ra,W1,oas_trace_eps1e-6,4.0,pooled_class_measure,9,1,1,P1,0.7241379310344828,0.7281918449197862,0.002379392972216,0.0349874121602624,0.0006032312441424,0,220,58,False
within_session,no_ra,W1,oas_trace_eps1e-6,4.0,pooled_class_measure,9,2,2,P1,0.7931034482758621,0.7891402714932126,0.0020209390204399,0.0367707011755555,0.000633977606475,0,220,58,False
within_session,no_ra,W1,oas_trace_eps1e-6,0.0,exact_sorted_order_statistics,9,1,1,P2,0.7241379310344828,0.7331813407181054,1.086916770786047,0.0008560500573366,1.4759483747184277e-05,0,230,58,False
within_session,no_ra,W1,oas_trace_eps1e-6,0.0,exact_sorted_order_statistics,9,2,2,P2,0.913793103448276,0.9160633484162896,1.0931599759496748,0.0008780090138316,1.513808644537268e-05,0,230,58,False
within_session,no_ra,W1,oas_trace_eps1e-6,1.0,exact_sorted_order_statistics,9,1,1,P2,0.7586206896551724,0.756803857906799,1.1368856658227742,0.0008958911057561,1.544639837510627e-05,0,230,58,False
within_session,no_ra,W1,oas_trace_eps1e-6,1.0,exact_sorted_order_statistics,9,2,2,P2,0.9310344827586208,0.9327300150829564,1.0119364471174777,0.000944297062233,1.6280983831605007e-05,0,230,58,False
within_session,no_ra,W1,oas_trace_eps1e-6,2.0,exact_sorted_order_statistics,9,1,1,P2,0.7758620689655172,0.777298987776929,1.057794586988166,0.0009831760544329,1.6951311283327383e-05,0,230,58,False
within_session,no_ra,W1,oas_trace_eps1e-6,2.0,exact_sorted_order_statistics,9,2,2,P2,0.913793103448276,0.9134992458521872,0.9966200750786812,0.0009374890942126,1.616360507263192e-05,0,230,58,False
within_session,no_ra,W1,oas_trace_eps1e-6,3.0,exact_sorted_order_statistics,9,1,1,P2,0.7413793103448276,0.7478872230710465,1.1686973180621862,0.0009023519232869,1.5557791780808876e-05,0,230,58,False
within_session,no_ra,W1,oas_trace_eps1e-6,3.0,exact_sorted_order_statistics,9,2,2,P2,0.913793103448276,0.9160633484162896,1.133685601875186,0.0009262298699468,1.5969480516324785e-05,0,230,58,False
within_session,no_ra,W1,oas_trace_eps1e-6,4.0,exact_sorted_order_statistics,9,1,1,P2,0.8448275862068966,0.8513655462184875,1.1334191388450563,0.0010476501192897,1.8062933091202687e-05,0,230,58,False
within_session,no_ra,W1,oas_trace_eps1e-6,4.0,exact_sorted_order_statistics,9,2,2,P2,0.896551724137931,0.9058823529411764,1.111928866012022,0.0009157019667327,1.5787964943667938e-05,0,230,58,False
within_session,no_ra,W2,oas_trace_eps1e-6,,trial_tangent,9,1,1,B1,0.7758620689655172,0.7741477272727273,0.2140374069567769,0.0082036021631211,0.0001414414166055,0,230,58,False
within_session,no_ra,W2,oas_trace_eps1e-6,,trial_tangent,9,2,2,B1,0.913793103448276,0.9205882352941176,0.204837576020509,0.0060774579178541,0.0001047837572043,0,230,58,False
within_session,no_ra,W2,oas_trace_eps1e-6,,airm_nearest_class_mean,9,1,1,B2,0.7413793103448276,0.7438168449197862,0.1846379819326102,0.0259236870333552,0.0004469601212647,0,230,58,False
within_session,no_ra,W2,oas_trace_eps1e-6,,airm_nearest_class_mean,9,2,2,B2,0.8448275862068966,0.848793363499246,0.1466644839383661,0.0208020040299743,0.0003586552418961,0,230,58,False
within_session,no_ra,W2,oas_trace_eps1e-6,,mean_decision_score,9,1,1,B3,0.7586206896551724,0.7506207028265852,0.7791593121364713,0.0225704899057745,0.0003891463776857,0,230,58,False
within_session,no_ra,W2,oas_trace_eps1e-6,,mean_decision_score,9,2,2,B3,0.9482758620689656,0.9513574660633484,0.6654499750584364,0.0219288000371307,0.0003780827592608,0,230,58,False
within_session,no_ra,W2,oas_trace_eps1e-6,,majority_vote_secondary,9,1,1,B3_majority,0.7068965517241379,0.6961301566080977,0.0,0.0,0.0,0,230,58,False
within_session,no_ra,W2,oas_trace_eps1e-6,,majority_vote_secondary,9,2,2,B3_majority,0.913793103448276,0.908371040723982,0.0,0.0,0.0,0,230,58,False
within_session,no_ra,W2,oas_trace_eps1e-6,,mean_window_log_svec,9,1,1,B4,0.7758620689655172,0.7701967150496563,0.0255495668388903,0.0005368159618228,9.255447617635644e-06,0,230,58,False
within_session,no_ra,W2,oas_trace_eps1e-6,,mean_window_log_svec,9,2,2,B4,0.896551724137931,0.9007541478129716,0.0219753270503133,0.0004699600394815,8.102759301405528e-06,0,230,58,False
within_session,no_ra,W2,oas_trace_eps1e-6,0.0,mean_std_projection_moments,9,1,1,B5,0.6896551724137931,0.7019313407181054,0.0494379161391407,0.0005875350907444,1.0129915357663711e-05,0,230,58,False
within_session,no_ra,W2,oas_trace_eps1e-6,0.0,mean_std_projection_moments,9,2,2,B5,0.9655172413793104,0.964102564102564,0.0457724940497428,0.000589630100876,1.0166036222001602e-05,0,230,58,False
within_session,no_ra,W2,oas_trace_eps1e-6,1.0,mean_std_projection_moments,9,1,1,B5,0.7068965517241379,0.7076967150496563,0.0467972981277853,0.0005105671007186,8.802881046872714e-06,0,230,58,False
within_session,no_ra,W2,oas_trace_eps1e-6,1.0,mean_std_projection_moments,9,2,2,B5,0.9310344827586208,0.9372549019607844,0.0489328990224748,0.00058492901735,1.008498305775996e-05,0,230,58,False
within_session,no_ra,W2,oas_trace_eps1e-6,2.0,mean_std_projection_moments,9,1,1,B5,0.6724137931034483,0.680003819709702,0.0478197438642382,0.0006286390125751,1.0838603665088786e-05,0,230,58,False
within_session,no_ra,W2,oas_trace_eps1e-6,2.0,mean_std_projection_moments,9,2,2,B5,0.9310344827586208,0.9276018099547512,0.0521214089822024,0.0006117869634181,1.0548051093415968e-05,0,230,58,False
within_session,no_ra,W2,oas_trace_eps1e-6,3.0,mean_std_projection_moments,9,1,1,B5,0.6896551724137931,0.6858885599694423,0.0441454800311476,0.0005394311156123,9.30053647607565e-06,0,230,58,False
within_session,no_ra,W2,oas_trace_eps1e-6,3.0,mean_std_projection_moments,9,2,2,B5,0.8793103448275862,0.8840874811463046,0.0439479569904506,0.000504327006638,8.695293217897415e-06,0,230,58,False
within_session,no_ra,W2,oas_trace_eps1e-6,4.0,mean_std_projection_moments,9,1,1,B5,0.6724137931034483,0.6706694041252865,0.0461085569113493,0.0006008630152791,1.0359707159985756e-05,0,230,58,False
within_session,no_ra,W2,oas_trace_eps1e-6,4.0,mean_std_projection_moments,9,2,2,B5,0.913793103448276,0.9205882352941176,0.0458292940165847,0.0005171231459826,8.915916310045225e-06,0,230,58,False
within_session,no_ra,W2,oas_trace_eps1e-6,0.0,pooled_class_measure,9,1,1,P1,0.7241379310344828,0.7272727272727273,0.0013523050583899,0.022641085088253,0.0003903635360043,0,220,58,False
within_session,no_ra,W2,oas_trace_eps1e-6,0.0,pooled_class_measure,9,2,2,P1,0.8275862068965517,0.822473604826546,0.0013042208738625,0.0196995849255472,0.0003396480159577,0,220,58,False
within_session,no_ra,W2,oas_trace_eps1e-6,1.0,pooled_class_measure,9,1,1,P1,0.6896551724137931,0.6911525974025974,0.001287697115913,0.0217890420462936,0.0003756731387292,0,220,58,False
within_session,no_ra,W2,oas_trace_eps1e-6,1.0,pooled_class_measure,9,2,2,P1,0.7413793103448276,0.7334087481146304,0.0016306608449667,0.0230940969195216,0.0003981740848193,0,220,58,False
within_session,no_ra,W2,oas_trace_eps1e-6,2.0,pooled_class_measure,9,1,1,P1,0.6724137931034483,0.6710633116883118,0.0013255749363452,0.0200906158424913,0.0003463899283188,0,220,58,False
within_session,no_ra,W2,oas_trace_eps1e-6,2.0,pooled_class_measure,9,2,2,P1,0.7413793103448276,0.7359728506787331,0.0015786001458764,0.0188897508196532,0.0003256853589595,0,220,58,False
within_session,no_ra,W2,oas_trace_eps1e-6,3.0,pooled_class_measure,9,1,1,P1,0.6551724137931034,0.6608217150496563,0.0012979118619114,0.0181914151180535,0.0003136450882423,0,220,58,False
within_session,no_ra,W2,oas_trace_eps1e-6,3.0,pooled_class_measure,9,2,2,P1,0.7758620689655172,0.7693061840120664,0.0013207159936428,0.0189105509780347,0.0003260439823799,0,220,58,False
within_session,no_ra,W2,oas_trace_eps1e-6,4.0,pooled_class_measure,9,1,1,P1,0.6724137931034483,0.6710633116883118,0.0013821499887853,0.0208965630736202,0.0003602855702348,0,220,58,False
within_session,no_ra,W2,oas_trace_eps1e-6,4.0,pooled_class_measure,9,2,2,P1,0.8275862068965517,0.822473604826546,0.0013051170390099,0.0177243549842387,0.0003055923273144,0,220,58,False
within_session,no_ra,W2,oas_trace_eps1e-6,0.0,exact_sorted_order_statistics,9,1,1,P2,0.6551724137931034,0.6600338999236058,0.2577856441494077,0.0007029990665614,1.2120673561404491e-05,0,230,58,False
within_session,no_ra,W2,oas_trace_eps1e-6,0.0,exact_sorted_order_statistics,9,2,2,P2,0.896551724137931,0.9007541478129714,0.2415561550296843,0.000681814039126,1.175541446769032e-05,0,230,58,False
within_session,no_ra,W2,oas_trace_eps1e-6,1.0,exact_sorted_order_statistics,9,1,1,P2,0.6896551724137931,0.6827372994652406,0.2373343410436064,0.0006735739298164,1.1613343617525596e-05,0,230,58,False
within_session,no_ra,W2,oas_trace_eps1e-6,1.0,exact_sorted_order_statistics,9,2,2,P2,0.9482758620689656,0.9539215686274508,0.2441445898730307,0.0007127369754016,1.2288568541407583e-05,0,230,58,False
within_session,no_ra,W2,oas_trace_eps1e-6,2.0,exact_sorted_order_statistics,9,1,1,P2,0.6551724137931034,0.6572765469824293,0.239754123147577,0.0006881849840283,1.1865258345316196e-05,0,230,58,False
within_session,no_ra,W2,oas_trace_eps1e-6,2.0,exact_sorted_order_statistics,9,2,2,P2,0.8793103448275862,0.8795625942684766,0.2416616959962993,0.0007339720614254,1.2654690714231853e-05,0,230,58,False
within_session,no_ra,W2,oas_trace_eps1e-6,3.0,exact_sorted_order_statistics,9,1,1,P2,0.6206896551724138,0.6149732620320856,0.2331897928379476,0.0006401380524039,1.1036862972481497e-05,0,230,58,False
within_session,no_ra,W2,oas_trace_eps1e-6,3.0,exact_sorted_order_statistics,9,2,2,P2,0.8620689655172413,0.8648567119155355,0.2337804709095507,0.0006264050025492,1.080008625084984e-05,0,230,58,False
within_session,no_ra,W2,oas_trace_eps1e-6,4.0,exact_sorted_order_statistics,9,1,1,P2,0.6551724137931034,0.6542446524064172,0.2435258969198912,0.0007694121450185,1.3265726638251335e-05,0,230,58,False
within_session,no_ra,W2,oas_trace_eps1e-6,4.0,exact_sorted_order_statistics,9,2,2,P2,0.9310344827586208,0.9392156862745098,0.2357883448712527,0.0006866881158202,1.1839450272763597e-05,0,230,58,False
within_session,no_ra,W2,oas_trace_eps1e-6,,ordered_nonoverlap,9,1,1,ordered_control,0.7931034482758621,0.7979134835752483,1.2142824861221015,0.0266253491863608,0.0004590577445924,0,230,58,False
within_session,no_ra,W2,oas_trace_eps1e-6,,ordered_nonoverlap,9,2,2,ordered_control,0.913793103448276,0.9134992458521872,1.1595077540259808,0.0199862420558929,0.000344590380274,0,230,58,False
within_session,no_ra,W1,oas_trace_eps1e-6,,trial_tangent,9,1,1,B1,0.603448275862069,0.5762362637362637,0.185822342056781,0.0062213980127125,0.0001072654829778,1,230,58,False
within_session,no_ra,W1,oas_trace_eps1e-6,,trial_tangent,9,2,2,B1,0.8793103448275862,0.8755132734912148,0.1870843130163848,0.008095848141238,0.000139583588642,1,230,58,False
within_session,no_ra,W1,oas_trace_eps1e-6,,airm_nearest_class_mean,9,1,1,B2,0.5862068965517241,0.573489010989011,0.1684258140157908,0.0287827209103852,0.0004962538087997,1,230,58,False
within_session,no_ra,W1,oas_trace_eps1e-6,,airm_nearest_class_mean,9,2,2,B2,0.8793103448275862,0.869724025974026,0.1650961001869291,0.0207281489856541,0.000357381879063,1,230,58,False
within_session,no_ra,W1,oas_trace_eps1e-6,,mean_decision_score,9,1,1,B3,0.7413793103448276,0.7559315684315684,1.2172628459520638,0.0420813059899956,0.0007255397584482,1,230,58,False
within_session,no_ra,W1,oas_trace_eps1e-6,,mean_decision_score,9,2,2,B3,0.9482758620689656,0.951811974789916,1.273518990026787,0.0393291860818862,0.0006780894152049,1,230,58,False
within_session,no_ra,W1,oas_trace_eps1e-6,,majority_vote_secondary,9,1,1,B3_majority,0.6379310344827587,0.6476648351648352,0.0,0.0,0.0,1,230,58,False
within_session,no_ra,W1,oas_trace_eps1e-6,,majority_vote_secondary,9,2,2,B3_majority,0.9655172413793104,0.9594155844155844,0.0,0.0,0.0,1,230,58,False
within_session,no_ra,W1,oas_trace_eps1e-6,,mean_window_log_svec,9,1,1,B4,0.6724137931034483,0.6539085914085914,0.0240948100108653,0.0004512681625783,7.780485561695593e-06,1,230,58,False
within_session,no_ra,W1,oas_trace_eps1e-6,,mean_window_log_svec,9,2,2,B4,0.896551724137931,0.8845492742551566,0.0247142349835485,0.0004684349987655,8.07646549595841e-06,1,230,58,False
within_session,no_ra,W1,oas_trace_eps1e-6,0.0,mean_std_projection_moments,9,1,1,B5,0.6896551724137931,0.6695335914085914,0.047211545985192,0.0006453259848058,1.1126310082859009e-05,1,230,58,False
within_session,no_ra,W1,oas_trace_eps1e-6,0.0,mean_std_projection_moments,9,2,2,B5,0.9482758620689656,0.9437905844155844,0.0509576031472533,0.0005755871534347,9.923916438530231e-06,1,230,58,False
within_session,no_ra,W1,oas_trace_eps1e-6,1.0,mean_std_projection_moments,9,1,1,B5,0.5862068965517241,0.5885676823176823,0.0534818780142813,0.0006136700976639,1.0580518925241357e-05,1,230,58,False
within_session,no_ra,W1,oas_trace_eps1e-6,1.0,mean_std_projection_moments,9,2,2,B5,0.896551724137931,0.8836301566080977,0.0435542738996446,0.0004945350810885,8.526466915319706e-06,1,230,58,False
within_session,no_ra,W1,oas_trace_eps1e-6,2.0,mean_std_projection_moments,9,1,1,B5,0.7068965517241379,0.6723745004995005,0.0538496649824082,0.0006811248604208,1.1743532076221088e-05,1,230,58,False
within_session,no_ra,W1,oas_trace_eps1e-6,2.0,mean_std_projection_moments,9,2,2,B5,0.9482758620689656,0.9437905844155844,0.0475023558828979,0.0005347391124814,9.219639870370256e-06,1,230,58,False
within_session,no_ra,W1,oas_trace_eps1e-6,3.0,mean_std_projection_moments,9,1,1,B5,0.7241379310344828,0.715955919080919,0.0500925630331039,0.0006713578477501,1.1575135306037706e-05,1,230,58,False
within_session,no_ra,W1,oas_trace_eps1e-6,3.0,mean_std_projection_moments,9,2,2,B5,0.8275862068965517,0.8078447288006111,0.0471068629994988,0.0005332569126039,9.194084700068525e-06,1,230,58,False
within_session,no_ra,W1,oas_trace_eps1e-6,4.0,mean_std_projection_moments,9,1,1,B5,0.6551724137931034,0.6340222277722277,0.0449457140639424,0.000507237156853,8.745468221604824e-06,1,230,58,False
within_session,no_ra,W1,oas_trace_eps1e-6,4.0,mean_std_projection_moments,9,2,2,B5,0.8793103448275862,0.8538006111535523,0.0465747199486941,0.0005433701444417,9.368450766236616e-06,1,230,58,False
within_session,no_ra,W1,oas_trace_eps1e-6,0.0,pooled_class_measure,9,1,1,P1,0.5689655172413793,0.5785152347652347,0.0019572379533201,0.031911397119984,0.0005501965020686,1,200,58,False
within_session,no_ra,W1,oas_trace_eps1e-6,0.0,pooled_class_measure,9,2,2,P1,0.8793103448275862,0.8586707410236822,0.0024418910034,0.0333467868622392,0.000574944601073,1,220,58,False
within_session,no_ra,W1,oas_trace_eps1e-6,1.0,pooled_class_measure,9,1,1,P1,0.5862068965517241,0.5856175074925075,0.0019933299627155,0.0319162551313638,0.0005502802608855,1,200,58,False
within_session,no_ra,W1,oas_trace_eps1e-6,1.0,pooled_class_measure,9,2,2,P1,0.896551724137931,0.8685064935064934,0.0020480919629335,0.0332313021644949,0.0005729534855947,1,220,58,False
within_session,no_ra,W1,oas_trace_eps1e-6,2.0,pooled_class_measure,9,1,1,P1,0.603448275862069,0.5841033966033966,0.0020650189835578,0.0340674498584121,0.000587369825145,1,200,58,False
within_session,no_ra,W1,oas_trace_eps1e-6,2.0,pooled_class_measure,9,2,2,P1,0.9310344827586208,0.913961038961039,0.002484074095264,0.0376897200476378,0.000649822759442,1,220,58,False
within_session,no_ra,W1,oas_trace_eps1e-6,3.0,pooled_class_measure,9,1,1,P1,0.5862068965517241,0.5856175074925075,0.0019957220647484,0.0318511438090354,0.0005491576518799,1,200,58,False
within_session,no_ra,W1,oas_trace_eps1e-6,3.0,pooled_class_measure,9,2,2,P1,0.8620689655172413,0.8301542207792207,0.0023795620072633,0.0387154459021985,0.0006675076879689,1,220,58,False
within_session,no_ra,W1,oas_trace_eps1e-6,4.0,pooled_class_measure,9,1,1,P1,0.603448275862069,0.5762362637362637,0.0023238810244947,0.0354809330310672,0.0006117402246735,1,200,58,False
within_session,no_ra,W1,oas_trace_eps1e-6,4.0,pooled_class_measure,9,2,2,P1,0.8620689655172413,0.8359434682964095,0.0020189469214528,0.0389406951144337,0.0006713912950764,1,220,58,False
within_session,no_ra,W1,oas_trace_eps1e-6,0.0,exact_sorted_order_statistics,9,1,1,P2,0.6724137931034483,0.658169955044955,1.119275090051815,0.0009174291044473,1.581774318012698e-05,1,230,58,False
within_session,no_ra,W1,oas_trace_eps1e-6,0.0,exact_sorted_order_statistics,9,2,2,P2,0.896551724137931,0.898753819709702,1.0477960868738592,0.0010621501132845,1.831293298766531e-05,1,230,58,False
within_session,no_ra,W1,oas_trace_eps1e-6,1.0,exact_sorted_order_statistics,9,1,1,P2,0.6551724137931034,0.6547671078921079,1.153065182035789,0.0009225979447364,1.590686111614622e-05,1,230,58,False
within_session,no_ra,W1,oas_trace_eps1e-6,1.0,exact_sorted_order_statistics,9,2,2,P2,0.8620689655172413,0.8613206646294882,1.013156837085262,0.0009121398907154,1.5726549839922065e-05,1,230,58,False
within_session,no_ra,W1,oas_trace_eps1e-6,2.0,exact_sorted_order_statistics,9,1,1,P2,0.6724137931034483,0.6539085914085914,1.2737624698784202,0.0010904960799962,1.8801656551659107e-05,1,230,58,False
within_session,no_ra,W1,oas_trace_eps1e-6,2.0,exact_sorted_order_statistics,9,2,2,P2,0.9482758620689656,0.9437905844155844,1.0989971889648589,0.0010301209986209,1.7760706872775638e-05,1,230,58,False
within_session,no_ra,W1,oas_trace_eps1e-6,3.0,exact_sorted_order_statistics,9,1,1,P2,0.6724137931034483,0.6496472277722277,1.0253131450153887,0.000921166036278,1.5882173039276025e-05,1,230,58,False
within_session,no_ra,W1,oas_trace_eps1e-6,3.0,exact_sorted_order_statistics,9,2,2,P2,0.7931034482758621,0.7672603132161956,1.042661975836381,0.00101676909253,1.7530501595345036e-05,1,230,58,False
within_session,no_ra,W1,oas_trace_eps1e-6,4.0,exact_sorted_order_statistics,9,1,1,P2,0.6724137931034483,0.6653814935064934,1.026132598053664,0.0009688818827271,1.670486004701976e-05,1,230,58,False
within_session,no_ra,W1,oas_trace_eps1e-6,4.0,exact_sorted_order_statistics,9,2,2,P2,0.8793103448275862,0.8538006111535523,1.0512339351698756,0.0009290780872106,1.6018587710528537e-05,1,230,58,False
within_session,no_ra,W2,oas_trace_eps1e-6,,trial_tangent,9,1,1,B1,0.603448275862069,0.5762362637362637,0.1915732959751039,0.0062013540882617,0.0001069198980734,1,230,58,False
within_session,no_ra,W2,oas_trace_eps1e-6,,trial_tangent,9,2,2,B1,0.8793103448275862,0.8755132734912148,0.1928138609509915,0.006107399938628,0.0001052999989418,1,230,58,False
within_session,no_ra,W2,oas_trace_eps1e-6,,airm_nearest_class_mean,9,1,1,B2,0.5862068965517241,0.573489010989011,0.1775286649353802,0.0212944578379392,0.000367145824792,1,230,58,False
within_session,no_ra,W2,oas_trace_eps1e-6,,airm_nearest_class_mean,9,2,2,B2,0.8793103448275862,0.869724025974026,0.1670490109827369,0.0220560040324926,0.0003802759315947,1,230,58,False
within_session,no_ra,W2,oas_trace_eps1e-6,,mean_decision_score,9,1,1,B3,0.6551724137931034,0.6547671078921079,0.7391124388668686,0.0217265179380774,0.0003745951368634,1,230,58,False
within_session,no_ra,W2,oas_trace_eps1e-6,,mean_decision_score,9,2,2,B3,0.9482758620689656,0.951811974789916,0.7128870449960232,0.0209617030341178,0.000361408673002,1,230,58,False
within_session,no_ra,W2,oas_trace_eps1e-6,,majority_vote_secondary,9,1,1,B3_majority,0.603448275862069,0.6249375624375625,0.0,0.0,0.0,1,230,58,False
within_session,no_ra,W2,oas_trace_eps1e-6,,majority_vote_secondary,9,2,2,B3_majority,0.9310344827586208,0.9219824293353704,0.0,0.0,0.0,1,230,58,False
within_session,no_ra,W2,oas_trace_eps1e-6,,mean_window_log_svec,9,1,1,B4,0.5862068965517241,0.5448769980019981,0.0212616890203207,0.0004845079965889,8.353586148085265e-06,1,230,58,False
within_session,no_ra,W2,oas_trace_eps1e-6,,mean_window_log_svec,9,2,2,B4,0.896551724137931,0.8845492742551566,0.0229142468888312,0.0004624240100383,7.972827759282343e-06,1,230,58,False
within_session,no_ra,W2,oas_trace_eps1e-6,0.0,mean_std_projection_moments,9,1,1,B5,0.6724137931034483,0.6782592407592407,0.0516316471621394,0.0005211299285292,8.984998767745906e-06,1,230,58,False
within_session,no_ra,W2,oas_trace_eps1e-6,0.0,mean_std_projection_moments,9,2,2,B5,0.913793103448276,0.9134597020626432,0.0444632270373404,0.0005298119504004,9.134688800008132e-06,1,230,58,False
within_session,no_ra,W2,oas_trace_eps1e-6,1.0,mean_std_projection_moments,9,1,1,B5,0.603448275862069,0.5598464035964036,0.0438931169919669,0.0005443631671369,9.385571847188062e-06,1,230,58,False
within_session,no_ra,W2,oas_trace_eps1e-6,1.0,mean_std_projection_moments,9,2,2,B5,0.913793103448276,0.9063574293353704,0.0439506529364734,0.0005041789263486,8.692740109460108e-06,1,230,58,False
within_session,no_ra,W2,oas_trace_eps1e-6,2.0,mean_std_projection_moments,9,1,1,B5,0.603448275862069,0.5683691308691309,0.0540607580915093,0.0006291130557656,1.0846776823545324e-05,1,230,58,False
within_session,no_ra,W2,oas_trace_eps1e-6,2.0,mean_std_projection_moments,9,2,2,B5,0.9482758620689656,0.9508928571428572,0.0458489200100302,0.0005114569794386,8.818223783425216e-06,1,230,58,False
within_session,no_ra,W2,oas_trace_eps1e-6,3.0,mean_std_projection_moments,9,1,1,B5,0.6724137931034483,0.6453858641358641,0.0476008551195263,0.000554024009034,9.552138086793752e-06,1,230,58,False
within_session,no_ra,W2,oas_trace_eps1e-6,3.0,mean_std_projection_moments,9,2,2,B5,0.8448275862068966,0.8225506111535523,0.0483552089426666,0.000651943963021,1.1240413155535172e-05,1,230,58,False
within_session,no_ra,W2,oas_trace_eps1e-6,4.0,mean_std_projection_moments,9,1,1,B5,0.603448275862069,0.5755806693306693,0.0508160241879522,0.0005409789737313,9.327223685024114e-06,1,230,58,False
within_session,no_ra,W2,oas_trace_eps1e-6,4.0,mean_std_projection_moments,9,2,2,B5,0.8793103448275862,0.8689242742551566,0.053754880093038,0.0005802339874207,1.0004034265875816e-05,1,230,58,False
within_session,no_ra,W2,oas_trace_eps1e-6,0.0,pooled_class_measure,9,1,1,P1,0.5689655172413793,0.5499032217782218,0.0013150321319699,0.0189007860608398,0.0003258756217386,1,200,58,False
within_session,no_ra,W2,oas_trace_eps1e-6,0.0,pooled_class_measure,9,2,2,P1,0.8448275862068966,0.8203184682964095,0.0012603250797837,0.0163537771441042,0.0002819616748983,1,220,58,False
within_session,no_ra,W2,oas_trace_eps1e-6,1.0,pooled_class_measure,9,1,1,P1,0.603448275862069,0.5804976273726274,0.0010803630575537,0.0200551229063421,0.0003457779811438,1,200,58,False
within_session,no_ra,W2,oas_trace_eps1e-6,1.0,pooled_class_measure,9,2,2,P1,0.8448275862068966,0.8193993506493507,0.0013119790237396,0.0189903369173407,0.0003274196020231,1,220,58,False
within_session,no_ra,W2,oas_trace_eps1e-6,2.0,pooled_class_measure,9,1,1,P1,0.603448275862069,0.5762362637362637,0.0013066241517663,0.021085106069222,0.0003635363115383,1,200,58,False
within_session,no_ra,W2,oas_trace_eps1e-6,2.0,pooled_class_measure,9,2,2,P1,0.8620689655172413,0.8398944805194805,0.0013402481563389,0.020139860920608,0.0003472389813897,1,220,58,False
within_session,no_ra,W2,oas_trace_eps1e-6,3.0,pooled_class_measure,9,1,1,P1,0.603448275862069,0.6012425074925075,0.0013773299288004,0.0228432998992502,0.0003938499982629,1,200,58,False
within_session,no_ra,W2,oas_trace_eps1e-6,3.0,pooled_class_measure,9,2,2,P1,0.8448275862068966,0.8171672077922078,0.001611232990399,0.0237498260103166,0.0004094797587985,1,220,58,False
within_session,no_ra,W2,oas_trace_eps1e-6,4.0,pooled_class_measure,9,1,1,P1,0.5689655172413793,0.5577703546453546,0.0010696200188249,0.0167440378572791,0.0002886903078841,1,200,58,False
within_session,no_ra,W2,oas_trace_eps1e-6,4.0,pooled_class_measure,9,2,2,P1,0.8620689655172413,0.8421266233766234,0.0013041831552982,0.0191686060279607,0.0003304932073786,1,220,58,False
within_session,no_ra,W2,oas_trace_eps1e-6,0.0,exact_sorted_order_statistics,9,1,1,P2,0.5862068965517241,0.5978396603396603,0.2380307731218636,0.0007451870478689,1.2848052549464949e-05,1,230,58,False
within_session,no_ra,W2,oas_trace_eps1e-6,0.0,exact_sorted_order_statistics,9,2,2,P2,0.9310344827586208,0.9290847020626432,0.2272788931149989,0.0006660020444542,1.1482793869900293e-05,1,230,58,False
within_session,no_ra,W2,oas_trace_eps1e-6,1.0,exact_sorted_order_statistics,9,1,1,P2,0.603448275862069,0.5999313186813187,0.233689019922167,0.0007327680941671,1.2633932658053678e-05,1,230,58,False
within_session,no_ra,W2,oas_trace_eps1e-6,1.0,exact_sorted_order_statistics,9,2,2,P2,0.913793103448276,0.9063574293353704,0.2288931491784751,0.0006791010964661,1.1708639594244546e-05,1,230,58,False
within_session,no_ra,W2,oas_trace_eps1e-6,2.0,exact_sorted_order_statistics,9,1,1,P2,0.603448275862069,0.5605019980019981,0.2474161349236965,0.0008260339964181,1.42419654554848e-05,1,230,58,False
within_session,no_ra,W2,oas_trace_eps1e-6,2.0,exact_sorted_order_statistics,9,2,2,P2,0.896551724137931,0.8907324293353704,0.2310679778456688,0.0007177360821515,1.2374760037095382e-05,1,230,58,False
within_session,no_ra,W2,oas_trace_eps1e-6,3.0,exact_sorted_order_statistics,9,1,1,P2,0.6206896551724138,0.5712100399600399,0.2508530339691788,0.0008458930533379,1.4584362988585028e-05,1,230,58,False
within_session,no_ra,W2,oas_trace_eps1e-6,3.0,exact_sorted_order_statistics,9,2,2,P2,0.8103448275862069,0.7851174560733384,0.2433579680509865,0.0008336149621754,1.4372671761646352e-05,1,230,58,False
within_session,no_ra,W2,oas_trace_eps1e-6,4.0,exact_sorted_order_statistics,9,1,1,P2,0.6379310344827587,0.5947021728271729,0.2319431549403816,0.000663184095174,1.1434208537484037e-05,1,230,58,False
within_session,no_ra,W2,oas_trace_eps1e-6,4.0,exact_sorted_order_statistics,9,2,2,P2,0.913793103448276,0.919248949579832,0.2224992990959435,0.000723224831745,1.2469393650776354e-05,1,230,58,False
within_session,no_ra,W2,oas_trace_eps1e-6,,ordered_nonoverlap,9,1,1,ordered_control,0.7931034482758621,0.778455919080919,1.143360799876973,0.0270923150237649,0.00046710887972,1,230,58,False
within_session,no_ra,W2,oas_trace_eps1e-6,,ordered_nonoverlap,9,2,2,ordered_control,0.9482758620689656,0.9447097020626432,1.1371477849315852,0.0261814179830253,0.000451403758328,1,230,58,False
within_session,no_ra,W1,oas_trace_eps1e-6,,trial_tangent,9,1,1,B1,0.5789473684210527,0.6215277777777778,0.1810730460565537,0.0068266128655523,0.0001197651379921,2,231,57,False
within_session,no_ra,W1,oas_trace_eps1e-6,,trial_tangent,9,2,2,B1,0.8448275862068966,0.8508771929824561,0.2088098269887268,0.0060336580500006,0.0001040285870689,2,230,58,False
within_session,no_ra,W1,oas_trace_eps1e-6,,airm_nearest_class_mean,9,1,1,B2,0.543859649122807,0.6038194444444445,0.192186830099672,0.0204592931549996,0.0003589349676315,2,231,57,False
within_session,no_ra,W1,oas_trace_eps1e-6,,airm_nearest_class_mean,9,2,2,B2,0.8275862068965517,0.8015350877192984,0.1799202568363398,0.0205417938996106,0.0003541688603381,2,230,58,False
within_session,no_ra,W1,oas_trace_eps1e-6,,mean_decision_score,9,1,1,B3,0.6842105263157895,0.7295138888888889,1.1899241011124104,0.0341480409260839,0.0005990884372997,2,231,57,False
within_session,no_ra,W1,oas_trace_eps1e-6,,mean_decision_score,9,2,2,B3,0.896551724137931,0.8903508771929824,1.2394400511402637,0.0360330259427428,0.0006212590679783,2,230,58,False
within_session,no_ra,W1,oas_trace_eps1e-6,,majority_vote_secondary,9,1,1,B3_majority,0.6140350877192983,0.653125,0.0,0.0,0.0,2,231,57,False
within_session,no_ra,W1,oas_trace_eps1e-6,,majority_vote_secondary,9,2,2,B3_majority,0.896551724137931,0.8903508771929824,0.0,0.0,0.0,2,230,58,False
within_session,no_ra,W1,oas_trace_eps1e-6,,mean_window_log_svec,9,1,1,B4,0.5789473684210527,0.6190972222222222,0.0203513999003916,0.0003808918409049,6.682312998332475e-06,2,231,57,False
within_session,no_ra,W1,oas_trace_eps1e-6,,mean_window_log_svec,9,2,2,B4,0.8275862068965517,0.8432017543859649,0.020715408027172,0.0004294109530746,7.403637121977477e-06,2,230,58,False
within_session,no_ra,W1,oas_trace_eps1e-6,0.0,mean_std_projection_moments,9,1,1,B5,0.6842105263157895,0.7104166666666667,0.0438487608917057,0.0004966268315911,8.712751431423321e-06,2,231,57,False
within_session,no_ra,W1,oas_trace_eps1e-6,0.0,mean_std_projection_moments,9,2,2,B5,0.8448275862068966,0.8633040935672515,0.0434236619621515,0.0005308820400387,9.15313862135698e-06,2,230,58,False
within_session,no_ra,W1,oas_trace_eps1e-6,1.0,mean_std_projection_moments,9,1,1,B5,0.7543859649122807,0.7951388888888888,0.0493369209580123,0.0006064518820494,1.0639506702621778e-05,2,231,57,False
within_session,no_ra,W1,oas_trace_eps1e-6,1.0,mean_std_projection_moments,9,2,2,B5,0.7931034482758621,0.8106725146198831,0.0442704318556934,0.0005223641637712,9.00627868571158e-06,2,230,58,False
within_session,no_ra,W1,oas_trace_eps1e-6,2.0,mean_std_projection_moments,9,1,1,B5,0.6491228070175439,0.7017361111111111,0.042361174011603,0.0005041528493165,8.844786830115736e-06,2,231,57,False
within_session,no_ra,W1,oas_trace_eps1e-6,2.0,mean_std_projection_moments,9,2,2,B5,0.8448275862068966,0.8494152046783625,0.0458368889521807,0.0005928338505327,1.0221273285047762e-05,2,230,58,False
within_session,no_ra,W1,oas_trace_eps1e-6,3.0,mean_std_projection_moments,9,1,1,B5,0.631578947368421,0.6732638888888889,0.046880979090929,0.0005039339885115,8.840947166869515e-06,2,231,57,False
within_session,no_ra,W1,oas_trace_eps1e-6,3.0,mean_std_projection_moments,9,2,2,B5,0.8275862068965517,0.8154239766081871,0.0454264699947088,0.0005220950115472,9.001638130124274e-06,2,230,58,False
within_session,no_ra,W1,oas_trace_eps1e-6,4.0,mean_std_projection_moments,9,1,1,B5,0.6140350877192983,0.66875,0.0459624531213194,0.0005667330697178,9.942685433647089e-06,2,231,57,False
within_session,no_ra,W1,oas_trace_eps1e-6,4.0,mean_std_projection_moments,9,2,2,B5,0.8620689655172413,0.8640350877192983,0.0440975369419902,0.0004972349852323,8.573016986764711e-06,2,230,58,False
within_session,no_ra,W1,oas_trace_eps1e-6,0.0,pooled_class_measure,9,1,1,P1,0.5263157894736842,0.5902777777777778,0.0021406959276646,0.0313866899814456,0.000550643683885,2,216,57,False
within_session,no_ra,W1,oas_trace_eps1e-6,0.0,pooled_class_measure,9,2,2,P1,0.7931034482758621,0.7883771929824561,0.0021088800858706,0.0351463118568062,0.0006059708940828,2,212,58,False
within_session,no_ra,W1,oas_trace_eps1e-6,1.0,pooled_class_measure,9,1,1,P1,0.5087719298245614,0.5451388888888888,0.0024693710729479,0.0326297469437122,0.0005724517007668,2,216,57,False
within_session,no_ra,W1,oas_trace_eps1e-6,1.0,pooled_class_measure,9,2,2,P1,0.7931034482758621,0.7960526315789473,0.0020570529159158,0.0322109761182218,0.0005553616572107,2,212,58,False
within_session,no_ra,W1,oas_trace_eps1e-6,2.0,pooled_class_measure,9,1,1,P1,0.5964912280701754,0.6510416666666666,0.002465354045853,0.0368657407816499,0.0006467673821342,2,216,57,False
within_session,no_ra,W1,oas_trace_eps1e-6,2.0,pooled_class_measure,9,2,2,P1,0.8103448275862069,0.8092105263157895,0.0020411380100995,0.0329799198079854,0.0005686193070342,2,212,58,False
within_session,no_ra,W1,oas_trace_eps1e-6,3.0,pooled_class_measure,9,1,1,P1,0.543859649122807,0.5930555555555556,0.0021352600306272,0.0345853921025991,0.0006067612649578,2,216,57,False
within_session,no_ra,W1,oas_trace_eps1e-6,3.0,pooled_class_measure,9,2,2,P1,0.7586206896551724,0.739766081871345,0.0020632438827306,0.0300792600028216,0.0005186079310831,2,212,58,False
within_session,no_ra,W1,oas_trace_eps1e-6,4.0,pooled_class_measure,9,1,1,P1,0.4561403508771929,0.515625,0.0021205500233918,0.0313096060417592,0.0005492913340659,2,216,57,False
within_session,no_ra,W1,oas_trace_eps1e-6,4.0,pooled_class_measure,9,2,2,P1,0.7758620689655172,0.775219298245614,0.0020959910470992,0.0313887109514325,0.0005411846715764,2,212,58,False
within_session,no_ra,W1,oas_trace_eps1e-6,0.0,exact_sorted_order_statistics,9,1,1,P2,0.6666666666666666,0.7100694444444444,1.0642627908382565,0.0009156190790235,1.6063492614449116e-05,2,231,57,False
within_session,no_ra,W1,oas_trace_eps1e-6,0.0,exact_sorted_order_statistics,9,2,2,P2,0.8448275862068966,0.8501461988304094,1.0851043011061847,0.0009816109668463,1.6924327014592186e-05,2,230,58,False
within_session,no_ra,W1,oas_trace_eps1e-6,1.0,exact_sorted_order_statistics,9,1,1,P2,0.7543859649122807,0.7895833333333333,1.0837627740111202,0.0010123171377927,1.7759949785836955e-05,2,231,57,False
within_session,no_ra,W1,oas_trace_eps1e-6,1.0,exact_sorted_order_statistics,9,2,2,P2,0.8275862068965517,0.8362573099415205,1.0950110389385372,0.0010442808270454,1.8004841845611046e-05,2,230,58,False
within_session,no_ra,W1,oas_trace_eps1e-6,2.0,exact_sorted_order_statistics,9,1,1,P2,0.6666666666666666,0.6982638888888889,1.0181660710368303,0.0009823490399867,1.723419368397771e-05,2,231,57,False
within_session,no_ra,W1,oas_trace_eps1e-6,2.0,exact_sorted_order_statistics,9,2,2,P2,0.8103448275862069,0.8154239766081871,1.0594691010192037,0.0009073470719158,1.5643915033032153e-05,2,230,58,False
within_session,no_ra,W1,oas_trace_eps1e-6,3.0,exact_sorted_order_statistics,9,1,1,P2,0.6491228070175439,0.6899305555555555,1.0500001560430974,0.0008932009804993,1.567019264034012e-05,2,231,57,False
within_session,no_ra,W1,oas_trace_eps1e-6,3.0,exact_sorted_order_statistics,9,2,2,P2,0.8103448275862069,0.8015350877192983,1.010075882077217,0.0008830598089843,1.522516912042067e-05,2,230,58,False
within_session,no_ra,W1,oas_trace_eps1e-6,4.0,exact_sorted_order_statistics,9,1,1,P2,0.5614035087719298,0.6243055555555556,1.06893488089554,0.0009186908137053,1.6117382696584653e-05,2,231,57,False
within_session,no_ra,W1,oas_trace_eps1e-6,4.0,exact_sorted_order_statistics,9,2,2,P2,0.8620689655172413,0.8786549707602339,1.0412686010822654,0.0009108048398047,1.5703531720771873e-05,2,230,58,False
within_session,no_ra,W2,oas_trace_eps1e-6,,trial_tangent,9,1,1,B1,0.5789473684210527,0.6215277777777778,0.2217518619727343,0.0057801180519163,0.0001014055798581,2,231,57,False
within_session,no_ra,W2,oas_trace_eps1e-6,,trial_tangent,9,2,2,B1,0.8448275862068966,0.8508771929824561,0.1767500650603324,0.0081476850900799,0.0001404773291393,2,230,58,False
within_session,no_ra,W2,oas_trace_eps1e-6,,airm_nearest_class_mean,9,1,1,B2,0.543859649122807,0.6038194444444445,0.1677158309612423,0.0268456048797816,0.0004709755242066,2,231,57,False
within_session,no_ra,W2,oas_trace_eps1e-6,,airm_nearest_class_mean,9,2,2,B2,0.8275862068965517,0.8015350877192984,0.1562819359824061,0.0207463619299232,0.0003576958953435,2,230,58,False
within_session,no_ra,W2,oas_trace_eps1e-6,,mean_decision_score,9,1,1,B3,0.6140350877192983,0.6715277777777777,0.7299515770282596,0.0207072289194911,0.0003632847178858,2,231,57,False
within_session,no_ra,W2,oas_trace_eps1e-6,,mean_decision_score,9,2,2,B3,0.8620689655172413,0.8640350877192983,0.6917029428295791,0.020698350155726,0.0003568681061332,2,230,58,False
within_session,no_ra,W2,oas_trace_eps1e-6,,majority_vote_secondary,9,1,1,B3_majority,0.5964912280701754,0.6055555555555556,0.0,0.0,0.0,2,231,57,False
within_session,no_ra,W2,oas_trace_eps1e-6,,majority_vote_secondary,9,2,2,B3_majority,0.8103448275862069,0.8245614035087719,0.0,0.0,0.0,2,230,58,False
within_session,no_ra,W2,oas_trace_eps1e-6,,mean_window_log_svec,9,1,1,B4,0.4736842105263157,0.5111111111111111,0.0216062678955495,0.0004215310327708,7.395281276681967e-06,2,231,57,False
within_session,no_ra,W2,oas_trace_eps1e-6,,mean_window_log_svec,9,2,2,B4,0.7586206896551724,0.7605994152046783,0.0219604128506034,0.0004377691075205,7.547743233113453e-06,2,230,58,False
within_session,no_ra,W2,oas_trace_eps1e-6,0.0,mean_std_projection_moments,9,1,1,B5,0.5614035087719298,0.6048611111111111,0.046438068151474,0.0005375379696488,9.43049069559365e-06,2,231,57,False
within_session,no_ra,W2,oas_trace_eps1e-6,0.0,mean_std_projection_moments,9,2,2,B5,0.8448275862068966,0.8494152046783625,0.0472323498688638,0.0005665391217917,9.767915892960696e-06,2,230,58,False
within_session,no_ra,W2,oas_trace_eps1e-6,1.0,mean_std_projection_moments,9,1,1,B5,0.6491228070175439,0.7027777777777777,0.046703872969374,0.0006021279841661,1.0563648845020092e-05,2,231,57,False
within_session,no_ra,W2,oas_trace_eps1e-6,1.0,mean_std_projection_moments,9,2,2,B5,0.7586206896551724,0.7613304093567251,0.0458739059977233,0.0005557630211114,9.58212105364635e-06,2,230,58,False
within_session,no_ra,W2,oas_trace_eps1e-6,2.0,mean_std_projection_moments,9,1,1,B5,0.5789473684210527,0.6409722222222223,0.0534344920888543,0.0006601391360163,1.1581388351164364e-05,2,231,57,False
within_session,no_ra,W2,oas_trace_eps1e-6,2.0,mean_std_projection_moments,9,2,2,B5,0.8275862068965517,0.8285818713450293,0.0532451148610562,0.0005730998236685,9.881031442562054e-06,2,230,58,False
within_session,no_ra,W2,oas_trace_eps1e-6,3.0,mean_std_projection_moments,9,1,1,B5,0.5263157894736842,0.5819444444444445,0.0459704720415174,0.000543626025319,9.537298689808762e-06,2,231,57,False
within_session,no_ra,W2,oas_trace_eps1e-6,3.0,mean_std_projection_moments,9,2,2,B5,0.8103448275862069,0.802266081871345,0.0525665371678769,0.0006190210115164,1.067277606062848e-05,2,230,58,False
within_session,no_ra,W2,oas_trace_eps1e-6,4.0,mean_std_projection_moments,9,1,1,B5,0.5087719298245614,0.5590277777777778,0.0444796928204596,0.0005124991293996,8.991212796485215e-06,2,231,57,False
within_session,no_ra,W2,oas_trace_eps1e-6,4.0,mean_std_projection_moments,9,2,2,B5,0.7241379310344828,0.7266081871345029,0.0446693359408527,0.0005453440826386,9.402484183424503e-06,2,230,58,False
within_session,no_ra,W2,oas_trace_eps1e-6,0.0,pooled_class_measure,9,1,1,P1,0.4912280701754385,0.5652777777777778,0.0012319269590079,0.0181541151832789,0.0003184932488294,2,216,57,False
within_session,no_ra,W2,oas_trace_eps1e-6,0.0,pooled_class_measure,9,2,2,P1,0.7758620689655172,0.7675438596491229,0.0012331958860158,0.0197712660301476,0.0003408838970715,2,212,58,False
within_session,no_ra,W2,oas_trace_eps1e-6,1.0,pooled_class_measure,9,1,1,P1,0.4385964912280701,0.4722222222222222,0.0015942240133881,0.0232008569873869,0.000407032578726,2,216,57,False
within_session,no_ra,W2,oas_trace_eps1e-6,1.0,pooled_class_measure,9,2,2,P1,0.7413793103448276,0.7266081871345029,0.0012006349861621,0.0200330698862671,0.0003453977566597,2,212,58,False
within_session,no_ra,W2,oas_trace_eps1e-6,2.0,pooled_class_measure,9,1,1,P1,0.4912280701754385,0.5694444444444444,0.0015461209695786,0.0222803899087011,0.0003908840334859,2,216,57,False
within_session,no_ra,W2,oas_trace_eps1e-6,2.0,pooled_class_measure,9,2,2,P1,0.7758620689655172,0.7605994152046783,0.0015912409871816,0.023544579045847,0.0004059410180318,2,212,58,False
within_session,no_ra,W2,oas_trace_eps1e-6,3.0,pooled_class_measure,9,1,1,P1,0.4210526315789473,0.4739583333333333,0.0014962749555706,0.0187666059937328,0.0003292387016444,2,216,57,False
within_session,no_ra,W2,oas_trace_eps1e-6,3.0,pooled_class_measure,9,2,2,P1,0.7586206896551724,0.7474415204678362,0.0014767569955438,0.0214454689994454,0.0003697494655076,2,212,58,False
within_session,no_ra,W2,oas_trace_eps1e-6,4.0,pooled_class_measure,9,1,1,P1,0.4736842105263157,0.5357638888888889,0.0012438888661563,0.0178335302043706,0.0003128689509538,2,216,57,False
within_session,no_ra,W2,oas_trace_eps1e-6,4.0,pooled_class_measure,9,2,2,P1,0.7586206896551724,0.7474415204678362,0.0012307870201766,0.0192414689809083,0.000331749465188,2,212,58,False
within_session,no_ra,W2,oas_trace_eps1e-6,0.0,exact_sorted_order_statistics,9,1,1,P2,0.5087719298245614,0.5597222222222222,0.2403820471372455,0.0007016030140221,1.2308824807405472e-05,2,231,57,False
within_session,no_ra,W2,oas_trace_eps1e-6,0.0,exact_sorted_order_statistics,9,2,2,P2,0.7931034482758621,0.7945906432748537,0.2386392601765692,0.0006851297803223,1.1812582419350229e-05,2,230,58,False
within_session,no_ra,W2,oas_trace_eps1e-6,1.0,exact_sorted_order_statistics,9,1,1,P2,0.631578947368421,0.690625,0.243511073058471,0.0008216558489948,1.441501489464651e-05,2,231,57,False
within_session,no_ra,W2,oas_trace_eps1e-6,1.0,exact_sorted_order_statistics,9,2,2,P2,0.7758620689655172,0.7744883040935672,0.2378773849923163,0.0007062240038067,1.21762759277019e-05,2,230,58,False
within_session,no_ra,W2,oas_trace_eps1e-6,2.0,exact_sorted_order_statistics,9,1,1,P2,0.5614035087719298,0.6215277777777778,0.2499667699448764,0.0007485840469598,1.313305345543644e-05,2,231,57,False
within_session,no_ra,W2,oas_trace_eps1e-6,2.0,exact_sorted_order_statistics,9,2,2,P2,0.8275862068965517,0.8278508771929824,0.242079596966505,0.0008319849148392,1.4344567497228756e-05,2,230,58,False
within_session,no_ra,W2,oas_trace_eps1e-6,3.0,exact_sorted_order_statistics,9,1,1,P2,0.4736842105263157,0.5329861111111112,0.2446697650011629,0.0007420622278004,1.3018635575447166e-05,2,231,57,False
within_session,no_ra,W2,oas_trace_eps1e-6,3.0,exact_sorted_order_statistics,9,2,2,P2,0.7758620689655172,0.7752192982456141,0.2413805569522082,0.0008034978527575,1.3853411254440917e-05,2,230,58,False
within_session,no_ra,W2,oas_trace_eps1e-6,4.0,exact_sorted_order_statistics,9,1,1,P2,0.5087719298245614,0.5618055555555556,0.225102978060022,0.0006748838350176,1.1840067281011949e-05,2,231,57,False
within_session,no_ra,W2,oas_trace_eps1e-6,4.0,exact_sorted_order_statistics,9,2,2,P2,0.7241379310344828,0.7266081871345029,0.2310092200059443,0.0006822501309216,1.1762933291751765e-05,2,230,58,False
within_session,no_ra,W2,oas_trace_eps1e-6,,ordered_nonoverlap,9,1,1,ordered_control,0.7192982456140351,0.7444444444444445,1.1946988929994404,0.0266659851185977,0.0004678243003262,2,231,57,False
within_session,no_ra,W2,oas_trace_eps1e-6,,ordered_nonoverlap,9,2,2,ordered_control,0.7931034482758621,0.8168859649122806,1.062469951109961,0.0273473020642995,0.0004715052080051,2,230,58,False
within_session,no_ra,W1,oas_trace_eps1e-6,,trial_tangent,9,1,1,B1,0.5862068965517241,0.5921453546453547,0.2032283439766615,0.0060684059280902,0.0001046276884153,3,230,58,False
within_session,no_ra,W1,oas_trace_eps1e-6,,trial_tangent,9,2,2,B1,0.7894736842105263,0.7991477272727273,0.2022440279833972,0.006008855998516,0.0001054185262897,3,231,57,False
within_session,no_ra,W1,oas_trace_eps1e-6,,airm_nearest_class_mean,9,1,1,B2,0.7068965517241379,0.685889110889111,0.1688925921916961,0.0283095920458436,0.0004880964145835,3,230,58,False
within_session,no_ra,W1,oas_trace_eps1e-6,,airm_nearest_class_mean,9,2,2,B2,0.7894736842105263,0.7991477272727273,0.1598227149806916,0.0284095369279384,0.0004984129285603,3,231,57,False
within_session,no_ra,W1,oas_trace_eps1e-6,,mean_decision_score,9,1,1,B3,0.7413793103448276,0.7081418581418581,1.159629018045962,0.0365108409896492,0.0006294972584422,3,230,58,False
within_session,no_ra,W1,oas_trace_eps1e-6,,mean_decision_score,9,2,2,B3,0.8421052631578947,0.8552083333333333,1.2517632578965276,0.049576569115743,0.0008697643704516,3,231,57,False
within_session,no_ra,W1,oas_trace_eps1e-6,,majority_vote_secondary,9,1,1,B3_majority,0.7241379310344828,0.6942682317682317,0.0,0.0,0.0,3,230,58,False
within_session,no_ra,W1,oas_trace_eps1e-6,,majority_vote_secondary,9,2,2,B3_majority,0.7894736842105263,0.8083333333333333,0.0,0.0,0.0,3,231,57,False
within_session,no_ra,W1,oas_trace_eps1e-6,,mean_window_log_svec,9,1,1,B4,0.7068965517241379,0.6866383616383617,0.0218527389224618,0.0004250411875545,7.328296337148239e-06,3,230,58,False
within_session,no_ra,W1,oas_trace_eps1e-6,,mean_window_log_svec,9,2,2,B4,0.7719298245614035,0.7856060606060606,0.0270261380355805,0.0005320981144905,9.33505464018437e-06,3,231,57,False
within_session,no_ra,W1,oas_trace_eps1e-6,0.0,mean_std_projection_moments,9,1,1,B5,0.7241379310344828,0.6956418581418582,0.0484975329600274,0.0006421671714633,1.1071847783851211e-05,3,230,58,False
within_session,no_ra,W1,oas_trace_eps1e-6,0.0,mean_std_projection_moments,9,2,2,B5,0.8421052631578947,0.850189393939394,0.0502530101221054,0.000630232039839,1.1056702453316305e-05,3,231,57,False
within_session,no_ra,W1,oas_trace_eps1e-6,1.0,mean_std_projection_moments,9,1,1,B5,0.7068965517241379,0.6884990009990011,0.0426420168951153,0.0005523669533431,9.523568161088843e-06,3,230,58,False
within_session,no_ra,W1,oas_trace_eps1e-6,1.0,mean_std_projection_moments,9,2,2,B5,0.8070175438596491,0.8178977272727272,0.0499492969829589,0.0004932850133627,8.654123041452022e-06,3,231,57,False
within_session,no_ra,W1,oas_trace_eps1e-6,2.0,mean_std_projection_moments,9,1,1,B5,0.6379310344827587,0.6184440559440559,0.0447458769194781,0.0005266650114208,9.080431231393896e-06,3,230,58,False
within_session,no_ra,W1,oas_trace_eps1e-6,2.0,mean_std_projection_moments,9,2,2,B5,0.7894736842105263,0.8012310606060606,0.0466809950303286,0.0005254771094769,9.218896657489894e-06,3,231,57,False
within_session,no_ra,W1,oas_trace_eps1e-6,3.0,mean_std_projection_moments,9,1,1,B5,0.7068965517241379,0.685889110889111,0.0526159889996051,0.000554263824597,9.556272837879329e-06,3,230,58,False
within_session,no_ra,W1,oas_trace_eps1e-6,3.0,mean_std_projection_moments,9,2,2,B5,0.7719298245614035,0.790625,0.0506200899835675,0.0005474821664392,9.60495028840868e-06,3,231,57,False
within_session,no_ra,W1,oas_trace_eps1e-6,4.0,mean_std_projection_moments,9,1,1,B5,0.8103448275862069,0.7871878121878122,0.0455299408640712,0.0005090399645268,8.776551112532616e-06,3,230,58,False
within_session,no_ra,W1,oas_trace_eps1e-6,4.0,mean_std_projection_moments,9,2,2,B5,0.7017543859649122,0.728125,0.0435018229763954,0.0005414381157606,9.498914311590948e-06,3,231,57,False
within_session,no_ra,W1,oas_trace_eps1e-6,0.0,pooled_class_measure,9,1,1,P1,0.6379310344827587,0.6047202797202798,0.0022871969267725,0.0293941800482571,0.0005067962077285,3,208,58,False
within_session,no_ra,W1,oas_trace_eps1e-6,0.0,pooled_class_measure,9,2,2,P1,0.7192982456140351,0.7387310606060606,0.0025083490181714,0.0401423869188874,0.0007042524020857,3,224,57,False
within_session,no_ra,W1,oas_trace_eps1e-6,1.0,pooled_class_measure,9,1,1,P1,0.6379310344827587,0.6082167832167832,0.0023150851484388,0.029943685978651,0.0005162704479077,3,208,58,False
within_session,no_ra,W1,oas_trace_eps1e-6,1.0,pooled_class_measure,9,2,2,P1,0.7543859649122807,0.7760416666666667,0.0025648581795394,0.0390714509412646,0.0006854640516011,3,224,57,False
within_session,no_ra,W1,oas_trace_eps1e-6,2.0,pooled_class_measure,9,1,1,P1,0.7068965517241379,0.6907592407592408,0.0024020229466259,0.0371798831038177,0.0006410324673072,3,208,58,False
within_session,no_ra,W1,oas_trace_eps1e-6,2.0,pooled_class_measure,9,2,2,P1,0.7017543859649122,0.7270833333333333,0.002142425160855,0.0310111329890787,0.0005440549647206,3,224,57,False
within_session,no_ra,W1,oas_trace_eps1e-6,3.0,pooled_class_measure,9,1,1,P1,0.6551724137931034,0.6225774225774225,0.0019701409619301,0.0356567131821066,0.0006147709169328,3,208,58,False
within_session,no_ra,W1,oas_trace_eps1e-6,3.0,pooled_class_measure,9,2,2,P1,0.7192982456140351,0.737689393939394,0.0021095029078423,0.0308419710490852,0.0005410872113874,3,224,57,False
within_session,no_ra,W1,oas_trace_eps1e-6,4.0,pooled_class_measure,9,1,1,P1,0.603448275862069,0.5627622377622378,0.001953070051968,0.0291608821135014,0.0005027738295431,3,208,58,False
within_session,no_ra,W1,oas_trace_eps1e-6,4.0,pooled_class_measure,9,2,2,P1,0.7017543859649122,0.7291666666666667,0.0022231158800423,0.0386592629365623,0.0006782326830975,3,224,57,False
within_session,no_ra,W1,oas_trace_eps1e-6,0.0,exact_sorted_order_statistics,9,1,1,P2,0.7413793103448276,0.7318306693306693,1.1694215829484165,0.0010351429227739,1.784729177196478e-05,3,230,58,False
within_session,no_ra,W1,oas_trace_eps1e-6,0.0,exact_sorted_order_statistics,9,2,2,P2,0.8421052631578947,0.8491477272727272,1.1399017609655857,0.0010224201250821,1.7937195176879566e-05,3,231,57,False
within_session,no_ra,W1,oas_trace_eps1e-6,1.0,exact_sorted_order_statistics,9,1,1,P2,0.7241379310344828,0.7023726273726274,1.0844606650061903,0.0009906371124088,1.7079950213946146e-05,3,230,58,False
within_session,no_ra,W1,oas_trace_eps1e-6,1.0,exact_sorted_order_statistics,9,2,2,P2,0.8070175438596491,0.8168560606060606,1.0538372159935534,0.0010748268105089,1.8856610710683623e-05,3,231,57,False
within_session,no_ra,W1,oas_trace_eps1e-6,2.0,exact_sorted_order_statistics,9,1,1,P2,0.6379310344827587,0.6245504495504495,1.1186159017961472,0.0010346109047532,1.7838119047469105e-05,3,230,58,False
within_session,no_ra,W1,oas_trace_eps1e-6,2.0,exact_sorted_order_statistics,9,2,2,P2,0.8245614035087719,0.8324810606060606,1.0627781078219414,0.0008847960270941,1.5522737317440804e-05,3,231,57,False
within_session,no_ra,W1,oas_trace_eps1e-6,3.0,exact_sorted_order_statistics,9,1,1,P2,0.7241379310344828,0.7018856143856144,1.1287651089951396,0.0009470388758927,1.6328256480909628e-05,3,230,58,False
within_session,no_ra,W1,oas_trace_eps1e-6,3.0,exact_sorted_order_statistics,9,2,2,P2,0.7543859649122807,0.775,0.9973486929666252,0.0008679430466145,1.5227070993237327e-05,3,231,57,False
within_session,no_ra,W1,oas_trace_eps1e-6,4.0,exact_sorted_order_statistics,9,1,1,P2,0.7931034482758621,0.7693306693306693,1.0541355218738315,0.0008729069959372,1.5050120619607382e-05,3,230,58,False
within_session,no_ra,W1,oas_trace_eps1e-6,4.0,exact_sorted_order_statistics,9,2,2,P2,0.7894736842105263,0.8072916666666667,1.002786722034216,0.001071308972314,1.8794894251122808e-05,3,231,57,False
within_session,no_ra,W2,oas_trace_eps1e-6,,trial_tangent,9,1,1,B1,0.5862068965517241,0.5921453546453547,0.1759984248783439,0.007918857038021,0.0001365320178969,3,230,58,False
within_session,no_ra,W2,oas_trace_eps1e-6,,trial_tangent,9,2,2,B1,0.7894736842105263,0.7991477272727273,0.186536475084722,0.0062112149316817,0.0001089686830119,3,231,57,False
within_session,no_ra,W2,oas_trace_eps1e-6,,airm_nearest_class_mean,9,1,1,B2,0.7068965517241379,0.685889110889111,0.1612471221014857,0.0211330968886613,0.0003643637394596,3,230,58,False
within_session,no_ra,W2,oas_trace_eps1e-6,,airm_nearest_class_mean,9,2,2,B2,0.7894736842105263,0.7991477272727273,0.1436987170018255,0.0204024910926818,0.0003579384402224,3,231,57,False
within_session,no_ra,W2,oas_trace_eps1e-6,,mean_decision_score,9,1,1,B3,0.6379310344827587,0.6447427572427572,0.6780008932109922,0.0211819829419255,0.0003652066024469,3,230,58,False
within_session,no_ra,W2,oas_trace_eps1e-6,,mean_decision_score,9,2,2,B3,0.8421052631578947,0.8552083333333333,0.712947626132518,0.0238091859500855,0.0004177050166681,3,231,57,False
within_session,no_ra,W2,oas_trace_eps1e-6,,majority_vote_secondary,9,1,1,B3_majority,0.6206896551724138,0.6036838161838162,0.0,0.0,0.0,3,230,58,False
within_session,no_ra,W2,oas_trace_eps1e-6,,majority_vote_secondary,9,2,2,B3_majority,0.7543859649122807,0.7557765151515152,0.0,0.0,0.0,3,231,57,False
within_session,no_ra,W2,oas_trace_eps1e-6,,mean_window_log_svec,9,1,1,B4,0.6724137931034483,0.663011988011988,0.0250068888999521,0.0005104748997837,8.80129137558156e-06,3,230,58,False
within_session,no_ra,W2,oas_trace_eps1e-6,,mean_window_log_svec,9,2,2,B4,0.7894736842105263,0.8012310606060606,0.0269730030559003,0.000500869937241,8.78719188142241e-06,3,231,57,False
within_session,no_ra,W2,oas_trace_eps1e-6,0.0,mean_std_projection_moments,9,1,1,B5,0.6724137931034483,0.6541583416583416,0.0447130037937313,0.0005218549631536,8.997499364717253e-06,3,230,58,False
within_session,no_ra,W2,oas_trace_eps1e-6,0.0,mean_std_projection_moments,9,2,2,B5,0.7719298245614035,0.7856060606060606,0.0456476109102368,0.0005288699176162,9.2784196073026e-06,3,231,57,False
within_session,no_ra,W2,oas_trace_eps1e-6,1.0,mean_std_projection_moments,9,1,1,B5,0.6724137931034483,0.663011988011988,0.0439623720012605,0.0005392720922827,9.297794694530552e-06,3,230,58,False
within_session,no_ra,W2,oas_trace_eps1e-6,1.0,mean_std_projection_moments,9,2,2,B5,0.7894736842105263,0.7951704545454545,0.0438667768612504,0.0005679621826857,9.964248819047944e-06,3,231,57,False
within_session,no_ra,W2,oas_trace_eps1e-6,2.0,mean_std_projection_moments,9,1,1,B5,0.5344827586206896,0.5299825174825175,0.0457009910605847,0.0005185480695217,8.940483957272151e-06,3,230,58,False
within_session,no_ra,W2,oas_trace_eps1e-6,2.0,mean_std_projection_moments,9,2,2,B5,0.8421052631578947,0.8491477272727272,0.0436747018247842,0.0005076150409877,8.905527034872457e-06,3,231,57,False
within_session,no_ra,W2,oas_trace_eps1e-6,3.0,mean_std_projection_moments,9,1,1,B5,0.6724137931034483,0.6576548451548452,0.0441632010042667,0.0005383200477808,9.281380134152955e-06,3,230,58,False
within_session,no_ra,W2,oas_trace_eps1e-6,3.0,mean_std_projection_moments,9,2,2,B5,0.7543859649122807,0.775,0.0514906300231814,0.0005521459970623,9.686771878286412e-06,3,231,57,False
within_session,no_ra,W2,oas_trace_eps1e-6,4.0,mean_std_projection_moments,9,1,1,B5,0.6724137931034483,0.6595154845154845,0.0452312079723924,0.0005283739883452,9.109896350780438e-06,3,230,58,False
within_session,no_ra,W2,oas_trace_eps1e-6,4.0,mean_std_projection_moments,9,2,2,B5,0.7017543859649122,0.7199810606060606,0.047313965158537,0.0005316198803484,9.32666456751656e-06,3,231,57,False
within_session,no_ra,W2,oas_trace_eps1e-6,0.0,pooled_class_measure,9,1,1,P1,0.6379310344827587,0.6068431568431569,0.0011842059902846,0.0167653190437704,0.0002890572248925,3,208,58,False
within_session,no_ra,W2,oas_trace_eps1e-6,0.0,pooled_class_measure,9,2,2,P1,0.7192982456140351,0.737689393939394,0.0013929549604654,0.0189823058899492,0.0003330229103499,3,224,57,False
within_session,no_ra,W2,oas_trace_eps1e-6,1.0,pooled_class_measure,9,1,1,P1,0.6206896551724138,0.5992132867132867,0.0014686370268464,0.0203181849792599,0.0003503135341251,3,208,58,False
within_session,no_ra,W2,oas_trace_eps1e-6,1.0,pooled_class_measure,9,2,2,P1,0.7543859649122807,0.7760416666666667,0.0014569810591638,0.0210072931367903,0.0003685490023998,3,224,57,False
within_session,no_ra,W2,oas_trace_eps1e-6,2.0,pooled_class_measure,9,1,1,P1,0.6206896551724138,0.6099275724275725,0.0011475950013846,0.0156463158782571,0.0002697640668665,3,208,58,False
within_session,no_ra,W2,oas_trace_eps1e-6,2.0,pooled_class_measure,9,2,2,P1,0.7192982456140351,0.7427083333333333,0.0014394249301403,0.0207533899229019,0.0003640945600509,3,224,57,False
within_session,no_ra,W2,oas_trace_eps1e-6,3.0,pooled_class_measure,9,1,1,P1,0.603448275862069,0.5711288711288711,0.0011582949664443,0.0167882200330495,0.0002894520695353,3,208,58,False
within_session,no_ra,W2,oas_trace_eps1e-6,3.0,pooled_class_measure,9,2,2,P1,0.6842105263157895,0.7053977272727273,0.0011489300522953,0.0190556941088289,0.0003343104229619,3,224,57,False
within_session,no_ra,W2,oas_trace_eps1e-6,4.0,pooled_class_measure,9,1,1,P1,0.6551724137931034,0.6247002997002997,0.001437006983906,0.0205383140128105,0.0003541088622898,3,208,58,False
within_session,no_ra,W2,oas_trace_eps1e-6,4.0,pooled_class_measure,9,2,2,P1,0.6842105263157895,0.7053977272727273,0.0011373672168701,0.0176153990905731,0.0003090420893083,3,224,57,False
within_session,no_ra,W2,oas_trace_eps1e-6,0.0,exact_sorted_order_statistics,9,1,1,P2,0.6551724137931034,0.6465284715284715,0.233840910019353,0.0006896380800753,1.189031172543764e-05,3,230,58,False
within_session,no_ra,W2,oas_trace_eps1e-6,0.0,exact_sorted_order_statistics,9,2,2,P2,0.8421052631578947,0.8552083333333333,0.2593672929797321,0.0007278060074895,1.27685264471853e-05,3,231,57,False
within_session,no_ra,W2,oas_trace_eps1e-6,1.0,exact_sorted_order_statistics,9,1,1,P2,0.6896551724137931,0.675511988011988,0.2449634149670601,0.0007817479781806,1.3478413416907706e-05,3,230,58,False
within_session,no_ra,W2,oas_trace_eps1e-6,1.0,exact_sorted_order_statistics,9,2,2,P2,0.8070175438596491,0.8178977272727272,0.2409219751134514,0.0007249328773468,1.2718120655208304e-05,3,231,57,False
within_session,no_ra,W2,oas_trace_eps1e-6,2.0,exact_sorted_order_statistics,9,1,1,P2,0.6206896551724138,0.6031968031968032,0.2290399458725005,0.0006294378545135,1.0852376801957344e-05,3,230,58,False
within_session,no_ra,W2,oas_trace_eps1e-6,2.0,exact_sorted_order_statistics,9,2,2,P2,0.8070175438596491,0.8168560606060606,0.2518351979088038,0.0007951918523758,1.3950734252208158e-05,3,231,57,False
within_session,no_ra,W2,oas_trace_eps1e-6,3.0,exact_sorted_order_statistics,9,1,1,P2,0.6551724137931034,0.6402847152847153,0.2280503979418426,0.0007228848990052,1.2463532741470585e-05,3,230,58,False
within_session,no_ra,W2,oas_trace_eps1e-6,3.0,exact_sorted_order_statistics,9,2,2,P2,0.7719298245614035,0.7895833333333333,0.2471613001544028,0.0006826610770076,1.197651012294125e-05,3,231,57,False
within_session,no_ra,W2,oas_trace_eps1e-6,4.0,exact_sorted_order_statistics,9,1,1,P2,0.7413793103448276,0.7216033966033967,0.2406170929316431,0.0007476659957319,1.2890793029861204e-05,3,230,58,False
within_session,no_ra,W2,oas_trace_eps1e-6,4.0,exact_sorted_order_statistics,9,2,2,P2,0.7543859649122807,0.768939393939394,0.2385594299994409,0.0006528990343213,1.1454369023180844e-05,3,231,57,False
within_session,no_ra,W2,oas_trace_eps1e-6,,ordered_nonoverlap,9,1,1,ordered_control,0.7931034482758621,0.7790709290709291,1.1216965860221535,0.019434091867879,0.0003350705494461,3,230,58,False
within_session,no_ra,W2,oas_trace_eps1e-6,,ordered_nonoverlap,9,2,2,ordered_control,0.8070175438596491,0.8168560606060606,1.0965160329360517,0.0270260379184037,0.0004741410161123,3,231,57,False
within_session,no_ra,W1,oas_trace_eps1e-6,,trial_tangent,9,1,1,B1,0.6140350877192983,0.6505153343388638,0.2109964620321989,0.0061641531065106,0.0001081430369563,4,231,57,False
within_session,no_ra,W1,oas_trace_eps1e-6,,trial_tangent,9,2,2,B1,0.912280701754386,0.9065934065934066,0.1935143349692225,0.005836941068992,0.0001024024748945,4,231,57,False
within_session,no_ra,W1,oas_trace_eps1e-6,,airm_nearest_class_mean,9,1,1,B2,0.631578947368421,0.6326043237807943,0.164766551926732,0.027904859976843,0.0004895589469621,4,231,57,False
within_session,no_ra,W1,oas_trace_eps1e-6,,airm_nearest_class_mean,9,2,2,B2,0.9298245614035088,0.9289754363283776,0.1484043758828193,0.0222651271615177,0.0003906162659915,4,231,57,False
within_session,no_ra,W1,oas_trace_eps1e-6,,mean_decision_score,9,1,1,B3,0.6666666666666666,0.7082076420311715,1.24946374213323,0.0346444190945476,0.0006077968262201,4,231,57,False
within_session,no_ra,W1,oas_trace_eps1e-6,,mean_decision_score,9,2,2,B3,0.9649122807017544,0.962912087912088,1.1862267618998883,0.034056729869917,0.0005974864889459,4,231,57,False
within_session,no_ra,W1,oas_trace_eps1e-6,,majority_vote_secondary,9,1,1,B3_majority,0.6842105263157895,0.7143665158371041,0.0,0.0,0.0,4,231,57,False
within_session,no_ra,W1,oas_trace_eps1e-6,,majority_vote_secondary,9,2,2,B3_majority,0.912280701754386,0.9052197802197802,0.0,0.0,0.0,4,231,57,False
within_session,no_ra,W1,oas_trace_eps1e-6,,mean_window_log_svec,9,1,1,B4,0.6140350877192983,0.6518350930115635,0.0210779490880668,0.0004297429695725,7.539350343377967e-06,4,231,57,False
within_session,no_ra,W1,oas_trace_eps1e-6,,mean_window_log_svec,9,2,2,B4,0.9298245614035088,0.9244505494505496,0.0213917850051075,0.0004718520212918,8.278105636699157e-06,4,231,57,False
within_session,no_ra,W1,oas_trace_eps1e-6,0.0,mean_std_projection_moments,9,1,1,B5,0.5614035087719298,0.5615258924082454,0.0454170918092131,0.0004905939567834,8.606911522516033e-06,4,231,57,False
within_session,no_ra,W1,oas_trace_eps1e-6,0.0,mean_std_projection_moments,9,2,2,B5,0.8421052631578947,0.8355688429217841,0.0456696830224245,0.0005747100804001,1.00826329894756e-05,4,231,57,False
within_session,no_ra,W1,oas_trace_eps1e-6,1.0,mean_std_projection_moments,9,1,1,B5,0.7017543859649122,0.7335972850678733,0.0481438001152128,0.00049215904437,8.634369199474653e-06,4,231,57,False
within_session,no_ra,W1,oas_trace_eps1e-6,1.0,mean_std_projection_moments,9,2,2,B5,0.8771929824561403,0.8726567550096962,0.0479638499673455,0.0005023539997637,8.813228066030301e-06,4,231,57,False
within_session,no_ra,W1,oas_trace_eps1e-6,2.0,mean_std_projection_moments,9,1,1,B5,0.7017543859649122,0.7143665158371041,0.0509524329099804,0.0006088800728321,1.0682106540914168e-05,4,231,57,False
within_session,no_ra,W1,oas_trace_eps1e-6,2.0,mean_std_projection_moments,9,2,2,B5,0.912280701754386,0.9052197802197804,0.0460548198316246,0.0005483238492161,9.619716652914098e-06,4,231,57,False
within_session,no_ra,W1,oas_trace_eps1e-6,3.0,mean_std_projection_moments,9,1,1,B5,0.631578947368421,0.6427853192559074,0.0499672458972781,0.0005729070398956,1.0051000699923749e-05,4,231,57,False
within_session,no_ra,W1,oas_trace_eps1e-6,3.0,mean_std_projection_moments,9,2,2,B5,0.8421052631578947,0.8296703296703297,0.0476889361161738,0.0005487769376486,9.627665572783403e-06,4,231,57,False
within_session,no_ra,W1,oas_trace_eps1e-6,4.0,mean_std_projection_moments,9,1,1,B5,0.6666666666666666,0.685771744595274,0.0424212811049073,0.0004701369907706,8.248017381942063e-06,4,231,57,False
within_session,no_ra,W1,oas_trace_eps1e-6,4.0,mean_std_projection_moments,9,2,2,B5,0.912280701754386,0.9065934065934066,0.042379445163533,0.0005363738164305,9.410066954922258e-06,4,231,57,False
within_session,no_ra,W1,oas_trace_eps1e-6,0.0,pooled_class_measure,9,1,1,P1,0.5789473684210527,0.5575037707390649,0.0021010360214859,0.0295344309415668,0.0005181479112555,4,216,57,False
within_session,no_ra,W1,oas_trace_eps1e-6,0.0,pooled_class_measure,9,2,2,P1,0.8771929824561403,0.8681318681318682,0.0024102951865643,0.0383443480823189,0.0006727078610933,4,220,57,False
within_session,no_ra,W1,oas_trace_eps1e-6,1.0,pooled_class_measure,9,1,1,P1,0.5614035087719298,0.5382730015082956,0.0021781949326395,0.032868169946596,0.0005766345604665,4,216,57,False
within_session,no_ra,W1,oas_trace_eps1e-6,1.0,pooled_class_measure,9,2,2,P1,0.7719298245614035,0.7586457659987071,0.0024332678876817,0.0389015509281307,0.0006824833496163,4,220,57,False
within_session,no_ra,W1,oas_trace_eps1e-6,2.0,pooled_class_measure,9,1,1,P1,0.5964912280701754,0.567684766214178,0.0024807800073176,0.0372065808624029,0.0006527470326737,4,216,57,False
within_session,no_ra,W1,oas_trace_eps1e-6,2.0,pooled_class_measure,9,2,2,P1,0.8245614035087719,0.8118131868131868,0.002059849910438,0.0346444731112569,0.0006077977738817,4,220,57,False
within_session,no_ra,W1,oas_trace_eps1e-6,3.0,pooled_class_measure,9,1,1,P1,0.5964912280701754,0.5713926596279537,0.002063910011202,0.0288904779590666,0.0005068504905099,4,216,57,False
within_session,no_ra,W1,oas_trace_eps1e-6,3.0,pooled_class_measure,9,2,2,P1,0.8421052631578947,0.8296703296703297,0.0023983588907867,0.042819197056815,0.0007512139834528,4,220,57,False
within_session,no_ra,W1,oas_trace_eps1e-6,4.0,pooled_class_measure,9,1,1,P1,0.6140350877192983,0.5999874308697838,0.0021309368312358,0.033240099903196,0.0005831596474244,4,216,57,False
within_session,no_ra,W1,oas_trace_eps1e-6,4.0,pooled_class_measure,9,2,2,P1,0.8421052631578947,0.8296703296703297,0.0019673551432788,0.0275796349160373,0.000483853244141,4,220,57,False
within_session,no_ra,W1,oas_trace_eps1e-6,0.0,exact_sorted_order_statistics,9,1,1,P2,0.6491228070175439,0.6657239819004525,1.0380685650743544,0.0008972049690783,1.5740438054005306e-05,4,231,57,False
within_session,no_ra,W1,oas_trace_eps1e-6,0.0,exact_sorted_order_statistics,9,2,2,P2,0.912280701754386,0.908371040723982,1.0587241449393332,0.0010187509469687,1.787282363103147e-05,4,231,57,False
within_session,no_ra,W1,oas_trace_eps1e-6,1.0,exact_sorted_order_statistics,9,1,1,P2,0.6842105263157895,0.7004776269482151,1.021195561857894,0.0009302999824285,1.6321052323307906e-05,4,231,57,False
within_session,no_ra,W1,oas_trace_eps1e-6,1.0,exact_sorted_order_statistics,9,2,2,P2,0.8947368421052632,0.8873626373626373,0.9974607431795448,0.0010233020875602,1.795266820281221e-05,4,231,57,False
within_session,no_ra,W1,oas_trace_eps1e-6,2.0,exact_sorted_order_statistics,9,1,1,P2,0.6666666666666666,0.699660633484163,1.026626399019733,0.0010490389540791,1.840419217682721e-05,4,231,57,False
within_session,no_ra,W1,oas_trace_eps1e-6,2.0,exact_sorted_order_statistics,9,2,2,P2,0.9298245614035088,0.925824175824176,1.0941949230618775,0.0009853281080722,1.7286458036355806e-05,4,231,57,False
within_session,no_ra,W1,oas_trace_eps1e-6,3.0,exact_sorted_order_statistics,9,1,1,P2,0.631578947368421,0.6689291101055806,0.9800975720863788,0.0008845070842653,1.5517668145006163e-05,4,231,57,False
within_session,no_ra,W1,oas_trace_eps1e-6,3.0,exact_sorted_order_statistics,9,2,2,P2,0.8947368421052632,0.8873626373626373,1.1270858279895035,0.00108422501944,1.902149156912377e-05,4,231,57,False
within_session,no_ra,W1,oas_trace_eps1e-6,4.0,exact_sorted_order_statistics,9,1,1,P2,0.631578947368421,0.6657239819004525,1.0775741199031472,0.0009158072061836,1.6066793090941612e-05,4,231,57,False
within_session,no_ra,W1,oas_trace_eps1e-6,4.0,exact_sorted_order_statistics,9,2,2,P2,0.9298245614035088,0.9244505494505496,1.0634633512236178,0.0008885918650776,1.5589330966273945e-05,4,231,57,False
within_session,no_ra,W2,oas_trace_eps1e-6,,trial_tangent,9,1,1,B1,0.6140350877192983,0.6505153343388638,0.1785287999082356,0.0059156431816518,0.0001037832137131,4,231,57,False
within_session,no_ra,W2,oas_trace_eps1e-6,,trial_tangent,9,2,2,B1,0.912280701754386,0.9065934065934066,0.1884420299902558,0.0063302251510322,0.000111056581597,4,231,57,False
within_session,no_ra,W2,oas_trace_eps1e-6,,airm_nearest_class_mean,9,1,1,B2,0.631578947368421,0.6326043237807943,0.1855697070714086,0.0271011360455304,0.0004754585271145,4,231,57,False
within_session,no_ra,W2,oas_trace_eps1e-6,,airm_nearest_class_mean,9,2,2,B2,0.9298245614035088,0.9289754363283776,0.153543486027047,0.0285502790939062,0.0005008820893667,4,231,57,False
within_session,no_ra,W2,oas_trace_eps1e-6,,mean_decision_score,9,1,1,B3,0.5789473684210527,0.6264454499748617,0.6915736249648035,0.0207723800558596,0.0003644277202782,4,231,57,False
within_session,no_ra,W2,oas_trace_eps1e-6,,mean_decision_score,9,2,2,B3,0.912280701754386,0.9097446670976084,0.6730132810771465,0.0209144880063831,0.0003669208422172,4,231,57,False
within_session,no_ra,W2,oas_trace_eps1e-6,,majority_vote_secondary,9,1,1,B3_majority,0.5964912280701754,0.6211664152840624,0.0,0.0,0.0,4,231,57,False
within_session,no_ra,W2,oas_trace_eps1e-6,,majority_vote_secondary,9,2,2,B3_majority,0.8596491228070176,0.8502747252747253,0.0,0.0,0.0,4,231,57,False
within_session,no_ra,W2,oas_trace_eps1e-6,,mean_window_log_svec,9,1,1,B4,0.5789473684210527,0.6256284565108094,0.0213344870135188,0.0004145721904933,7.273196324444654e-06,4,231,57,False
within_session,no_ra,W2,oas_trace_eps1e-6,,mean_window_log_svec,9,2,2,B4,0.912280701754386,0.9111182934712346,0.0223733880557119,0.0004396347794681,7.712890867862785e-06,4,231,57,False
within_session,no_ra,W2,oas_trace_eps1e-6,0.0,mean_std_projection_moments,9,1,1,B5,0.5614035087719298,0.5839617898441427,0.0475047319196164,0.0005057309754192,8.872473252969876e-06,4,231,57,False
within_session,no_ra,W2,oas_trace_eps1e-6,0.0,mean_std_projection_moments,9,2,2,B5,0.8596491228070176,0.8547996121525534,0.0452392599545419,0.0005258060991764,9.224668406603629e-06,4,231,57,False
within_session,no_ra,W2,oas_trace_eps1e-6,1.0,mean_std_projection_moments,9,1,1,B5,0.631578947368421,0.6481271995977879,0.044991296948865,0.0004978170618414,8.733632663885752e-06,4,231,57,False
within_session,no_ra,W2,oas_trace_eps1e-6,1.0,mean_std_projection_moments,9,2,2,B5,0.8771929824561403,0.8726567550096962,0.0482734609395265,0.0005930298939347,1.040403322692503e-05,4,231,57,False
within_session,no_ra,W2,oas_trace_eps1e-6,2.0,mean_std_projection_moments,9,1,1,B5,0.6491228070175439,0.6787958773252891,0.0508311879821121,0.0006111031398177,1.0721107716100258e-05,4,231,57,False
within_session,no_ra,W2,oas_trace_eps1e-6,2.0,mean_std_projection_moments,9,2,2,B5,0.9298245614035088,0.9289754363283776,0.0451548369601368,0.0004920340143144,8.632175689726545e-06,4,231,57,False
within_session,no_ra,W2,oas_trace_eps1e-6,3.0,mean_std_projection_moments,9,1,1,B5,0.6491228070175439,0.6828179989944696,0.0445573900360614,0.0005364229436963,9.41092883677859e-06,4,231,57,False
within_session,no_ra,W2,oas_trace_eps1e-6,3.0,mean_std_projection_moments,9,2,2,B5,0.8596491228070176,0.853425985778927,0.0480165050830692,0.0005192779935896,9.110140238414732e-06,4,231,57,False
within_session,no_ra,W2,oas_trace_eps1e-6,4.0,mean_std_projection_moments,9,1,1,B5,0.6140350877192983,0.6317873303167421,0.0430115160997957,0.0005429619923233,9.5256489881298e-06,4,231,57,False
within_session,no_ra,W2,oas_trace_eps1e-6,4.0,mean_std_projection_moments,9,2,2,B5,0.8771929824561403,0.8726567550096962,0.0438480430748313,0.0005507529713213,9.662332830199024e-06,4,231,57,False
within_session,no_ra,W2,oas_trace_eps1e-6,0.0,pooled_class_measure,9,1,1,P1,0.5263157894736842,0.5043363499245852,0.0012514039408415,0.0198251330293715,0.0003478093513924,4,216,57,False
within_session,no_ra,W2,oas_trace_eps1e-6,0.0,pooled_class_measure,9,2,2,P1,0.8245614035087719,0.8163380736910149,0.0013070409186184,0.0177563671022653,0.0003115152123204,4,220,57,False
within_session,no_ra,W2,oas_trace_eps1e-6,1.0,pooled_class_measure,9,1,1,P1,0.5263157894736842,0.5174082453494219,0.0017748379614204,0.0207940710242837,0.0003648082635839,4,216,57,False
within_session,no_ra,W2,oas_trace_eps1e-6,1.0,pooled_class_measure,9,2,2,P1,0.7543859649122807,0.7407886231415644,0.0015509820077568,0.0198311361018568,0.0003479146684536,4,220,57,False
within_session,no_ra,W2,oas_trace_eps1e-6,2.0,pooled_class_measure,9,1,1,P1,0.543859649122807,0.5235671191553545,0.0015304980333894,0.0221160370856523,0.0003880006506254,4,216,57,False
within_session,no_ra,W2,oas_trace_eps1e-6,2.0,pooled_class_measure,9,2,2,P1,0.8421052631578947,0.8296703296703297,0.001552663045004,0.0207081229891628,0.0003633004033186,4,220,57,False
within_session,no_ra,W2,oas_trace_eps1e-6,3.0,pooled_class_measure,9,1,1,P1,0.6140350877192983,0.5946455505279035,0.0012375388760119,0.0182976650539785,0.0003210116676136,4,216,57,False
within_session,no_ra,W2,oas_trace_eps1e-6,3.0,pooled_class_measure,9,2,2,P1,0.8421052631578947,0.8341952165481576,0.0015814020298421,0.0183898720424622,0.0003226293340782,4,220,57,False
within_session,no_ra,W2,oas_trace_eps1e-6,4.0,pooled_class_measure,9,1,1,P1,0.5263157894736842,0.5259552538964304,0.001273785950616,0.0177232408896088,0.0003109340506948,4,216,57,False
within_session,no_ra,W2,oas_trace_eps1e-6,4.0,pooled_class_measure,9,2,2,P1,0.7894736842105263,0.7747252747252747,0.0013239569962024,0.0199781879782676,0.0003504945259345,4,220,57,False
within_session,no_ra,W2,oas_trace_eps1e-6,0.0,exact_sorted_order_statistics,9,1,1,P2,0.543859649122807,0.5839617898441427,0.2492451930884271,0.0007172808982431,1.2583875407775244e-05,4,231,57,False
within_session,no_ra,W2,oas_trace_eps1e-6,0.0,exact_sorted_order_statistics,9,2,2,P2,0.8771929824561403,0.8740303813833226,0.2409844819922,0.0006616860628128,1.1608527417768513e-05,4,231,57,False
within_session,no_ra,W2,oas_trace_eps1e-6,1.0,exact_sorted_order_statistics,9,1,1,P2,0.5964912280701754,0.627262443438914,0.231270567048341,0.0007912679575383,1.3881893991901164e-05,4,231,57,False
within_session,no_ra,W2,oas_trace_eps1e-6,1.0,exact_sorted_order_statistics,9,2,2,P2,0.912280701754386,0.9097446670976084,0.2428295421414077,0.0007024209480732,1.2323174527601191e-05,4,231,57,False
within_session,no_ra,W2,oas_trace_eps1e-6,2.0,exact_sorted_order_statistics,9,1,1,P2,0.6666666666666666,0.6943187531422825,0.2404395448975265,0.0007985411211848,1.4009493354119752e-05,4,231,57,False
within_session,no_ra,W2,oas_trace_eps1e-6,2.0,exact_sorted_order_statistics,9,2,2,P2,0.912280701754386,0.9111182934712346,0.2328870862256735,0.0007536758203059,1.3222382812384973e-05,4,231,57,False
within_session,no_ra,W2,oas_trace_eps1e-6,3.0,exact_sorted_order_statistics,9,1,1,P2,0.543859649122807,0.587166918049271,0.2356795130763203,0.0006409750785678,1.1245176816980043e-05,4,231,57,False
within_session,no_ra,W2,oas_trace_eps1e-6,3.0,exact_sorted_order_statistics,9,2,2,P2,0.8771929824561403,0.8726567550096962,0.2345173789653927,0.0008033809717744,1.4094403013586998e-05,4,231,57,False
within_session,no_ra,W2,oas_trace_eps1e-6,4.0,exact_sorted_order_statistics,9,1,1,P2,0.5964912280701754,0.6178984414278531,0.2441145100165158,0.0006618390325456,1.1611211097292734e-05,4,231,57,False
within_session,no_ra,W2,oas_trace_eps1e-6,4.0,exact_sorted_order_statistics,9,2,2,P2,0.8596491228070176,0.8547996121525534,0.2300105870235711,0.0008048650342971,1.412043919819489e-05,4,231,57,False
within_session,no_ra,W2,oas_trace_eps1e-6,,ordered_nonoverlap,9,1,1,ordered_control,0.7894736842105263,0.8086978381096028,1.098812425043434,0.0191018809564411,0.000335120718534,4,231,57,False
within_session,no_ra,W2,oas_trace_eps1e-6,,ordered_nonoverlap,9,2,2,ordered_control,0.8947368421052632,0.885989010989011,1.1273783480282873,0.0195625440683215,0.0003432025275144,4,231,57,False
